1.0,0.0,3.00867640788e-13
1.0,1.0,1.0
1.0,1.0,0.999934008415
1.0,1.0,0.994245339799
1.0,1.0,1.0
1.0,0.0,7.16863381751e-15
1.0,0.0,5.36916064025e-16
1.0,1.0,1.0
1.0,1.0,0.795695368811
1.0,0.0,1.73155653466e-06
1.0,1.0,1.0
1.0,0.0,9.86688798628e-11
1.0,0.0,1.90883356426e-15
1.0,1.0,0.999999999511
1.0,1.0,0.99999999996
1.0,1.0,0.999998744317
1.0,1.0,1.0
1.0,1.0,1.0
1.0,0.0,0.0116134356001
1.0,0.0,1.39099484272e-15
1.0,1.0,1.0
1.0,1.0,1.0
1.0,1.0,1.0
1.0,0.0,3.30948289903e-15
1.0,1.0,1.0
1.0,1.0,1.0
1.0,1.0,0.861831227253
1.0,0.0,0.00121895187506
1.0,1.0,1.0
1.0,1.0,1.0
1.0,1.0,1.0
1.0,1.0,1.0
1.0,1.0,1.0
1.0,0.0,0.000185772558121
1.0,1.0,1.0
1.0,0.0,3.99691217647e-12
1.0,0.0,1.68295922212e-14
1.0,0.0,2.75047429859e-08
1.0,1.0,1.0
1.0,1.0,1.0
1.0,1.0,1.0
1.0,0.0,2.80089512296e-07
1.0,0.0,1.13440821478e-13
1.0,1.0,1.0
1.0,1.0,0.999999999993
1.0,1.0,0.999999986934
1.0,1.0,0.99999958645
1.0,0.0,0.000898068321919
1.0,0.0,2.71954726559e-11
1.0,1.0,1.0
1.0,1.0,0.999999999997
1.0,0.0,0.382901027718
1.0,1.0,0.999127820328
1.0,1.0,0.999992025401
1.0,1.0,1.0
1.0,1.0,1.0
1.0,1.0,1.0
1.0,1.0,1.0
1.0,1.0,1.0
1.0,1.0,1.0
1.0,1.0,1.0
1.0,1.0,1.0
1.0,1.0,1.0
1.0,0.0,0.0150094833477
1.0,0.0,8.44339577527e-15
1.0,1.0,1.0
1.0,1.0,0.999999402069
1.0,1.0,0.76954994104
1.0,1.0,0.999999999963
1.0,0.0,1.08879449501e-15
1.0,1.0,1.0
1.0,0.0,6.11978239754e-12
1.0,0.0,2.91872678816e-10
1.0,1.0,1.0
1.0,0.0,6.51808806255e-10
1.0,0.0,5.6212497193e-13
1.0,1.0,1.0
1.0,1.0,1.0
1.0,1.0,1.0
1.0,0.0,1.86840600899e-05
1.0,1.0,1.0
1.0,1.0,1.0
1.0,1.0,1.0
1.0,0.0,0.0326563194157
1.0,1.0,1.0
1.0,1.0,1.0
1.0,1.0,1.0
1.0,1.0,1.0
1.0,1.0,1.0
1.0,1.0,1.0
1.0,1.0,1.0
1.0,0.0,1.34074445965e-09
1.0,1.0,1.0
1.0,1.0,1.0
1.0,1.0,0.999779129216
1.0,1.0,1.0
1.0,1.0,1.0
1.0,0.0,6.21846381131e-15
1.0,1.0,1.0
1.0,1.0,1.0
1.0,1.0,1.0
1.0,1.0,1.0
1.0,1.0,1.0
1.0,1.0,0.999714702107
1.0,1.0,1.0
1.0,1.0,1.0
1.0,0.0,1.20384845428e-15
1.0,1.0,1.0
1.0,1.0,1.0
1.0,1.0,1.0
1.0,1.0,1.0
1.0,1.0,1.0
1.0,0.0,4.14942938244e-13
1.0,1.0,0.999595489659
1.0,0.0,1.22189744503e-16
1.0,1.0,1.0
1.0,1.0,1.0
1.0,1.0,0.999954699128
1.0,1.0,0.999982166992
1.0,1.0,1.0
1.0,1.0,1.0
1.0,1.0,1.0
1.0,1.0,1.0
1.0,1.0,1.0
1.0,1.0,1.0
1.0,1.0,1.0
1.0,1.0,1.0
1.0,0.0,0.000159749551521
1.0,1.0,1.0
1.0,1.0,1.0
1.0,1.0,1.0
1.0,1.0,1.0
1.0,1.0,1.0
1.0,0.0,1.14492823817e-14
1.0,1.0,1.0
1.0,1.0,1.0
1.0,1.0,1.0
1.0,1.0,0.999964131792
1.0,1.0,1.0
1.0,1.0,1.0
1.0,1.0,1.0
1.0,1.0,1.0
1.0,1.0,0.99999951504
1.0,1.0,1.0
1.0,1.0,0.998642161661
1.0,1.0,0.999795428079
1.0,1.0,1.0
1.0,1.0,1.0
1.0,0.0,3.40370273671e-10
1.0,1.0,1.0
1.0,0.0,4.94299273606e-10
1.0,0.0,1.12458628153e-13
1.0,0.0,1.8650128054e-10
1.0,1.0,1.0
1.0,1.0,1.0
1.0,1.0,1.0
1.0,1.0,1.0
1.0,0.0,1.8790033856e-15
1.0,1.0,0.955164583655
1.0,0.0,1.50814928815e-11
1.0,0.0,4.08799391275e-14
1.0,1.0,1.0
1.0,1.0,1.0
1.0,1.0,1.0
1.0,1.0,0.999998399043
1.0,1.0,1.0
1.0,0.0,4.68188181465e-15
1.0,1.0,1.0
1.0,1.0,1.0
1.0,1.0,1.0
1.0,1.0,0.999999915845
1.0,1.0,1.0
1.0,1.0,1.0
1.0,0.0,5.11716829219e-16
1.0,1.0,1.0
1.0,0.0,3.12908914945e-10
1.0,1.0,1.0
1.0,0.0,1.47905756761e-05
1.0,1.0,1.0
1.0,0.0,4.2900097132e-16
1.0,0.0,1.35668967591e-15
1.0,0.0,7.27978010047e-05
1.0,1.0,1.0
1.0,0.0,1.08615907127e-14
1.0,1.0,1.0
1.0,0.0,1.73631113479e-14
1.0,1.0,1.0
1.0,0.0,5.18612971886e-16
1.0,0.0,7.38903537411e-14
1.0,1.0,1.0
1.0,1.0,1.0
1.0,1.0,1.0
1.0,1.0,1.0
1.0,1.0,1.0
1.0,0.0,0.209486907907
1.0,1.0,1.0
1.0,0.0,7.7968419476e-10
1.0,0.0,6.92763030647e-15
1.0,0.0,2.95513227002e-16
1.0,1.0,1.0
1.0,1.0,1.0
1.0,1.0,0.999999999878
1.0,1.0,1.0
1.0,1.0,1.0
1.0,1.0,1.0
1.0,0.0,9.63820369462e-15
1.0,1.0,1.0
1.0,1.0,1.0
1.0,1.0,1.0
1.0,1.0,1.0
1.0,1.0,1.0
1.0,0.0,3.17345521011e-14
1.0,1.0,1.0
1.0,0.0,0.0119369915098
1.0,1.0,1.0
1.0,1.0,1.0
1.0,1.0,1.0
1.0,1.0,1.0
1.0,1.0,1.0
1.0,0.0,3.78573787242e-14
1.0,0.0,1.48899026211e-13
1.0,1.0,1.0
1.0,0.0,2.00157407757e-12
1.0,0.0,2.69447600356e-16
1.0,1.0,1.0
1.0,0.0,1.81699310495e-16
1.0,1.0,0.999999999995
1.0,1.0,1.0
1.0,0.0,3.01450717102e-11
1.0,1.0,1.0
1.0,0.0,1.63839509839e-12
1.0,0.0,5.75580689978e-16
1.0,1.0,1.0
1.0,1.0,1.0
1.0,1.0,1.0
1.0,0.0,2.32813394019e-05
1.0,0.0,0.465811259892
1.0,1.0,1.0
1.0,1.0,1.0
1.0,1.0,1.0
1.0,1.0,1.0
1.0,1.0,1.0
1.0,1.0,0.995673166906
1.0,1.0,1.0
1.0,0.0,6.74894446473e-07
1.0,1.0,1.0
1.0,1.0,1.0
1.0,1.0,1.0
1.0,1.0,0.975304943216
1.0,1.0,1.0
1.0,1.0,0.994864098265
1.0,1.0,1.0
1.0,1.0,0.99951243084
1.0,1.0,0.999999999985
1.0,0.0,9.75434089313e-16
1.0,1.0,1.0
1.0,1.0,1.0
1.0,0.0,1.7684020305e-11
1.0,0.0,1.80307515423e-06
1.0,1.0,1.0
1.0,1.0,0.999999999999
1.0,1.0,1.0
1.0,1.0,1.0
1.0,1.0,1.0
1.0,0.0,2.4530484557e-15
1.0,1.0,1.0
1.0,1.0,1.0
1.0,1.0,1.0
1.0,1.0,1.0
1.0,1.0,1.0
1.0,1.0,1.0
1.0,0.0,8.2273698795e-08
1.0,0.0,0.156194831239
1.0,1.0,1.0
1.0,1.0,1.0
1.0,1.0,1.0
1.0,1.0,1.0
1.0,1.0,1.0
1.0,1.0,1.0
1.0,0.0,1.7423462125e-14
1.0,1.0,1.0
1.0,1.0,1.0
1.0,1.0,1.0
1.0,1.0,1.0
1.0,1.0,0.999976555045
1.0,0.0,0.305699313936
1.0,1.0,1.0
1.0,1.0,1.0
1.0,0.0,1.00937692943e-15
1.0,1.0,1.0
1.0,1.0,1.0
1.0,1.0,1.0
1.0,1.0,1.0
1.0,1.0,1.0
1.0,0.0,2.13117741349e-09
1.0,0.0,0.0844103215543
1.0,1.0,1.0
1.0,0.0,0.100088169546
1.0,1.0,0.999999994381
1.0,1.0,1.0
1.0,1.0,1.0
1.0,1.0,1.0
1.0,0.0,3.6096546753e-08
1.0,0.0,1.04422081567e-12
1.0,1.0,1.0
1.0,1.0,1.0
1.0,0.0,0.00114630385827
1.0,0.0,6.34705842403e-14
1.0,1.0,1.0
1.0,1.0,1.0
1.0,1.0,0.999999999994
1.0,1.0,0.999999941325
1.0,0.0,4.81487518923e-16
1.0,1.0,1.0
1.0,0.0,2.31272080094e-13
1.0,1.0,1.0
1.0,1.0,1.0
1.0,1.0,1.0
1.0,1.0,0.999999999515
1.0,1.0,1.0
1.0,1.0,1.0
1.0,0.0,3.99009883557e-16
1.0,1.0,1.0
1.0,0.0,4.39317245735e-07
1.0,1.0,1.0
1.0,1.0,1.0
1.0,1.0,0.999999999998
1.0,1.0,0.999999984989
1.0,1.0,0.999999999999
1.0,1.0,1.0
1.0,0.0,4.85852589155e-14
1.0,1.0,1.0
1.0,1.0,1.0
1.0,1.0,1.0
1.0,1.0,1.0
1.0,0.0,1.65313368177e-11
1.0,0.0,3.92328078332e-14
1.0,1.0,0.999982249191
1.0,1.0,1.0
1.0,0.0,5.81441679331e-14
1.0,0.0,2.44403262316e-15
1.0,0.0,9.53279134871e-16
1.0,1.0,1.0
1.0,1.0,1.0
1.0,1.0,0.999990349545
1.0,0.0,8.44456650213e-07
1.0,1.0,1.0
1.0,1.0,1.0
1.0,1.0,1.0
1.0,1.0,1.0
1.0,0.0,3.2956875155e-12
1.0,1.0,1.0
1.0,0.0,2.01052407391e-06
1.0,0.0,0.000667924330898
1.0,0.0,3.68837766753e-14
1.0,1.0,1.0
1.0,1.0,1.0
1.0,1.0,1.0
1.0,1.0,1.0
1.0,1.0,1.0
1.0,1.0,1.0
1.0,1.0,1.0
1.0,0.0,2.65295706418e-08
1.0,1.0,1.0
1.0,1.0,1.0
1.0,1.0,1.0
1.0,0.0,5.97631733485e-05
1.0,1.0,1.0
1.0,1.0,1.0
1.0,1.0,1.0
1.0,1.0,1.0
1.0,1.0,1.0
1.0,0.0,1.86539805684e-07
1.0,0.0,8.55722854009e-12
1.0,1.0,1.0
1.0,1.0,1.0
1.0,1.0,0.991760395825
1.0,1.0,1.0
1.0,1.0,0.725453853054
1.0,1.0,1.0
1.0,1.0,1.0
1.0,0.0,4.74693731519e-07
1.0,0.0,6.22983079753e-06
1.0,0.0,6.12146202516e-09
1.0,1.0,1.0
1.0,1.0,1.0
1.0,0.0,1.20593082049e-13
1.0,0.0,0.17069677113
1.0,1.0,1.0
1.0,0.0,1.33788510341e-14
1.0,1.0,0.999999992673
1.0,1.0,1.0
1.0,0.0,2.23733684079e-14
1.0,1.0,1.0
1.0,0.0,1.93917325063e-16
1.0,0.0,2.28342156768e-05
1.0,1.0,1.0
1.0,1.0,1.0
1.0,1.0,1.0
1.0,1.0,1.0
1.0,1.0,1.0
1.0,1.0,1.0
1.0,1.0,1.0
1.0,1.0,1.0
1.0,1.0,1.0
1.0,1.0,1.0
1.0,1.0,1.0
1.0,0.0,9.24679291281e-12
1.0,0.0,0.000253710507138
1.0,1.0,1.0
1.0,0.0,7.63990810915e-07
1.0,0.0,1.18844447231e-08
1.0,1.0,1.0
1.0,0.0,1.00597556879e-13
1.0,0.0,1.08509188999e-08
1.0,0.0,9.26459120489e-16
1.0,1.0,1.0
1.0,1.0,1.0
1.0,1.0,1.0
1.0,1.0,1.0
1.0,1.0,1.0
1.0,1.0,1.0
1.0,1.0,1.0
1.0,1.0,0.998346856407
1.0,1.0,1.0
1.0,1.0,1.0
1.0,0.0,1.98740627586e-06
1.0,1.0,1.0
1.0,0.0,2.72625148282e-09
1.0,0.0,2.64299455121e-15
1.0,0.0,3.84035625225e-07
1.0,1.0,1.0
1.0,1.0,1.0
1.0,0.0,6.84063733719e-07
1.0,1.0,1.0
1.0,0.0,8.68147715544e-05
1.0,1.0,1.0
1.0,1.0,1.0
1.0,1.0,0.999888387096
1.0,1.0,0.999777691536
1.0,1.0,1.0
1.0,1.0,1.0
1.0,0.0,2.71275989025e-16
1.0,1.0,1.0
1.0,1.0,1.0
1.0,1.0,1.0
1.0,1.0,1.0
1.0,1.0,1.0
1.0,1.0,1.0
1.0,1.0,1.0
1.0,0.0,1.05674815439e-14
1.0,1.0,1.0
1.0,1.0,1.0
1.0,1.0,1.0
1.0,1.0,1.0
1.0,1.0,1.0
1.0,1.0,1.0
1.0,1.0,1.0
1.0,0.0,0.000516076623375
1.0,1.0,1.0
1.0,1.0,1.0
1.0,0.0,2.26129935222e-15
1.0,1.0,1.0
1.0,1.0,1.0
1.0,1.0,1.0
1.0,1.0,1.0
1.0,1.0,0.999998614012
1.0,1.0,0.995617585459
1.0,0.0,0.000711897143511
1.0,1.0,0.999999980869
1.0,0.0,0.468000866946
1.0,0.0,2.26790170876e-07
1.0,0.0,1.40980244281e-15
1.0,0.0,4.98329528989e-13
1.0,1.0,1.0
1.0,1.0,1.0
1.0,1.0,1.0
1.0,1.0,0.999999999845
1.0,1.0,1.0
1.0,0.0,1.42771246875e-07
1.0,1.0,1.0
1.0,1.0,1.0
1.0,0.0,0.000179045140131
1.0,0.0,1.58997161681e-14
1.0,1.0,1.0
1.0,1.0,0.760411926593
1.0,1.0,1.0
1.0,1.0,1.0
1.0,0.0,0.000450491452577
1.0,1.0,1.0
1.0,0.0,0.0863946090267
1.0,0.0,2.09154607625e-14
1.0,1.0,1.0
1.0,0.0,3.19868198273e-12
1.0,0.0,3.51879711229e-05
1.0,1.0,0.999999999839
1.0,1.0,0.999992228496
1.0,0.0,0.0611192737286
1.0,0.0,1.47587950371e-12
1.0,0.0,2.17946923402e-09
1.0,1.0,1.0
1.0,1.0,0.999999611318
1.0,0.0,0.00086462427006
1.0,1.0,1.0
1.0,1.0,1.0
1.0,1.0,0.605247010246
1.0,0.0,4.95512132968e-14
1.0,1.0,1.0
1.0,0.0,0.000221330282057
1.0,1.0,1.0
1.0,1.0,0.957241600023
1.0,1.0,1.0
1.0,1.0,1.0
1.0,1.0,1.0
1.0,1.0,1.0
1.0,1.0,1.0
1.0,0.0,1.71502152556e-12
1.0,1.0,1.0
1.0,1.0,1.0
1.0,1.0,1.0
1.0,1.0,1.0
1.0,1.0,1.0
1.0,1.0,1.0
1.0,1.0,1.0
1.0,1.0,1.0
1.0,0.0,0.00049868746927
1.0,1.0,1.0
1.0,1.0,0.999922351734
1.0,0.0,0.000307902959543
1.0,1.0,1.0
1.0,1.0,1.0
1.0,1.0,0.999999999983
1.0,0.0,1.8463329361e-12
1.0,1.0,1.0
1.0,1.0,1.0
1.0,0.0,0.0866079017259
1.0,1.0,1.0
1.0,0.0,6.32318972591e-11
1.0,1.0,1.0
1.0,1.0,1.0
1.0,1.0,1.0
1.0,0.0,2.15607549676e-11
1.0,1.0,1.0
1.0,1.0,0.999999925157
1.0,1.0,1.0
1.0,1.0,1.0
1.0,0.0,9.01265381816e-12
1.0,1.0,1.0
1.0,1.0,1.0
1.0,1.0,1.0
1.0,1.0,1.0
1.0,0.0,4.25821489992e-09
1.0,1.0,1.0
1.0,1.0,1.0
1.0,1.0,1.0
1.0,1.0,1.0
1.0,1.0,1.0
1.0,1.0,1.0
1.0,1.0,1.0
1.0,1.0,1.0
1.0,1.0,1.0
1.0,1.0,1.0
1.0,1.0,0.567168445599
1.0,0.0,5.03086406231e-11
1.0,1.0,1.0
1.0,0.0,8.6548095394e-15
1.0,1.0,0.999989156728
1.0,0.0,4.93539884445e-13
1.0,1.0,1.0
1.0,1.0,1.0
1.0,1.0,1.0
1.0,0.0,1.17796079243e-10
1.0,1.0,1.0
1.0,1.0,1.0
1.0,1.0,1.0
1.0,1.0,1.0
1.0,1.0,1.0
1.0,0.0,8.33987515028e-11
1.0,1.0,0.999999999911
1.0,1.0,1.0
1.0,0.0,0.154102926157
1.0,1.0,1.0
1.0,1.0,1.0
1.0,0.0,2.64326913049e-11
1.0,0.0,4.40355511145e-08
1.0,1.0,0.946742487151
1.0,1.0,1.0
1.0,0.0,0.00141023482293
1.0,1.0,1.0
1.0,1.0,0.99999582616
1.0,1.0,0.999999922841
1.0,0.0,4.77704623699e-12
1.0,1.0,1.0
1.0,1.0,0.999993022629
1.0,1.0,1.0
1.0,0.0,1.41490696777e-15
1.0,0.0,3.43413435528e-14
1.0,1.0,1.0
1.0,1.0,1.0
1.0,1.0,1.0
1.0,1.0,1.0
1.0,1.0,1.0
1.0,0.0,0.00531356232214
1.0,1.0,1.0
1.0,0.0,1.56195866704e-12
1.0,0.0,3.09196515659e-13
1.0,1.0,1.0
1.0,0.0,4.68640253357e-13
1.0,1.0,1.0
1.0,1.0,1.0
1.0,0.0,0.011718528258
1.0,1.0,1.0
1.0,1.0,0.966590310453
1.0,1.0,1.0
1.0,1.0,0.999581405131
1.0,1.0,1.0
1.0,1.0,1.0
1.0,1.0,1.0
1.0,0.0,2.48506283507e-11
1.0,1.0,1.0
1.0,1.0,1.0
1.0,1.0,1.0
1.0,1.0,1.0
1.0,1.0,1.0
1.0,1.0,1.0
1.0,1.0,1.0
1.0,1.0,1.0
1.0,1.0,1.0
1.0,1.0,1.0
1.0,1.0,1.0
1.0,1.0,1.0
1.0,0.0,0.150250128909
1.0,0.0,0.000221178389853
1.0,1.0,1.0
1.0,1.0,1.0
1.0,1.0,1.0
1.0,1.0,1.0
1.0,1.0,0.810326087628
1.0,0.0,0.00018913089795
1.0,1.0,1.0
1.0,0.0,1.78605302013e-10
1.0,1.0,1.0
1.0,1.0,1.0
1.0,1.0,1.0
1.0,0.0,8.37370454695e-15
1.0,1.0,1.0
1.0,1.0,1.0
1.0,0.0,7.06828508098e-05
1.0,0.0,1.73815414487e-13
1.0,1.0,1.0
1.0,1.0,1.0
1.0,0.0,2.30113629009e-06
1.0,1.0,1.0
1.0,1.0,1.0
1.0,1.0,1.0
1.0,1.0,1.0
1.0,1.0,1.0
1.0,0.0,3.98675504258e-11
1.0,1.0,1.0
1.0,1.0,1.0
1.0,1.0,1.0
1.0,1.0,1.0
1.0,1.0,1.0
1.0,1.0,1.0
1.0,0.0,2.51143513427e-10
1.0,1.0,0.999999998449
1.0,1.0,1.0
1.0,0.0,3.32762745215e-15
1.0,1.0,1.0
1.0,1.0,0.999999999916
1.0,1.0,1.0
1.0,1.0,1.0
1.0,1.0,1.0
1.0,1.0,1.0
1.0,1.0,1.0
1.0,1.0,1.0
1.0,1.0,1.0
1.0,1.0,1.0
1.0,0.0,4.6640835489e-16
1.0,0.0,1.51548455684e-13
1.0,0.0,5.1014641492e-11
1.0,1.0,0.999857149799
1.0,0.0,2.11018964221e-11
1.0,1.0,1.0
1.0,1.0,1.0
1.0,1.0,0.739499043522
1.0,0.0,1.97254912535e-12
1.0,1.0,1.0
1.0,0.0,1.55818815399e-12
1.0,1.0,1.0
1.0,0.0,0.258991195367
1.0,1.0,1.0
1.0,1.0,0.999999999998
1.0,1.0,1.0
1.0,1.0,1.0
1.0,1.0,0.999986970144
1.0,1.0,0.99814306578
1.0,1.0,1.0
1.0,1.0,1.0
1.0,1.0,1.0
1.0,0.0,5.50550753571e-14
1.0,1.0,1.0
1.0,1.0,1.0
1.0,1.0,1.0
1.0,1.0,1.0
1.0,1.0,1.0
1.0,0.0,6.26056247089e-16
1.0,0.0,7.16368164156e-16
1.0,1.0,1.0
1.0,1.0,1.0
1.0,1.0,1.0
1.0,1.0,1.0
1.0,0.0,8.60846674461e-15
1.0,0.0,8.57725370393e-13
1.0,1.0,1.0
1.0,1.0,1.0
1.0,1.0,1.0
1.0,1.0,1.0
1.0,1.0,1.0
1.0,1.0,1.0
1.0,0.0,1.67867098363e-06
1.0,1.0,1.0
1.0,0.0,2.07652234224e-09
1.0,1.0,1.0
1.0,1.0,1.0
1.0,0.0,0.00176425302329
1.0,1.0,1.0
1.0,1.0,1.0
1.0,1.0,1.0
1.0,0.0,0.00516919864867
1.0,1.0,1.0
1.0,1.0,1.0
1.0,0.0,5.55031751089e-15
1.0,1.0,1.0
1.0,1.0,1.0
1.0,1.0,1.0
1.0,1.0,0.999139075478
1.0,0.0,9.8512646212e-10
1.0,1.0,1.0
1.0,1.0,1.0
1.0,1.0,1.0
1.0,1.0,1.0
1.0,1.0,1.0
1.0,1.0,1.0
1.0,0.0,1.7173294298e-12
1.0,1.0,0.999990913796
1.0,0.0,1.19178843993e-08
1.0,1.0,1.0
1.0,1.0,1.0
1.0,0.0,2.72785738247e-07
1.0,1.0,1.0
1.0,1.0,1.0
1.0,0.0,0.497710705617
1.0,1.0,1.0
1.0,1.0,0.999927279902
1.0,1.0,1.0
1.0,1.0,1.0
1.0,0.0,5.00049398212e-05
1.0,1.0,1.0
1.0,1.0,1.0
1.0,1.0,1.0
1.0,0.0,2.7838822764e-16
1.0,0.0,0.0133905278935
1.0,1.0,1.0
1.0,1.0,1.0
1.0,1.0,0.999251810536
1.0,1.0,0.999999999938
1.0,1.0,1.0
1.0,1.0,1.0
1.0,1.0,1.0
1.0,1.0,0.999999990529
1.0,0.0,1.16675362608e-14
1.0,1.0,1.0
1.0,1.0,1.0
1.0,1.0,1.0
1.0,1.0,1.0
1.0,0.0,0.000199412632139
1.0,0.0,4.20944021741e-15
1.0,1.0,1.0
1.0,1.0,0.999999994554
1.0,0.0,7.51177108067e-16
1.0,1.0,1.0
1.0,1.0,1.0
1.0,1.0,0.999999933777
1.0,1.0,1.0
1.0,1.0,1.0
1.0,1.0,1.0
1.0,1.0,1.0
1.0,0.0,1.15459255672e-10
1.0,1.0,0.999999999999
1.0,1.0,1.0
1.0,0.0,4.87351758188e-16
1.0,1.0,0.89065401053
1.0,1.0,0.999999999922
1.0,0.0,3.42095242321e-16
1.0,1.0,1.0
1.0,1.0,1.0
1.0,0.0,1.82370857803e-08
1.0,1.0,1.0
1.0,1.0,1.0
1.0,0.0,1.2220807915e-14
1.0,0.0,7.18330907488e-08
1.0,1.0,1.0
1.0,1.0,0.970500415734
1.0,0.0,9.5020710739e-10
1.0,1.0,1.0
1.0,1.0,1.0
1.0,1.0,1.0
1.0,1.0,1.0
1.0,1.0,0.540581230059
1.0,1.0,1.0
1.0,1.0,1.0
1.0,1.0,1.0
1.0,0.0,3.03913131202e-16
1.0,1.0,1.0
1.0,1.0,0.998829792621
1.0,1.0,0.99999997081
1.0,1.0,1.0
1.0,0.0,1.95036789085e-14
1.0,1.0,1.0
1.0,1.0,1.0
1.0,1.0,1.0
1.0,1.0,1.0
1.0,1.0,1.0
1.0,1.0,1.0
1.0,1.0,1.0
1.0,1.0,1.0
1.0,1.0,1.0
1.0,1.0,1.0
1.0,1.0,1.0
1.0,1.0,1.0
1.0,0.0,3.14330677947e-07
1.0,0.0,1.38994426444e-12
1.0,1.0,1.0
1.0,1.0,1.0
1.0,1.0,1.0
1.0,1.0,1.0
1.0,1.0,1.0
1.0,1.0,1.0
1.0,1.0,1.0
1.0,0.0,5.7801695377e-10
1.0,1.0,1.0
1.0,1.0,0.999999952704
1.0,1.0,1.0
1.0,0.0,0.00214479783427
1.0,1.0,1.0
1.0,1.0,1.0
1.0,1.0,1.0
1.0,0.0,0.000477131240166
1.0,0.0,4.99723101565e-13
1.0,1.0,1.0
1.0,1.0,1.0
1.0,1.0,1.0
1.0,1.0,1.0
1.0,1.0,1.0
1.0,1.0,1.0
1.0,0.0,6.77208835881e-15
1.0,1.0,1.0
1.0,1.0,1.0
1.0,0.0,1.374433758e-14
1.0,1.0,0.999999533942
1.0,1.0,1.0
1.0,1.0,1.0
1.0,0.0,2.38857636763e-13
1.0,1.0,1.0
1.0,1.0,1.0
1.0,1.0,1.0
1.0,0.0,0.000765576316564
1.0,0.0,4.26565080133e-12
1.0,1.0,1.0
1.0,1.0,1.0
1.0,1.0,1.0
1.0,1.0,1.0
1.0,1.0,1.0
1.0,1.0,1.0
1.0,1.0,1.0
1.0,1.0,1.0
1.0,1.0,1.0
1.0,1.0,1.0
1.0,1.0,1.0
1.0,0.0,1.60839893103e-11
1.0,0.0,2.27664471176e-14
1.0,1.0,1.0
1.0,1.0,1.0
1.0,1.0,1.0
1.0,0.0,2.93586973623e-05
1.0,1.0,1.0
1.0,1.0,1.0
1.0,1.0,0.999999998662
1.0,0.0,0.0199673955337
1.0,1.0,1.0
1.0,1.0,1.0
1.0,1.0,1.0
1.0,1.0,1.0
1.0,1.0,1.0
1.0,1.0,1.0
1.0,1.0,1.0
1.0,1.0,1.0
1.0,0.0,1.14106398078e-10
1.0,1.0,1.0
1.0,1.0,1.0
1.0,1.0,1.0
1.0,1.0,1.0
1.0,1.0,0.588199698028
1.0,1.0,1.0
1.0,0.0,2.1557403088e-14
1.0,0.0,0.185109019483
1.0,0.0,6.44640437384e-09
1.0,1.0,1.0
1.0,1.0,0.999998489622
1.0,1.0,1.0
1.0,0.0,0.386827115291
1.0,1.0,1.0
1.0,1.0,1.0
1.0,1.0,1.0
1.0,1.0,1.0
1.0,0.0,3.0410171115e-13
1.0,1.0,1.0
1.0,1.0,1.0
1.0,1.0,1.0
1.0,0.0,1.25991750089e-11
1.0,1.0,1.0
1.0,1.0,1.0
1.0,1.0,0.716396609038
1.0,0.0,2.4030652019e-14
1.0,1.0,1.0
1.0,1.0,1.0
1.0,1.0,0.968507220993
1.0,1.0,1.0
1.0,1.0,0.999999854139
1.0,0.0,3.2159557313e-12
1.0,1.0,1.0
1.0,1.0,1.0
1.0,1.0,1.0
1.0,1.0,1.0
1.0,0.0,8.97622016532e-10
1.0,1.0,1.0
1.0,1.0,1.0
1.0,1.0,1.0
1.0,0.0,1.80349152961e-12
1.0,1.0,1.0
1.0,1.0,1.0
1.0,1.0,1.0
1.0,1.0,0.985944410569
1.0,0.0,1.56608629801e-14
1.0,1.0,0.817134575961
1.0,1.0,1.0
1.0,1.0,1.0
1.0,1.0,1.0
1.0,1.0,1.0
1.0,1.0,1.0
1.0,0.0,1.82415558339e-07
1.0,1.0,1.0
1.0,1.0,1.0
1.0,1.0,1.0
1.0,1.0,0.999999953583
1.0,1.0,1.0
1.0,0.0,6.21141457759e-14
1.0,1.0,0.672510828857
1.0,1.0,1.0
1.0,1.0,1.0
1.0,1.0,1.0
1.0,1.0,1.0
1.0,1.0,1.0
1.0,0.0,2.72357034875e-12
1.0,1.0,1.0
1.0,0.0,0.02324482585
1.0,1.0,1.0
1.0,1.0,1.0
1.0,1.0,1.0
1.0,1.0,0.974650388523
1.0,1.0,1.0
1.0,0.0,1.29453265972e-07
1.0,1.0,1.0
1.0,1.0,1.0
1.0,1.0,1.0
1.0,0.0,2.51589838593e-08
1.0,0.0,1.23127548794e-15
1.0,1.0,1.0
1.0,0.0,2.93823403992e-10
1.0,1.0,1.0
1.0,1.0,1.0
1.0,1.0,1.0
1.0,0.0,3.10893925491e-09
1.0,1.0,1.0
1.0,1.0,1.0
1.0,0.0,4.06552278073e-13
1.0,1.0,1.0
1.0,1.0,1.0
1.0,1.0,1.0
1.0,0.0,3.86361977304e-13
1.0,0.0,0.000162592448359
1.0,1.0,1.0
1.0,1.0,1.0
1.0,1.0,1.0
1.0,1.0,1.0
1.0,1.0,1.0
1.0,0.0,0.0268123933231
1.0,1.0,1.0
1.0,1.0,1.0
1.0,0.0,1.56543544929e-09
1.0,1.0,1.0
1.0,1.0,1.0
1.0,0.0,2.6173681459e-14
1.0,0.0,2.49857717279e-11
1.0,1.0,1.0
1.0,1.0,1.0
1.0,1.0,0.980071863894
1.0,1.0,1.0
1.0,1.0,1.0
1.0,1.0,1.0
1.0,1.0,1.0
1.0,1.0,1.0
1.0,1.0,1.0
1.0,1.0,1.0
1.0,1.0,1.0
1.0,1.0,1.0
1.0,1.0,1.0
1.0,0.0,2.58003181506e-15
1.0,1.0,0.997107276255
1.0,0.0,8.76566715573e-06
1.0,1.0,0.999999994457
1.0,1.0,1.0
1.0,1.0,1.0
1.0,1.0,1.0
1.0,1.0,1.0
1.0,1.0,1.0
1.0,1.0,1.0
1.0,1.0,1.0
1.0,1.0,1.0
1.0,1.0,1.0
1.0,0.0,2.13903043468e-06
1.0,0.0,0.000172626186145
1.0,1.0,1.0
1.0,1.0,1.0
1.0,1.0,1.0
1.0,1.0,1.0
1.0,0.0,5.8450731792e-11
1.0,0.0,8.60193661599e-11
1.0,1.0,0.999870150749
1.0,1.0,0.999999942145
1.0,1.0,1.0
1.0,1.0,1.0
1.0,1.0,0.999921735043
1.0,1.0,1.0
1.0,1.0,1.0
1.0,0.0,1.2200958862e-12
1.0,1.0,1.0
1.0,1.0,1.0
1.0,1.0,1.0
1.0,1.0,1.0
1.0,1.0,1.0
1.0,1.0,1.0
1.0,1.0,1.0
1.0,0.0,5.07829971928e-10
1.0,1.0,0.999999999988
1.0,1.0,1.0
1.0,1.0,1.0
1.0,1.0,1.0
1.0,0.0,8.66596452053e-05
1.0,0.0,0.0810489496959
1.0,1.0,1.0
1.0,1.0,1.0
1.0,0.0,0.00918595032343
1.0,0.0,7.39679090422e-14
1.0,1.0,1.0
1.0,1.0,1.0
1.0,1.0,1.0
1.0,1.0,1.0
1.0,1.0,1.0
1.0,1.0,1.0
1.0,1.0,1.0
1.0,0.0,1.95619426013e-11
1.0,1.0,1.0
1.0,1.0,1.0
1.0,1.0,1.0
1.0,1.0,1.0
1.0,0.0,2.97108976322e-11
1.0,0.0,8.77031535374e-15
1.0,1.0,1.0
1.0,1.0,1.0
1.0,1.0,1.0
1.0,0.0,1.14308478097e-14
1.0,1.0,1.0
1.0,1.0,0.999999987618
1.0,0.0,8.7855821564e-05
1.0,1.0,1.0
1.0,1.0,1.0
1.0,1.0,1.0
1.0,1.0,1.0
1.0,1.0,0.997462309595
1.0,1.0,1.0
1.0,1.0,1.0
1.0,1.0,1.0
1.0,1.0,1.0
1.0,1.0,1.0
1.0,1.0,1.0
1.0,1.0,1.0
1.0,0.0,3.05392788262e-09
1.0,1.0,1.0
1.0,1.0,1.0
1.0,0.0,1.4408489687e-05
1.0,1.0,1.0
1.0,1.0,1.0
1.0,1.0,0.999999999856
1.0,0.0,3.86389502771e-07
1.0,1.0,1.0
1.0,1.0,1.0
1.0,1.0,1.0
1.0,1.0,1.0
1.0,1.0,1.0
1.0,0.0,1.17320835705e-06
1.0,1.0,1.0
1.0,1.0,0.999999869006
1.0,1.0,0.999638533034
1.0,1.0,0.99999999997
1.0,1.0,1.0
1.0,1.0,1.0
1.0,1.0,1.0
1.0,1.0,1.0
1.0,1.0,1.0
1.0,0.0,0.000909598789614
1.0,1.0,1.0
1.0,1.0,1.0
1.0,1.0,1.0
1.0,0.0,6.74637227643e-14
1.0,1.0,1.0
1.0,1.0,0.990057714832
1.0,1.0,1.0
1.0,1.0,1.0
0.0,1.0,0.999999999498
0.0,0.0,2.87039977159e-14
0.0,0.0,1.63854551289e-12
0.0,0.0,1.93709897472e-16
0.0,0.0,1.51454591033e-15
0.0,0.0,1.29157696488e-14
0.0,0.0,3.69817617599e-13
0.0,0.0,4.09461763284e-13
0.0,0.0,3.80845833554e-16
0.0,0.0,2.2435055817e-14
0.0,0.0,1.47942973918e-14
0.0,0.0,1.51090029846e-16
0.0,0.0,3.96519914019e-16
0.0,0.0,9.56546305045e-15
0.0,0.0,9.05962285062e-16
0.0,0.0,1.29481186203e-14
0.0,0.0,2.88691429015e-09
0.0,0.0,1.38691164642e-11
0.0,0.0,3.88352555516e-08
0.0,0.0,4.39798959473e-12
0.0,0.0,9.97094515564e-16
0.0,0.0,2.52642439712e-15
0.0,0.0,5.60392384223e-13
0.0,1.0,0.999455248654
0.0,0.0,1.38096651479e-11
0.0,0.0,4.55864791097e-14
0.0,0.0,5.54691290794e-06
0.0,0.0,8.84063584516e-16
0.0,0.0,1.99517379257e-10
0.0,0.0,0.000185400763931
0.0,0.0,5.33201988706e-12
0.0,1.0,0.999812876987
0.0,0.0,5.19130141797e-15
0.0,0.0,2.80951526465e-10
0.0,0.0,4.49365338801e-14
0.0,0.0,2.44777092485e-08
0.0,0.0,1.27194103778e-13
0.0,0.0,1.10037289559e-07
0.0,0.0,2.37723838743e-12
0.0,0.0,0.000131873480639
0.0,0.0,1.40813802976e-06
0.0,0.0,2.42054540317e-11
0.0,0.0,4.95262907733e-11
0.0,0.0,9.52234814303e-14
0.0,0.0,5.2032483319e-13
0.0,0.0,4.73290301925e-16
0.0,0.0,4.84850371588e-06
0.0,1.0,1.0
0.0,0.0,9.7848502569e-09
0.0,0.0,0.439964578997
0.0,0.0,2.00359165488e-15
0.0,0.0,2.30415270301e-14
0.0,0.0,1.29985569639e-14
0.0,0.0,2.55893832344e-14
0.0,0.0,1.08397266961e-14
0.0,1.0,0.999999999803
0.0,0.0,1.02188731219e-14
0.0,0.0,3.36060009951e-15
0.0,0.0,3.90798002142e-16
0.0,0.0,0.0904072916953
0.0,0.0,1.23138537304e-11
0.0,0.0,1.36176458738e-13
0.0,0.0,3.02594701497e-10
0.0,0.0,1.58787033718e-15
0.0,0.0,1.16481820277e-15
0.0,0.0,1.13048325496e-15
0.0,0.0,7.95272185332e-16
0.0,0.0,2.23840792884e-14
0.0,0.0,1.31378211425e-12
0.0,0.0,0.126939392391
0.0,0.0,9.45533461976e-09
0.0,0.0,3.79098623398e-13
0.0,0.0,1.07627531999e-13
0.0,0.0,3.55752601308e-14
0.0,0.0,7.14090276696e-09
0.0,0.0,3.63354522806e-14
0.0,0.0,0.000555768771213
0.0,0.0,3.77867397534e-13
0.0,0.0,2.01406296773e-16
0.0,0.0,7.18654603132e-07
0.0,1.0,0.954276584893
0.0,0.0,2.50266412364e-05
0.0,0.0,3.36780783676e-15
0.0,0.0,7.82722152504e-13
0.0,0.0,3.84850212315e-16
0.0,0.0,1.32819228008e-07
0.0,0.0,6.55394361414e-13
0.0,0.0,3.6299670725e-06
0.0,0.0,2.48815177854e-09
0.0,0.0,9.8348564735e-13
0.0,0.0,8.64688582339e-16
0.0,0.0,1.48446139906e-10
0.0,0.0,2.92520083786e-07
0.0,0.0,7.13396318462e-12
0.0,0.0,1.7940479654e-16
0.0,0.0,2.91342311682e-08
0.0,0.0,3.08921845168e-16
0.0,0.0,1.95095362445e-16
0.0,0.0,6.52821781789e-12
0.0,0.0,2.66517542806e-14
0.0,0.0,1.16773538889e-11
0.0,0.0,8.02771327429e-09
0.0,0.0,1.44939356637e-15
0.0,0.0,1.0121141195e-14
0.0,0.0,5.50361526659e-16
0.0,0.0,1.74947246146e-15
0.0,0.0,8.91278705436e-05
0.0,0.0,2.02730520402e-15
0.0,0.0,0.000379503905098
0.0,0.0,2.12732921371e-15
0.0,0.0,1.42231846134e-10
0.0,0.0,3.84109988791e-08
0.0,0.0,5.09979900584e-07
0.0,0.0,8.79295902572e-16
0.0,0.0,5.36770487291e-15
0.0,0.0,5.60978132458e-13
0.0,0.0,3.66450705779e-14
0.0,0.0,1.79977219426e-12
0.0,0.0,7.95541746736e-15
0.0,0.0,7.56185054325e-13
0.0,0.0,1.36333911807e-10
0.0,0.0,2.72391179582e-13
0.0,1.0,0.734378129834
0.0,0.0,2.29287611481e-12
0.0,1.0,0.884575661183
0.0,0.0,1.29191428667e-16
0.0,0.0,1.56394983164e-13
0.0,0.0,3.09151248857e-14
0.0,0.0,2.9617336288e-05
0.0,0.0,0.00151815865283
0.0,0.0,1.06446211669e-15
0.0,0.0,1.88216407188e-14
0.0,0.0,1.04682624259e-14
0.0,0.0,4.62965782062e-13
0.0,0.0,1.76597920809e-14
0.0,0.0,4.7202386892e-14
0.0,0.0,2.14423138071e-15
0.0,0.0,3.33284975946e-15
0.0,0.0,1.99753084568e-11
0.0,0.0,5.17322626026e-16
0.0,0.0,1.56603018974e-16
0.0,0.0,1.12120950159e-13
0.0,0.0,3.44515145714e-13
0.0,0.0,1.15233410049e-14
0.0,0.0,4.03905683071e-16
0.0,0.0,2.96155522762e-07
0.0,1.0,0.902587993325
0.0,0.0,7.50068887074e-05
0.0,0.0,9.95157984737e-14
0.0,0.0,2.58245993611e-14
0.0,0.0,1.76162435166e-15
0.0,0.0,2.56793412902e-16
0.0,0.0,1.12496249048e-12
0.0,0.0,7.06896967096e-11
0.0,0.0,6.69247354448e-14
0.0,0.0,7.86168695471e-13
0.0,0.0,3.97845068217e-15
0.0,0.0,2.06892093185e-13
0.0,0.0,6.37531431102e-12
0.0,0.0,1.27103967109e-12
0.0,0.0,1.65828415789e-09
0.0,0.0,1.73524093647e-11
0.0,0.0,5.91088754819e-11
0.0,0.0,1.76620105138e-15
0.0,0.0,2.10697524614e-15
0.0,0.0,7.78632000504e-14
0.0,0.0,1.65358276316e-15
0.0,0.0,3.14029796252e-14
0.0,0.0,2.05969011645e-12
0.0,0.0,2.51508320915e-16
0.0,0.0,1.57470669482e-08
0.0,0.0,2.05293320547e-15
0.0,0.0,2.93178738068e-16
0.0,0.0,4.68574784332e-16
0.0,0.0,1.33636048821e-15
0.0,0.0,6.8076706452e-09
0.0,0.0,4.1487190736e-16
0.0,0.0,7.23859395233e-14
0.0,0.0,5.59804038707e-13
0.0,0.0,7.48962177302e-08
0.0,0.0,4.00085353374e-16
0.0,1.0,0.995556929662
0.0,0.0,3.94316474033e-13
0.0,1.0,0.799092592939
0.0,0.0,2.86206752802e-12
0.0,0.0,1.73526627156e-07
0.0,0.0,7.51653554591e-12
0.0,0.0,1.31611797845e-12
0.0,0.0,0.0149599813015
0.0,0.0,4.04692138085e-14
0.0,0.0,2.63426619938e-09
0.0,0.0,3.33325684964e-11
0.0,0.0,3.14935742754e-10
0.0,0.0,4.1796993139e-15
0.0,0.0,2.36429956677e-15
0.0,0.0,8.26686496598e-14
0.0,0.0,2.59262547524e-16
0.0,0.0,3.46721667509e-10
0.0,0.0,2.898449361e-13
0.0,0.0,1.80570580004e-14
0.0,0.0,1.08201017858e-14
0.0,0.0,3.52796123097e-11
0.0,0.0,2.19866962731e-08
0.0,0.0,1.75113050456e-15
0.0,0.0,2.16829369053e-12
0.0,0.0,7.39077712866e-10
0.0,0.0,4.21873365861e-10
0.0,0.0,0.00145296891282
0.0,0.0,1.75242293948e-15
0.0,0.0,1.83886437401e-13
0.0,0.0,1.91071331392e-14
0.0,0.0,8.13010116634e-14
0.0,0.0,1.05554371496e-11
0.0,0.0,3.09307765087e-12
0.0,0.0,2.85219794257e-16
0.0,0.0,0.0014546495356
0.0,0.0,9.30715374992e-13
0.0,0.0,1.06873652799e-13
0.0,0.0,9.56303888158e-17
0.0,0.0,0.257318025169
0.0,1.0,0.999753271069
0.0,0.0,1.88932307561e-10
0.0,1.0,0.995839999844
0.0,0.0,2.49882834967e-16
0.0,0.0,1.64372404126e-13
0.0,0.0,1.44228555691e-05
0.0,0.0,1.79379483541e-11
0.0,0.0,5.88405481954e-11
0.0,0.0,9.18337673069e-15
0.0,0.0,3.45724715383e-11
0.0,0.0,3.96255004777e-13
0.0,0.0,1.05056995758e-14
0.0,0.0,4.78800660813e-16
0.0,0.0,2.70989609775e-14
0.0,0.0,7.32977233097e-16
0.0,0.0,1.2345474638e-15
0.0,0.0,0.0130501806846
0.0,0.0,2.35192995731e-14
0.0,0.0,1.67669957389e-14
0.0,0.0,6.67176509646e-16
0.0,0.0,1.70486291148e-07
0.0,1.0,0.930756888766
0.0,0.0,0.010000083228
0.0,0.0,1.43587391347e-15
0.0,0.0,1.12780616688e-10
0.0,1.0,1.0
0.0,0.0,4.66643933502e-11
0.0,0.0,2.12172838568e-15
0.0,1.0,1.0
0.0,0.0,1.36820519361e-10
0.0,0.0,2.07956901435e-15
0.0,0.0,2.22681656882e-15
0.0,0.0,8.04426369242e-12
0.0,0.0,3.04360129865e-13
0.0,1.0,1.0
0.0,0.0,7.01852837371e-16
0.0,0.0,4.32134794512e-10
0.0,0.0,3.13525792612e-13
0.0,0.0,1.97666225622e-09
0.0,0.0,2.31874838805e-14
0.0,0.0,1.75199645004e-15
0.0,0.0,6.01480533037e-16
0.0,0.0,1.45067656228e-12
0.0,0.0,2.33946537011e-15
0.0,0.0,0.000219427482783
0.0,0.0,4.35302823918e-10
0.0,1.0,0.997934494037
0.0,0.0,2.87365382477e-14
0.0,0.0,9.2681292859e-09
0.0,0.0,3.45425223775e-11
0.0,0.0,3.64878620254e-12
0.0,0.0,0.474312556993
0.0,0.0,2.36349311495e-09
0.0,0.0,1.41522270026e-14
0.0,0.0,3.08283167537e-16
0.0,0.0,1.01464773515e-07
0.0,0.0,5.37592632303e-16
0.0,0.0,9.69847180514e-16
0.0,0.0,2.76476223194e-14
0.0,0.0,0.00032238673305
0.0,0.0,6.23568701297e-12
0.0,0.0,0.000527853721248
0.0,0.0,8.66607653055e-14
0.0,0.0,1.90183864837e-11
0.0,0.0,1.01851905818e-11
0.0,0.0,1.11639152583e-14
0.0,1.0,0.873282860983
0.0,1.0,0.99999999992
0.0,0.0,5.72633723253e-08
0.0,0.0,5.94081876802e-13
0.0,0.0,1.57873097872e-11
0.0,0.0,9.49010177676e-12
0.0,0.0,1.4958290034e-10
0.0,0.0,3.29212030031e-12
0.0,0.0,5.86247176762e-15
0.0,0.0,0.00019747349915
0.0,0.0,2.53925733147e-12
0.0,0.0,6.88694907839e-16
0.0,0.0,7.78535221602e-16
0.0,0.0,2.63302591609e-12
0.0,0.0,2.59567851029e-15
0.0,0.0,8.39560839477e-15
0.0,0.0,6.81382350507e-15
0.0,0.0,3.36748043543e-16
0.0,0.0,2.22865871518e-10
0.0,0.0,2.56852902737e-13
0.0,0.0,0.000176727244153
0.0,0.0,1.00998883031e-13
0.0,0.0,2.00453920906e-14
0.0,0.0,2.12156024806e-07
0.0,0.0,2.0063783465e-12
0.0,0.0,0.00307241308214
0.0,0.0,1.38127529932e-15
0.0,0.0,2.75550848128e-15
0.0,0.0,6.95839094861e-13
0.0,0.0,2.92410239851e-12
0.0,0.0,2.82866465346e-05
0.0,1.0,1.0
0.0,0.0,0.000804073417354
0.0,0.0,9.19607086642e-12
0.0,0.0,9.40736090761e-16
0.0,0.0,3.34789539316e-16
0.0,0.0,7.69770045196e-12
0.0,0.0,7.58986882261e-15
0.0,0.0,5.61282899965e-14
0.0,0.0,0.00706687857284
0.0,0.0,5.56644974381e-16
0.0,0.0,2.52550867456e-11
0.0,0.0,1.39629389679e-09
0.0,0.0,3.21803770265e-16
0.0,0.0,2.03554086033e-07
0.0,0.0,6.68096424108e-15
0.0,0.0,1.23579124169e-10
0.0,0.0,1.50498950824e-11
0.0,0.0,0.00372590003977
0.0,0.0,6.03437160086e-13
0.0,0.0,1.04732219546e-06
0.0,1.0,0.999999941272
0.0,0.0,1.73599437466e-12
0.0,0.0,2.54730750089e-14
0.0,0.0,3.46196396074e-07
0.0,0.0,2.51991802077e-14
0.0,0.0,8.61813121855e-13
0.0,1.0,0.999056702598
0.0,0.0,1.58041179392e-14
0.0,0.0,4.39198140391e-10
0.0,0.0,7.22996852014e-16
0.0,0.0,2.25406073119e-09
0.0,0.0,2.7184446526e-05
0.0,0.0,3.79671221734e-15
0.0,0.0,5.62012718674e-14
0.0,0.0,8.89269855728e-15
0.0,1.0,0.999999776798
0.0,0.0,4.81975531137e-06
0.0,0.0,2.01302122904e-08
0.0,0.0,2.19028067012e-15
0.0,0.0,1.77133353884e-16
0.0,0.0,9.02023994391e-12
0.0,0.0,1.22996249786e-11
0.0,0.0,3.06996009198e-16
0.0,0.0,8.50364574021e-15
0.0,0.0,0.00264716268251
0.0,0.0,1.1744542199e-05
0.0,0.0,1.78390988705e-14
0.0,0.0,1.68296980976e-11
0.0,0.0,2.61960843515e-12
0.0,0.0,9.58980896974e-16
0.0,0.0,0.003515700235
0.0,0.0,6.06791664787e-09
0.0,0.0,0.00622860570514
0.0,0.0,9.11828347801e-12
0.0,0.0,1.72421265163e-12
0.0,0.0,1.00945131054e-08
0.0,0.0,2.09897948686e-12
0.0,0.0,0.000290492912065
0.0,0.0,3.57974350706e-16
0.0,0.0,1.48548873039e-15
0.0,0.0,2.83777211633e-11
0.0,0.0,2.29162273161e-05
0.0,0.0,1.38689162266e-12
0.0,0.0,4.52373095711e-07
0.0,0.0,3.17222424376e-14
0.0,0.0,1.63402633192e-15
0.0,0.0,8.84974079132e-16
0.0,0.0,5.47919586741e-14
0.0,0.0,1.13812090569e-15
0.0,0.0,5.78565528653e-16
0.0,0.0,1.40743730276e-15
0.0,0.0,1.4078136001e-13
0.0,1.0,0.999999810656
0.0,0.0,1.8190289799e-06
0.0,0.0,1.81226147973e-14
0.0,0.0,7.31090512058e-15
0.0,0.0,7.11930070816e-12
0.0,0.0,2.38539816857e-09
0.0,0.0,5.16015860334e-15
0.0,0.0,1.44465335505e-14
0.0,0.0,3.08526357892e-12
0.0,0.0,6.75403729416e-15
0.0,1.0,0.999999999655
0.0,0.0,5.37771907494e-08
0.0,0.0,2.29870769889e-09
0.0,0.0,0.104157513951
0.0,0.0,3.96820755457e-10
0.0,0.0,3.94289533922e-10
0.0,0.0,3.84367358282e-05
0.0,0.0,2.40377610276e-15
0.0,0.0,1.78631494873e-13
0.0,1.0,0.999984166422
0.0,0.0,4.63402231643e-11
0.0,0.0,0.000205816248516
0.0,0.0,8.62726624151e-15
0.0,0.0,1.26368515439e-13
0.0,1.0,0.99722631582
0.0,0.0,1.35044118096e-15
0.0,0.0,1.42348873044e-09
0.0,0.0,6.84713704165e-16
0.0,0.0,1.63910296012e-12
0.0,1.0,0.999999999989
0.0,0.0,0.00997319557036
0.0,0.0,1.20573534392e-15
0.0,0.0,8.54159494831e-16
0.0,1.0,1.0
0.0,1.0,0.999429194317
0.0,0.0,1.53814119501e-09
0.0,0.0,9.87983978651e-07
0.0,0.0,5.6757101159e-08
0.0,0.0,2.05908049607e-12
0.0,0.0,2.46653698472e-13
0.0,0.0,7.32679760494e-16
0.0,0.0,2.89525337008e-08
0.0,0.0,1.33456084186e-10
0.0,0.0,8.10752939572e-09
0.0,1.0,0.999999909847
0.0,0.0,3.3240299862e-08
0.0,0.0,1.4926794841e-14
0.0,0.0,8.19513102724e-16
0.0,0.0,1.12102756491e-12
0.0,0.0,7.58086583956e-10
0.0,0.0,2.00280844091e-08
0.0,0.0,7.49738493225e-11
0.0,0.0,1.43221769893e-10
0.0,0.0,1.02059025197e-13
0.0,0.0,2.07099137414e-13
0.0,0.0,1.05336118394e-10
0.0,0.0,2.02205542467e-14
0.0,0.0,1.6982612281e-13
0.0,0.0,2.79944011726e-14
0.0,0.0,6.09653019029e-16
0.0,0.0,8.71063773418e-16
0.0,0.0,1.73630703654e-06
0.0,0.0,5.25260791212e-13
0.0,0.0,0.178992209371
0.0,0.0,6.28491206253e-15
0.0,0.0,8.56000770689e-09
0.0,0.0,9.49875264995e-12
0.0,0.0,8.12485612e-14
0.0,0.0,9.7021041e-14
0.0,0.0,8.70617631792e-16
0.0,0.0,1.21458100996e-12
0.0,0.0,8.55078223185e-16
0.0,0.0,0.137083116066
0.0,0.0,1.24716951912e-15
0.0,0.0,0.220933927534
0.0,0.0,3.93763642725e-11
0.0,0.0,6.96267653613e-15
0.0,0.0,4.22163885069e-07
0.0,0.0,4.7025038172e-12
0.0,0.0,5.62908724481e-12
0.0,0.0,2.96116729659e-15
0.0,0.0,0.000116204176195
0.0,0.0,4.3775364944e-13
0.0,0.0,1.19219976449e-15
0.0,0.0,3.72686254137e-14
0.0,0.0,7.18906217406e-07
0.0,0.0,4.93832774957e-11
0.0,0.0,3.25854415818e-15
0.0,0.0,2.00688066657e-15
0.0,0.0,7.99496600179e-13
0.0,0.0,5.1025419753e-15
0.0,0.0,1.07051233777e-10
0.0,0.0,4.4343914218e-13
0.0,0.0,6.11096484358e-07
0.0,0.0,2.65453633882e-14
0.0,1.0,0.845085778822
0.0,0.0,4.59060280844e-14
0.0,0.0,6.60649758686e-16
0.0,0.0,1.44457890847e-12
0.0,0.0,1.55573502658e-15
0.0,0.0,2.41988985264e-14
0.0,0.0,1.1932120569e-08
0.0,0.0,7.34844167263e-14
0.0,0.0,2.00776301831e-15
0.0,0.0,5.38899858704e-16
0.0,0.0,2.96833865252e-10
0.0,0.0,0.000613374060936
0.0,0.0,0.00342230082862
0.0,0.0,2.39438173906e-13
0.0,0.0,2.30493682986e-06
0.0,0.0,3.16576844959e-15
0.0,0.0,0.000103439419696
0.0,0.0,2.09510274442e-12
0.0,0.0,2.62336343189e-14
0.0,0.0,1.21809776248e-07
0.0,1.0,0.75793923535
0.0,0.0,0.000539130307952
0.0,0.0,3.51734875124e-14
0.0,0.0,1.56737164655e-14
0.0,0.0,4.16573918852e-13
0.0,0.0,1.46005466832e-15
0.0,0.0,3.32523116579e-10
0.0,0.0,2.40445137234e-14
0.0,0.0,1.1611991408e-07
0.0,0.0,1.59817769129e-13
0.0,0.0,1.50768403895e-13
0.0,0.0,1.10864453459e-12
0.0,0.0,5.67846839926e-16
0.0,0.0,1.31428023711e-15
0.0,0.0,1.42901430005e-06
0.0,0.0,4.76253193049e-12
0.0,0.0,0.161736554532
0.0,0.0,3.2507419787e-15
0.0,0.0,2.19588276347e-13
0.0,0.0,1.00121957933e-15
0.0,0.0,1.15144900915e-15
0.0,0.0,4.04527557354e-15
0.0,0.0,0.00609562440523
0.0,0.0,1.57696406355e-15
0.0,0.0,1.30299828163e-14
0.0,0.0,3.01338855765e-11
0.0,0.0,1.42333892239e-10
0.0,0.0,1.85758622987e-15
0.0,0.0,4.6529935647e-11
0.0,0.0,4.41620708762e-14
0.0,0.0,2.11535214788e-15
0.0,0.0,9.31855518709e-10
0.0,0.0,6.70132676711e-12
0.0,0.0,2.1977754049e-14
0.0,0.0,3.26237249444e-09
0.0,0.0,1.50700455608e-12
0.0,0.0,1.66083263477e-12
0.0,0.0,1.28949773187e-14
0.0,0.0,4.18084595532e-05
0.0,0.0,2.29208259523e-15
0.0,0.0,5.38177765776e-16
0.0,1.0,0.999999108059
0.0,0.0,2.74897380283e-15
0.0,0.0,1.87390023588e-14
0.0,0.0,1.61407456762e-12
0.0,0.0,1.73689247646e-15
0.0,0.0,4.80025909447e-15
0.0,0.0,4.64649051998e-13
0.0,0.0,6.17869197879e-15
0.0,0.0,0.00776442105492
0.0,0.0,1.39304206826e-15
0.0,0.0,2.72434748859e-14
0.0,0.0,2.20997210707e-15
0.0,0.0,8.20008137334e-06
0.0,0.0,1.85025552104e-10
0.0,0.0,1.29208361106e-08
0.0,0.0,1.37318789945e-13
0.0,0.0,2.48170910878e-12
0.0,0.0,3.34616724644e-13
0.0,0.0,9.25365488064e-11
0.0,0.0,2.83854549814e-09
0.0,0.0,1.44013717114e-06
0.0,0.0,5.24268452447e-13
0.0,0.0,4.68992286128e-15
0.0,0.0,5.93162033971e-12
0.0,0.0,8.20153203835e-15
0.0,0.0,5.97646127418e-11
0.0,1.0,0.99999848763
0.0,1.0,1.0
0.0,0.0,4.89147772429e-15
0.0,0.0,9.53560073714e-14
0.0,0.0,1.32587509247e-14
0.0,0.0,1.90530133569e-10
0.0,0.0,2.33265319288e-15
0.0,0.0,1.25613811636e-15
0.0,0.0,8.09822475926e-07
0.0,0.0,4.29986413461e-12
0.0,0.0,7.921886715e-14
0.0,0.0,1.56634623505e-12
0.0,1.0,0.990821522877
0.0,0.0,2.8864058523e-13
0.0,0.0,2.19077635179e-13
0.0,0.0,6.28561059932e-16
0.0,0.0,5.33847387101e-09
0.0,0.0,6.35028913378e-16
0.0,0.0,1.13654867553e-07
0.0,0.0,6.6836088607e-15
0.0,0.0,2.46904557318e-14
0.0,0.0,2.34732819895e-15
0.0,0.0,1.1403053913e-13
0.0,0.0,0.358034229897
0.0,1.0,1.0
0.0,0.0,2.7449089049e-05
0.0,0.0,3.76640825101e-11
0.0,0.0,9.02536661465e-13
0.0,0.0,8.68341325931e-12
0.0,0.0,2.9683103852e-13
0.0,0.0,7.17080301546e-15
0.0,0.0,5.24711468064e-16
0.0,0.0,4.2622084875e-12
0.0,0.0,9.19780976083e-12
0.0,0.0,8.96853982981e-16
0.0,0.0,0.0970379455449
0.0,0.0,1.24488034174e-14
0.0,0.0,4.63198779625e-09
0.0,0.0,1.98623832824e-13
0.0,0.0,3.54935439388e-15
0.0,0.0,1.47712658652e-05
0.0,0.0,1.88067974258e-11
0.0,0.0,5.31821041922e-16
0.0,0.0,9.76525512894e-15
0.0,1.0,0.999995314097
0.0,1.0,0.999992541858
0.0,0.0,1.27340144568e-12
0.0,0.0,3.1371395962e-12
0.0,0.0,3.67085620288e-09
0.0,0.0,2.62786625685e-15
0.0,0.0,1.40871360462e-11
0.0,0.0,1.11269529133e-10
0.0,0.0,6.05633145703e-16
0.0,0.0,2.6984140955e-08
0.0,0.0,1.82807706392e-14
0.0,0.0,2.02121921668e-15
0.0,0.0,7.79546359896e-15
0.0,0.0,1.08569992268e-10
0.0,0.0,1.91348106124e-13
0.0,0.0,4.78554189473e-12
0.0,0.0,7.58434201363e-08
0.0,0.0,2.11582140142e-15
0.0,0.0,4.54300912916e-16
0.0,0.0,2.03916332844e-15
0.0,0.0,8.43904929789e-09
0.0,0.0,2.10910389378e-15
0.0,0.0,1.3884386135e-10
0.0,0.0,7.4814341994e-14
0.0,0.0,2.82803826372e-15
0.0,0.0,3.44365047756e-15
0.0,0.0,0.0297047124233
0.0,0.0,2.24312728173e-07
0.0,0.0,1.52028530607e-12
0.0,0.0,5.52452728344e-13
0.0,0.0,2.73036820585e-12
0.0,0.0,3.80303423282e-13
0.0,0.0,0.00395234913893
0.0,0.0,2.6567919733e-08
0.0,0.0,7.51231092078e-12
0.0,0.0,1.88250027476e-14
0.0,0.0,1.58834634013e-13
0.0,0.0,1.22711551842e-10
0.0,0.0,8.16916080896e-09
0.0,0.0,2.67014642078e-07
0.0,0.0,4.86435428513e-12
0.0,1.0,0.999989669541
0.0,0.0,1.16094597617e-12
0.0,0.0,1.28706572251e-08
0.0,0.0,3.11139424293e-12
0.0,0.0,1.56168509073e-07
0.0,0.0,1.61169115667e-08
0.0,0.0,4.24709371383e-14
0.0,0.0,1.32131416035e-14
0.0,0.0,3.50783131711e-15
0.0,0.0,3.7509577199e-15
0.0,0.0,3.95899797268e-12
0.0,0.0,4.235267539e-15
0.0,0.0,8.89608737219e-10
0.0,0.0,2.11304975106e-09
0.0,0.0,0.00223992480131
0.0,0.0,1.03488068146e-12
0.0,0.0,3.73628932872e-11
0.0,0.0,3.86944258775e-12
0.0,1.0,0.999999997554
0.0,0.0,0.000307832076537
0.0,0.0,5.02064372294e-11
0.0,0.0,5.42434840714e-16
0.0,1.0,0.99973838139
0.0,0.0,1.58334847625e-15
0.0,0.0,4.86439345921e-15
0.0,0.0,3.68342395387e-09
0.0,0.0,1.65003255937e-10
0.0,0.0,4.19103654939e-13
0.0,0.0,3.97037407159e-05
0.0,0.0,1.84184117943e-12
0.0,0.0,2.81970150982e-09
0.0,0.0,8.56944599602e-13
0.0,1.0,0.999995839152
0.0,0.0,2.27310543054e-12
0.0,0.0,3.22754330752e-09
0.0,0.0,0.000773086142245
0.0,0.0,4.88005645547e-08
0.0,0.0,1.60059215749e-13
0.0,0.0,7.76602820507e-15
0.0,1.0,0.965227903364
0.0,1.0,0.999999999173
0.0,0.0,9.00591734186e-16
0.0,0.0,7.7194568743e-12
0.0,0.0,3.02480254092e-15
0.0,0.0,5.53832115731e-15
0.0,0.0,1.58435302033e-09
0.0,0.0,1.2085982342e-10
0.0,0.0,2.3044868402e-14
0.0,0.0,3.53531277477e-14
0.0,0.0,0.235605712825
0.0,0.0,7.42093663077e-07
0.0,0.0,2.86531228816e-14
0.0,0.0,2.49679464039e-13
0.0,0.0,2.74330552271e-15
0.0,0.0,1.42956285028e-05
0.0,0.0,8.07479847668e-13
0.0,0.0,7.30713077132e-11
0.0,0.0,8.08067026492e-16
0.0,0.0,1.88224724182e-14
0.0,0.0,0.000324437882435
0.0,0.0,8.50749637103e-15
0.0,0.0,3.06352014024e-15
0.0,0.0,3.02241376712e-16
0.0,0.0,2.00894258283e-14
0.0,0.0,2.24360929366e-08
0.0,0.0,3.60470808715e-12
0.0,0.0,2.2142226925e-09
0.0,0.0,1.6042281166e-14
0.0,0.0,3.03715777058e-16
0.0,0.0,5.63125695726e-13
0.0,0.0,1.55878648526e-08
0.0,0.0,1.55731614221e-12
0.0,0.0,1.88713135675e-15
0.0,0.0,2.09221396338e-15
0.0,0.0,1.40044039125e-15
0.0,1.0,0.929180848771
0.0,0.0,1.47842337815e-15
0.0,0.0,1.2849713195e-15
0.0,0.0,3.66964934013e-16
0.0,0.0,2.07010137739e-12
0.0,0.0,2.07539266899e-15
0.0,1.0,0.996020784133
0.0,0.0,1.03415439935e-14
0.0,0.0,6.58062559708e-12
0.0,0.0,1.32252413464e-07
0.0,0.0,5.20113605376e-13
0.0,0.0,4.30850780313e-14
0.0,0.0,3.12929180491e-13
0.0,1.0,0.911132321126
0.0,1.0,0.989914734988
0.0,0.0,9.92312799902e-16
0.0,0.0,0.0204937071862
0.0,0.0,0.000196323350208
0.0,0.0,5.22099589191e-12
0.0,1.0,0.999999967423
0.0,0.0,5.50505297964e-12
0.0,0.0,7.51165253333e-15
0.0,0.0,1.49444097209e-14
0.0,0.0,7.35260280303e-09
0.0,0.0,7.10497140385e-08
0.0,0.0,3.33363139099e-13
0.0,0.0,3.62490002043e-15
0.0,0.0,1.63203791093e-05
0.0,0.0,2.67053895863e-11
0.0,1.0,0.902645259544
0.0,0.0,1.55715714798e-13
0.0,0.0,3.24935607178e-12
0.0,0.0,2.84411632945e-07
0.0,0.0,0.000680694735258
0.0,0.0,7.87415263264e-16
0.0,0.0,0.00248241519042
0.0,0.0,6.90763548631e-15
0.0,0.0,2.47898888344e-05
0.0,0.0,1.74565209209e-15
0.0,0.0,3.6547713246e-11
0.0,1.0,0.91938952778
0.0,0.0,7.5993343426e-15
0.0,0.0,1.15898538247e-15
0.0,0.0,6.13214556274e-05
0.0,0.0,4.20636900948e-06
0.0,0.0,3.84398739262e-13
0.0,0.0,4.24616292631e-13
0.0,0.0,1.5006940189e-08
0.0,0.0,9.26902732128e-16
0.0,0.0,2.86205140454e-15
0.0,0.0,2.16883231209e-09
0.0,0.0,1.16873141196e-14
0.0,0.0,1.07014527939e-15
0.0,0.0,1.25315394246e-07
0.0,0.0,1.79179632084e-07
0.0,0.0,0.000318096811459
0.0,0.0,1.99978254907e-12
0.0,0.0,6.28532410746e-13
0.0,0.0,5.27236942167e-14
0.0,0.0,6.27848256022e-16
0.0,0.0,4.45895117249e-06
0.0,0.0,1.39995773682e-08
0.0,0.0,0.0313571220864
0.0,0.0,2.0599245248e-14
0.0,0.0,2.83031623933e-05
0.0,0.0,1.3275609359e-13
0.0,0.0,4.9806344218e-12
0.0,0.0,2.15762541769e-10
0.0,0.0,2.13328079396e-15
0.0,0.0,4.85275035856e-12
0.0,1.0,1.0
0.0,1.0,0.548566126395
0.0,0.0,3.73646450271e-16
0.0,0.0,0.0440431221658
0.0,0.0,5.80975336046e-09
0.0,0.0,5.35598414657e-16
0.0,0.0,6.1676126574e-12
0.0,0.0,1.9776348491e-15
0.0,0.0,2.04535796567e-15
0.0,0.0,1.4475400431e-06
0.0,0.0,1.5289865335e-15
0.0,1.0,1.0
0.0,1.0,0.9999810283
0.0,0.0,2.49892493198e-15
0.0,0.0,3.99748507484e-15
0.0,0.0,3.59656263455e-15
0.0,0.0,1.19392871525e-09
0.0,0.0,5.12365360786e-07
0.0,0.0,1.29574825251e-14
0.0,0.0,1.18805772565e-05
0.0,0.0,6.20378486548e-08
0.0,0.0,3.22772293413e-07
0.0,1.0,0.999999994991
0.0,0.0,3.06929769388e-11
0.0,0.0,3.1368962595e-13
0.0,0.0,5.20165975476e-15
0.0,0.0,2.32292390863e-15
0.0,0.0,1.9867167833e-07
0.0,0.0,1.5004634823e-06
0.0,1.0,1.0
0.0,0.0,5.47512707095e-15
0.0,0.0,0.00011738207526
0.0,0.0,1.00668308121e-12
0.0,0.0,2.00324353839e-15
0.0,0.0,1.11957528779e-10
0.0,1.0,0.999968935175
0.0,0.0,3.59082675278e-07
0.0,0.0,2.05110900871e-07
0.0,0.0,2.67318535236e-14
0.0,0.0,8.61314248241e-16
0.0,0.0,3.69015440781e-09
0.0,0.0,3.62288452031e-11
0.0,0.0,2.01343803825e-08
0.0,0.0,3.57697490181e-08
0.0,0.0,2.62299858594e-14
0.0,0.0,2.45735621748e-07
0.0,0.0,9.81826514661e-09
0.0,0.0,3.30636387414e-07
0.0,0.0,1.95029208554e-10
0.0,0.0,1.03527901772e-14
0.0,0.0,1.21091040998e-11
0.0,0.0,1.01141925719e-05
0.0,0.0,1.84429123557e-10
0.0,1.0,0.99999975519
0.0,0.0,5.55305763053e-08
0.0,0.0,6.33974447831e-15
0.0,0.0,3.3036228471e-08
0.0,0.0,2.79678772442e-11
0.0,0.0,1.05117277833e-11
0.0,0.0,5.36222717908e-05
0.0,0.0,3.69519561604e-13
0.0,1.0,0.999999999999
0.0,1.0,1.0
0.0,0.0,3.69747290763e-06
0.0,0.0,9.77497648703e-10
0.0,0.0,4.14781411097e-13
0.0,0.0,4.1081522163e-12
0.0,0.0,6.88894008833e-15
0.0,1.0,0.999999999133
0.0,0.0,2.8488536256e-15
0.0,0.0,3.81368207164e-11
0.0,0.0,3.4998090233e-15
0.0,0.0,9.16640283936e-09
0.0,0.0,8.03975966298e-15
0.0,0.0,1.70756783765e-12
0.0,0.0,2.6309062217e-14
0.0,0.0,3.02981897902e-16
0.0,0.0,2.3272881634e-15
0.0,0.0,5.35353317897e-14
0.0,0.0,7.49660513041e-05
0.0,0.0,1.45786959901e-10
0.0,0.0,5.48812485665e-12
0.0,0.0,3.89311987568e-09
0.0,0.0,1.1020590211e-13
0.0,0.0,4.2785169682e-15
0.0,0.0,1.50859091906e-15
0.0,0.0,1.29258648555e-15
0.0,0.0,1.3882323127e-10
0.0,0.0,3.36488756226e-16
0.0,1.0,0.999999999989
0.0,0.0,1.22881247212e-06
0.0,0.0,5.81580162091e-15
0.0,0.0,0.109132804049
0.0,0.0,2.0730854172e-11
0.0,0.0,2.36902732451e-16
0.0,0.0,2.28923833636e-10
0.0,0.0,1.72317913883e-13
0.0,0.0,0.00130487204979
0.0,0.0,3.11978877418e-13
0.0,0.0,3.1389840804e-15
0.0,0.0,2.13954255295e-12
0.0,0.0,0.204073116459
0.0,0.0,2.04953070253e-15
0.0,0.0,2.71332456186e-09
0.0,0.0,5.11842763069e-16
0.0,0.0,2.16933255795e-15
0.0,0.0,3.21062743913e-15
0.0,0.0,4.72294356333e-07
0.0,0.0,1.38255984122e-15
0.0,0.0,2.01961208316e-14
0.0,0.0,0.394375529624
0.0,0.0,0.000334961945229
0.0,0.0,2.27714757616e-07
0.0,0.0,9.11843841609e-13
0.0,0.0,1.23675027323e-05
0.0,1.0,0.755836675126
0.0,0.0,2.25791135354e-09
0.0,0.0,0.202282179846
0.0,0.0,7.83471059763e-14
0.0,0.0,1.38631499929e-13
0.0,0.0,1.083462592e-10
0.0,0.0,2.97625923009e-13
0.0,0.0,3.85595358562e-12
0.0,0.0,6.13741460766e-10
0.0,0.0,2.21563293563e-12
0.0,0.0,1.47152664663e-08
0.0,0.0,1.01644187351e-05
0.0,0.0,7.47713424998e-15
0.0,0.0,0.0287035424423
0.0,0.0,3.3052510882e-12
0.0,0.0,3.6530770254e-12
0.0,0.0,5.35019203005e-16
0.0,0.0,1.12243084588e-12
0.0,0.0,2.72079999158e-07
0.0,0.0,2.34389396421e-06
0.0,0.0,8.52411460872e-16
0.0,0.0,6.61865092237e-08
0.0,1.0,1.0
0.0,0.0,2.26583201093e-11
0.0,0.0,3.13972570136e-12
0.0,0.0,7.83637247287e-16
0.0,0.0,2.6069579506e-10
0.0,0.0,3.76954845599e-16
0.0,0.0,1.46750144545e-09
0.0,1.0,0.999928076685
0.0,0.0,2.39139380043e-06
0.0,0.0,5.4160317772e-16
0.0,1.0,1.0
0.0,0.0,8.7990816937e-14
0.0,0.0,2.76696865198e-16
0.0,0.0,3.68375608441e-15
0.0,0.0,2.07235333897e-15
0.0,0.0,0.00749490953325
0.0,0.0,1.84945107254e-13
0.0,0.0,3.74550567419e-14
0.0,0.0,3.12215681891e-14
0.0,1.0,0.843491593077
0.0,0.0,2.77808712277e-16
0.0,0.0,3.0013664516e-15
0.0,0.0,2.68021198601e-16
0.0,1.0,0.999973883071
0.0,0.0,1.73108002858e-13
0.0,0.0,1.10970747241e-12
0.0,0.0,0.000178494409565
0.0,0.0,1.20595519223e-11
0.0,0.0,5.48812481551e-14
0.0,0.0,5.20921590054e-14
0.0,0.0,7.93839496165e-15
0.0,0.0,2.91783813104e-13
0.0,0.0,1.17787250613e-05
0.0,0.0,3.57294896977e-08
0.0,1.0,1.0
0.0,0.0,6.66663128016e-05
0.0,0.0,4.11578612661e-09
0.0,0.0,2.76414986343e-12
0.0,0.0,1.38029329825e-12
0.0,0.0,7.27285087222e-10
0.0,1.0,0.587011110986
0.0,0.0,4.47917807933e-14
0.0,1.0,0.999999998103
0.0,0.0,3.16275296622e-15
0.0,1.0,0.999999999999
0.0,0.0,7.56793087878e-16
0.0,0.0,6.81673219253e-16
0.0,0.0,0.0037583979412
0.0,0.0,5.06343599956e-13
0.0,0.0,1.56418592084e-09
0.0,0.0,9.99433169385e-09
0.0,0.0,1.89151813616e-06
0.0,0.0,4.13057334287e-14
0.0,0.0,2.91414827848e-05
0.0,0.0,2.64020676692e-14
0.0,0.0,7.12872206195e-14
0.0,0.0,4.24916944844e-10
0.0,0.0,8.08688028128e-15
0.0,0.0,7.13891596807e-16
0.0,0.0,3.91054486044e-07
0.0,0.0,4.35466013999e-05
0.0,0.0,8.99371274926e-13
0.0,1.0,0.999999444995
0.0,1.0,0.999999999992
0.0,0.0,1.11801133222e-11
0.0,0.0,2.04457963941e-15
0.0,0.0,3.55143145825e-09
0.0,1.0,0.999998852251
0.0,0.0,0.130523811906
0.0,0.0,3.77604225999e-14
0.0,0.0,1.46427919565e-14
0.0,0.0,9.27516949688e-15
0.0,0.0,1.56076180398e-14
0.0,0.0,1.2150011431e-15
0.0,0.0,6.71144878616e-09
0.0,0.0,1.54701650182e-14
0.0,0.0,2.78846781505e-15
0.0,0.0,7.18681292876e-09
0.0,0.0,1.96182110167e-13
0.0,0.0,4.24934616618e-05
0.0,0.0,1.28478108875e-10
0.0,0.0,6.32920524267e-14
0.0,0.0,3.72532411707e-15
0.0,0.0,1.26237286246e-14
0.0,1.0,0.999999999177
0.0,0.0,4.68573581334e-06
0.0,0.0,8.87408202213e-06
0.0,0.0,5.51198979595e-09
0.0,0.0,2.92235828917e-14
0.0,1.0,0.987371931068
0.0,0.0,4.28750143341e-13
0.0,0.0,8.17343204175e-15
0.0,0.0,7.9732260041e-14
0.0,0.0,1.6996870318e-11
0.0,0.0,2.96403702014e-14
0.0,0.0,3.57142544043e-13
0.0,0.0,3.5351482741e-09
0.0,0.0,2.45550925975e-14
0.0,0.0,9.73750356384e-15
0.0,1.0,0.995707595646
0.0,0.0,1.28943906957e-10
0.0,0.0,8.84872309284e-14
0.0,0.0,1.01775064357e-09
0.0,0.0,3.71759755401e-15
0.0,0.0,9.00551124959e-11
0.0,0.0,1.09491328564e-14
0.0,0.0,3.54441420857e-11
0.0,0.0,2.73935243243e-08
0.0,0.0,1.43092872726e-15
0.0,1.0,0.999999510215
0.0,0.0,4.68956052409e-13
0.0,0.0,2.82625875381e-15
0.0,1.0,0.999956147811
0.0,0.0,1.69373728925e-09
0.0,0.0,2.07082811459e-07
0.0,0.0,2.45016900195e-13
0.0,0.0,7.11737254845e-16
0.0,0.0,6.25169579677e-09
0.0,0.0,2.58948875161e-15
0.0,0.0,1.17546636835e-09
0.0,0.0,1.39919577011e-10
0.0,0.0,0.000615437163896
0.0,0.0,1.70706653928e-14
0.0,0.0,8.05156540308e-15
0.0,0.0,2.56311477767e-15
0.0,0.0,5.99017083397e-14
0.0,0.0,7.77533346566e-11
0.0,0.0,3.26151117406e-11
0.0,0.0,2.33115403998e-11
0.0,0.0,3.6127875645e-12
0.0,0.0,4.21018748733e-07
0.0,0.0,6.28881041133e-15
0.0,0.0,4.62492586618e-10
0.0,0.0,1.82947654252e-06
0.0,0.0,1.64532954903e-14
0.0,0.0,1.15992601271e-11
0.0,0.0,1.63437876099e-11
0.0,0.0,1.11704645573e-13
0.0,0.0,5.96407675384e-14
0.0,0.0,1.8621047078e-12
0.0,0.0,2.64697957283e-10
0.0,0.0,4.43876864496e-15
0.0,0.0,2.32024771062e-11
0.0,0.0,3.04223065901e-15
0.0,0.0,6.07117426865e-13
0.0,0.0,2.55547384315e-15
0.0,0.0,1.72020681992e-14
0.0,0.0,1.52596727825e-15
0.0,0.0,8.80210648781e-15
0.0,0.0,2.94212932022e-15
0.0,0.0,9.0495731323e-13
0.0,0.0,1.23865136942e-10
0.0,0.0,1.21079249837e-13
0.0,0.0,5.15166959589e-16
0.0,0.0,3.18576988326e-14
0.0,0.0,1.14536903318e-15
0.0,0.0,2.55471998886e-06
0.0,0.0,5.77646965001e-13
0.0,0.0,2.26800892235e-14
0.0,0.0,1.49315523528e-10
0.0,0.0,4.71223304296e-10
0.0,0.0,2.02996365345e-15
0.0,0.0,1.54423511614e-14
0.0,0.0,9.16580996794e-14
0.0,0.0,2.48217800608e-06
0.0,1.0,0.999999986791
0.0,0.0,1.14024372417e-13
0.0,0.0,3.29606009894e-15
0.0,0.0,1.39614525776e-13
0.0,0.0,5.98367635246e-07
0.0,0.0,4.33749768623e-13
0.0,0.0,6.16796570571e-15
0.0,0.0,1.77882104496e-13
0.0,0.0,5.64779297084e-14
0.0,0.0,1.0340386227e-14
0.0,0.0,6.2259619253e-13
0.0,0.0,4.33843360428e-07
0.0,0.0,8.78500208433e-11
0.0,0.0,3.1108881679e-11
0.0,0.0,6.09901035822e-10
0.0,0.0,1.11616107285e-12
0.0,0.0,2.09413605775e-13
0.0,0.0,4.08672153554e-15
0.0,0.0,6.3411920684e-12
0.0,1.0,0.929286809638
0.0,0.0,5.68071240666e-16
0.0,0.0,5.55926924487e-14
0.0,0.0,1.13763518293e-14
0.0,0.0,4.38926109218e-14
0.0,0.0,7.94328433479e-15
0.0,0.0,9.73441718887e-11
0.0,0.0,3.71446725428e-15
