1.0,0.0,0.0300435892329
1.0,1.0,0.895975783564
1.0,1.0,0.562956139543
1.0,1.0,0.872540632368
1.0,1.0,0.583169670661
1.0,0.0,0.429875269164
1.0,1.0,0.506757462677
1.0,1.0,0.999907594171
1.0,0.0,0.122879400539
1.0,1.0,0.525441770887
1.0,1.0,0.579313415738
1.0,0.0,0.299346729476
1.0,1.0,0.618621725284
1.0,0.0,0.149938058002
1.0,0.0,0.138054085902
1.0,0.0,0.144516263447
1.0,1.0,0.963507027656
1.0,0.0,0.292609181156
1.0,0.0,0.0857797859484
1.0,0.0,0.417558963914
1.0,0.0,0.309612193891
1.0,0.0,0.321064251848
1.0,0.0,0.230096183312
1.0,0.0,0.453990199496
1.0,1.0,0.528863611464
1.0,0.0,0.0368214190353
1.0,0.0,3.21375482361e-05
1.0,0.0,0.000273472814283
1.0,0.0,0.333216352071
1.0,1.0,0.942763070021
1.0,0.0,0.41668351497
1.0,0.0,0.371911099207
1.0,1.0,0.816207724608
1.0,0.0,0.0237105175398
1.0,0.0,0.486354261048
1.0,0.0,0.467230268175
1.0,0.0,0.416545420525
1.0,0.0,0.262526513518
1.0,1.0,0.987426633449
1.0,1.0,0.931477653556
1.0,0.0,0.297825065042
1.0,1.0,0.924902822881
1.0,0.0,0.401549557783
1.0,0.0,0.420653550852
1.0,1.0,0.964591653417
1.0,0.0,0.344676925766
1.0,0.0,0.427970438654
1.0,1.0,0.983549729962
1.0,0.0,0.470519361401
1.0,1.0,0.97066250053
1.0,0.0,0.435398564033
1.0,0.0,0.490437200915
1.0,0.0,0.385802780335
1.0,1.0,0.723105298193
1.0,1.0,0.601414280926
1.0,1.0,0.577194604712
1.0,1.0,0.606630011892
1.0,1.0,0.613055915332
1.0,0.0,0.293327239688
1.0,0.0,0.0556938710582
1.0,1.0,0.913851176309
1.0,0.0,0.0293714781833
1.0,1.0,0.698749514002
1.0,1.0,0.766821035514
1.0,1.0,0.892901369299
1.0,1.0,0.998761471032
1.0,1.0,0.865945684116
1.0,0.0,0.0197428152764
1.0,0.0,0.187951357423
1.0,0.0,0.094551123209
1.0,0.0,0.234449024643
1.0,1.0,0.792876426037
1.0,0.0,0.340603695858
1.0,0.0,0.236766729569
1.0,0.0,0.384754877472
1.0,1.0,0.80868955599
1.0,1.0,0.931981659454
1.0,0.0,0.0904177101374
1.0,0.0,0.314268468335
1.0,0.0,0.19034537155
1.0,1.0,0.742970687773
1.0,1.0,0.999998760694
1.0,1.0,1.0
1.0,1.0,0.999412452018
1.0,1.0,0.97750327912
1.0,1.0,0.966338199543
1.0,0.0,0.269494998639
1.0,1.0,0.980160183857
1.0,1.0,0.891451576684
1.0,1.0,0.759868924989
1.0,0.0,0.405441207621
1.0,1.0,0.969602834892
1.0,1.0,0.701357577443
1.0,1.0,0.753197402389
1.0,1.0,0.981558423063
1.0,0.0,0.153445532012
1.0,1.0,0.991406202137
1.0,0.0,0.191356774825
1.0,1.0,0.722531501459
1.0,0.0,0.261481327696
1.0,1.0,0.999999997958
1.0,1.0,0.997975486526
1.0,1.0,0.975275838762
1.0,0.0,0.381559761172
1.0,0.0,0.121874965908
1.0,1.0,0.998560046702
1.0,1.0,0.916836414791
1.0,1.0,0.550758280116
1.0,0.0,0.356100462395
1.0,1.0,0.990852590098
1.0,1.0,0.972976268408
1.0,1.0,0.999999999998
1.0,1.0,0.599685357188
1.0,1.0,0.903181598353
1.0,0.0,0.247375956497
1.0,1.0,0.645472916973
1.0,1.0,0.892765673713
1.0,0.0,0.282365140461
1.0,1.0,0.520270311609
1.0,1.0,0.991991418898
1.0,1.0,0.965125934287
1.0,1.0,0.9876976998
1.0,1.0,0.783038061393
1.0,1.0,0.715801338263
1.0,1.0,0.999556709626
1.0,1.0,0.993056082869
1.0,1.0,0.909560304857
1.0,0.0,0.266551396458
1.0,1.0,0.982627847479
1.0,0.0,0.256252613796
1.0,1.0,0.943603945945
1.0,1.0,0.996296880684
1.0,1.0,0.652104886461
1.0,0.0,0.187298320992
1.0,0.0,0.170863557356
1.0,1.0,0.999989269113
1.0,0.0,0.0720983984278
1.0,1.0,0.799129700602
1.0,0.0,5.75072218547e-05
1.0,1.0,0.6832761553
1.0,1.0,0.812000161818
1.0,1.0,0.824815688628
1.0,0.0,0.292689300683
1.0,0.0,0.0236338984106
1.0,1.0,0.997287231223
1.0,1.0,0.802936404097
1.0,0.0,0.0701167034296
1.0,1.0,0.619868261091
1.0,0.0,0.274796598734
1.0,0.0,0.111143281607
1.0,0.0,0.403637830669
1.0,0.0,0.267551055685
1.0,0.0,0.0724110722878
1.0,0.0,0.204584962568
1.0,0.0,0.259195162403
1.0,1.0,0.999998137209
1.0,0.0,0.238659088051
1.0,0.0,0.24610299676
1.0,0.0,0.373141693701
1.0,0.0,0.372183332665
1.0,0.0,0.417372369722
1.0,1.0,0.738931952547
1.0,1.0,0.655132909251
1.0,1.0,0.999732632772
1.0,0.0,0.181663877292
1.0,0.0,0.169301224196
1.0,0.0,0.332532896118
1.0,1.0,0.512350555769
1.0,1.0,0.980633087843
1.0,1.0,0.676433257999
1.0,0.0,0.0835985520078
1.0,0.0,0.401157925029
1.0,1.0,0.999833725388
1.0,1.0,0.511250914899
1.0,0.0,0.398093345021
1.0,1.0,0.966212862544
1.0,0.0,0.343586697285
1.0,0.0,0.396029257023
1.0,0.0,0.240279022956
1.0,0.0,0.0504340582026
1.0,0.0,0.160282038662
1.0,0.0,0.153462548141
1.0,0.0,0.257166035664
1.0,0.0,0.265550906078
1.0,1.0,0.819886934383
1.0,0.0,0.244058250414
1.0,1.0,0.672436790792
1.0,0.0,0.143205216987
1.0,0.0,0.265323935359
1.0,1.0,0.998123012283
1.0,0.0,0.395192281154
1.0,1.0,0.932314749294
1.0,1.0,0.767343196846
1.0,1.0,0.561261261778
1.0,1.0,0.710451043967
1.0,0.0,0.426387167209
1.0,1.0,0.869533893498
1.0,0.0,0.107129971122
1.0,1.0,0.60275460468
1.0,1.0,0.995282332756
1.0,0.0,0.10501747375
1.0,0.0,0.163225314658
1.0,1.0,0.829183593617
1.0,0.0,0.413268016729
1.0,1.0,0.644835346744
1.0,1.0,0.841110559504
1.0,0.0,0.206790486732
1.0,1.0,0.580692617111
1.0,0.0,0.483646308188
1.0,1.0,0.97325914567
1.0,1.0,0.999771297768
1.0,1.0,0.593649658055
1.0,1.0,0.98787241373
1.0,1.0,0.604959018041
1.0,1.0,0.975519218504
1.0,1.0,0.997139144244
1.0,1.0,0.673265391896
1.0,1.0,0.557615855242
1.0,1.0,0.537570159266
1.0,0.0,0.385566263344
1.0,1.0,0.511873762387
1.0,0.0,0.242417060054
1.0,1.0,0.522331938352
1.0,0.0,0.0491167948121
1.0,1.0,0.537999625167
1.0,1.0,0.987063935725
1.0,1.0,0.777522567388
1.0,0.0,0.20993663017
1.0,1.0,0.724494556459
1.0,0.0,0.313384468672
1.0,1.0,0.531716352617
1.0,0.0,0.245009926162
1.0,1.0,0.786008779948
1.0,1.0,0.820971723111
1.0,0.0,0.214710404709
1.0,1.0,0.559481225725
1.0,0.0,0.078868516661
1.0,1.0,0.521099794722
1.0,1.0,0.733615152265
1.0,1.0,0.998741751793
1.0,1.0,0.979463340701
1.0,1.0,0.632793867028
1.0,0.0,0.357178218343
1.0,1.0,0.927761454714
1.0,1.0,0.546064389533
1.0,1.0,0.966403457535
1.0,1.0,0.695650162062
1.0,0.0,0.411428349539
1.0,0.0,0.296569621212
1.0,0.0,0.492278589367
1.0,1.0,0.622229987802
1.0,0.0,0.38313127411
1.0,1.0,0.732849778412
1.0,0.0,0.130389525882
1.0,0.0,0.263415277112
1.0,1.0,0.814936997801
1.0,1.0,0.514959077582
1.0,1.0,0.700190331291
1.0,1.0,0.811610002795
1.0,1.0,0.701190464743
1.0,0.0,0.448371936025
1.0,1.0,0.517341049273
1.0,1.0,0.542888828608
1.0,1.0,0.510970214159
1.0,0.0,0.231177837753
1.0,1.0,0.88583251851
1.0,0.0,0.222289047022
1.0,1.0,0.967992229765
1.0,1.0,0.999196458133
1.0,0.0,0.33064420411
1.0,0.0,0.073056114509
1.0,1.0,0.985791280306
1.0,1.0,0.591283136098
1.0,1.0,0.809583089721
1.0,1.0,0.698399146191
1.0,0.0,0.327983637479
1.0,1.0,0.623653115528
1.0,1.0,0.889759144028
1.0,1.0,0.649711344083
1.0,1.0,0.599633343077
1.0,1.0,0.703274835771
1.0,0.0,0.192532209112
1.0,0.0,0.296058377602
1.0,1.0,0.740815536934
1.0,1.0,0.610844155505
1.0,0.0,0.333500890428
1.0,1.0,0.985442702359
1.0,0.0,0.40595142366
1.0,1.0,0.97934253797
1.0,1.0,0.900986584757
1.0,1.0,0.989623597453
1.0,0.0,0.250319269578
1.0,0.0,0.362073632804
1.0,0.0,0.109674324311
1.0,0.0,0.0990492069601
1.0,0.0,0.200204360507
1.0,1.0,0.999999922062
1.0,0.0,0.421608775167
1.0,1.0,0.520434849888
1.0,1.0,0.707606584438
1.0,0.0,0.129250752968
1.0,1.0,0.960360848184
1.0,1.0,0.999956939929
1.0,0.0,0.334625702432
1.0,1.0,0.639648100875
1.0,0.0,0.150359874221
1.0,0.0,0.268988161694
1.0,1.0,0.821554207456
1.0,0.0,0.454131798271
1.0,1.0,0.69660024985
1.0,0.0,0.419375802777
1.0,1.0,0.537930552248
1.0,0.0,0.384329776373
1.0,0.0,0.470321725796
1.0,0.0,0.144363007418
1.0,0.0,0.42327570643
1.0,0.0,0.0875925826813
1.0,0.0,0.222758520172
1.0,0.0,0.32222898409
1.0,0.0,0.0575523711056
1.0,0.0,0.235755170571
1.0,1.0,0.715455836782
1.0,1.0,0.52309232864
1.0,0.0,0.258110109906
1.0,0.0,0.314398719167
1.0,1.0,0.502155959033
1.0,1.0,0.865057364376
1.0,1.0,0.726904907871
1.0,0.0,0.0944397352281
1.0,0.0,0.219762947964
1.0,0.0,0.149697091284
1.0,0.0,0.281823240665
1.0,0.0,0.214040782734
1.0,0.0,0.451037409994
1.0,0.0,0.326651053835
1.0,1.0,0.987323086136
1.0,0.0,0.0743945992921
1.0,0.0,0.35417750994
1.0,0.0,0.41521720104
1.0,1.0,0.540880100558
1.0,0.0,0.100186084888
1.0,1.0,0.728846654533
1.0,1.0,0.765256140369
1.0,1.0,0.950432230938
1.0,0.0,0.38172951761
1.0,0.0,0.190672070028
1.0,0.0,0.326506032165
1.0,0.0,0.212382533724
1.0,1.0,0.680137438255
1.0,1.0,0.767007021962
1.0,1.0,0.547059781928
1.0,0.0,0.266436819889
1.0,1.0,0.642607209617
1.0,0.0,0.193998204191
1.0,0.0,0.313842418243
1.0,1.0,0.866476171456
1.0,1.0,0.999999996563
1.0,1.0,0.577299182838
1.0,1.0,0.736500679743
1.0,1.0,0.921518807233
1.0,0.0,0.220243397817
1.0,0.0,0.119576002664
1.0,0.0,0.166743176405
1.0,0.0,0.388762434547
1.0,0.0,0.402391083822
1.0,0.0,0.479024371685
1.0,0.0,0.340389534151
1.0,0.0,0.418323602807
1.0,1.0,0.992756719679
1.0,1.0,0.5366227266
1.0,0.0,0.3949493118
1.0,1.0,0.587276210433
1.0,1.0,0.559323998084
1.0,0.0,0.138262223018
1.0,1.0,0.757150692007
1.0,0.0,0.445430522445
1.0,0.0,0.27976353361
1.0,1.0,0.784992910991
1.0,0.0,0.494080618254
1.0,0.0,0.497332571877
1.0,0.0,0.10221600282
1.0,0.0,0.314916887955
1.0,0.0,0.114564564678
1.0,0.0,0.419628361083
1.0,1.0,0.690479035624
1.0,0.0,0.290788779382
1.0,0.0,0.334075338078
1.0,1.0,0.712626258764
1.0,0.0,0.351228079174
1.0,1.0,0.829717006164
1.0,0.0,0.382872874143
1.0,0.0,0.405394800552
1.0,0.0,0.267416012331
1.0,1.0,0.639655604457
1.0,0.0,0.193017211094
1.0,1.0,0.634472127736
1.0,1.0,0.940867791688
1.0,0.0,0.210635619158
1.0,0.0,0.246630781379
1.0,0.0,0.464931468823
1.0,0.0,0.314799263781
1.0,0.0,0.453602027584
1.0,1.0,0.647410665816
1.0,1.0,0.769928907225
1.0,1.0,0.999912916424
1.0,1.0,0.633856930459
1.0,0.0,0.229683925715
1.0,0.0,0.303107895622
1.0,1.0,0.653593085421
1.0,1.0,0.871778003193
1.0,0.0,0.404721184347
1.0,0.0,0.415955144614
1.0,1.0,0.633470160131
1.0,0.0,0.111058134646
1.0,0.0,0.265454724785
1.0,0.0,0.316267325445
1.0,1.0,0.795983982701
1.0,1.0,0.595551594297
1.0,1.0,0.77022512122
1.0,0.0,0.40822936053
1.0,1.0,0.99997735156
1.0,0.0,0.357641487393
1.0,1.0,0.65135225138
1.0,0.0,0.157137070644
1.0,1.0,0.998290086265
1.0,0.0,0.237968602498
1.0,1.0,0.921415209827
1.0,1.0,0.992853010205
1.0,0.0,0.156598021323
1.0,0.0,0.302049517472
1.0,0.0,0.20108852492
1.0,0.0,0.336252030843
1.0,0.0,0.162140938057
1.0,0.0,0.122959699084
1.0,0.0,0.12315759493
1.0,0.0,0.312870445183
1.0,1.0,0.840298421974
1.0,1.0,1.0
1.0,1.0,0.523467158362
1.0,0.0,0.0824529015194
1.0,0.0,0.287448690647
1.0,1.0,0.722525263249
1.0,0.0,0.0659503264687
1.0,0.0,0.343875911045
1.0,0.0,0.452799181218
1.0,0.0,0.407737743852
1.0,1.0,0.981154389135
1.0,0.0,0.287356042866
1.0,1.0,0.999076403973
1.0,0.0,0.326957213897
1.0,0.0,0.0816112878802
1.0,1.0,0.921763257128
1.0,0.0,0.417930466196
1.0,0.0,0.492685885907
1.0,0.0,0.235022807287
1.0,0.0,0.107410478914
1.0,1.0,0.999970092152
1.0,1.0,0.520311498142
1.0,0.0,0.449469841764
1.0,0.0,0.41140901466
1.0,0.0,0.177869446108
1.0,0.0,0.169194206935
1.0,1.0,0.732282404325
1.0,1.0,0.931410080908
1.0,0.0,0.0175867928142
1.0,0.0,0.161651073465
1.0,1.0,0.563327836112
1.0,1.0,0.548923499103
1.0,0.0,0.408428007641
1.0,0.0,0.321091733787
1.0,0.0,0.369052782989
1.0,0.0,0.339019572786
1.0,0.0,0.192006664526
1.0,0.0,0.226937273971
1.0,1.0,0.596610283082
1.0,0.0,0.362769564919
1.0,0.0,0.454874720824
1.0,1.0,0.601616429941
1.0,0.0,0.427949351342
1.0,1.0,0.637314273458
1.0,0.0,0.324732799034
1.0,0.0,0.402343862058
1.0,0.0,0.0495276947403
1.0,0.0,0.479295487352
1.0,0.0,0.276792867716
1.0,0.0,0.275515268451
1.0,0.0,0.390463107859
1.0,0.0,0.33727085868
1.0,0.0,0.176992394894
1.0,0.0,0.39793865179
1.0,0.0,0.137437176159
1.0,1.0,0.999997454431
1.0,1.0,0.978045479628
1.0,1.0,0.616289725702
1.0,0.0,0.400280616774
1.0,0.0,0.206809130917
1.0,1.0,0.505613831537
1.0,1.0,0.762935680734
1.0,0.0,0.461756723469
1.0,0.0,0.379210319966
1.0,1.0,0.999743668322
1.0,0.0,0.205871922959
1.0,0.0,0.210612165675
1.0,1.0,0.53734049471
1.0,0.0,0.163537920305
1.0,0.0,0.172681998544
1.0,0.0,0.193015132083
1.0,1.0,0.825296571077
1.0,0.0,0.371189833844
1.0,1.0,0.557751376829
1.0,1.0,0.991462736923
1.0,1.0,0.73833877603
1.0,1.0,0.660832273059
1.0,1.0,0.57337840705
1.0,0.0,0.131170873113
1.0,0.0,0.384610878409
1.0,1.0,0.920485961966
1.0,0.0,0.484910760095
1.0,1.0,0.512037322313
1.0,0.0,0.49517757308
1.0,1.0,0.982708159513
1.0,1.0,0.915232703287
1.0,1.0,0.660186004345
1.0,0.0,0.435362741027
1.0,1.0,0.539876594328
1.0,0.0,0.233941464486
1.0,0.0,0.354156529712
1.0,1.0,0.950570330048
1.0,0.0,0.266606040756
1.0,0.0,0.218206704184
1.0,0.0,0.463214588072
1.0,0.0,0.438769726208
1.0,0.0,0.379758103257
1.0,1.0,0.754693442125
1.0,0.0,0.400270231382
1.0,1.0,0.595920469168
1.0,1.0,0.774519381836
1.0,1.0,0.999847793496
1.0,1.0,0.637065653399
1.0,1.0,0.572989161372
1.0,1.0,0.633126539637
1.0,0.0,0.365547850918
1.0,1.0,0.999496570182
1.0,0.0,0.472206659323
1.0,1.0,0.561972897117
1.0,1.0,0.974912008155
1.0,0.0,0.236075053077
1.0,0.0,0.344722839737
1.0,0.0,0.0840545292473
1.0,0.0,0.0141843449992
1.0,0.0,0.205863609771
1.0,0.0,0.397271797934
1.0,1.0,0.999999914375
1.0,1.0,0.789021329704
1.0,0.0,0.394474905363
1.0,1.0,0.771148782069
1.0,0.0,0.275719389464
1.0,0.0,0.129866214827
1.0,1.0,0.846163711142
1.0,1.0,0.603255790518
1.0,1.0,0.611030824567
1.0,1.0,0.646873646956
1.0,1.0,0.943721701938
1.0,0.0,0.367883176584
1.0,0.0,0.0335704978653
1.0,0.0,0.236989502383
1.0,1.0,0.610268654645
1.0,0.0,0.14483127291
1.0,0.0,0.217926329213
1.0,1.0,0.978739026527
1.0,0.0,0.0788733596724
1.0,0.0,0.322071732761
1.0,1.0,0.996493239023
1.0,1.0,0.80148257684
1.0,0.0,0.327045609855
1.0,1.0,0.722024225756
1.0,0.0,0.320007992911
1.0,0.0,0.454410787901
1.0,0.0,0.0952543311687
1.0,1.0,0.803552799683
1.0,0.0,0.181761801243
1.0,0.0,0.00513140056572
1.0,1.0,0.999965426466
1.0,0.0,0.100165987969
1.0,1.0,0.787049208158
1.0,0.0,0.028798771884
1.0,0.0,0.240850738818
1.0,0.0,0.310501964411
1.0,1.0,0.957988378614
1.0,1.0,0.57362746187
1.0,0.0,0.410874407727
1.0,0.0,0.251563676176
1.0,1.0,0.814215454917
1.0,0.0,0.449429859273
1.0,0.0,0.0763295942416
1.0,1.0,0.79320308765
1.0,0.0,0.175030632386
1.0,1.0,0.999999999993
1.0,1.0,0.999589257211
1.0,1.0,0.788259844786
1.0,1.0,0.710909438959
1.0,1.0,0.528232335911
1.0,0.0,0.217180170277
1.0,1.0,0.83211959778
1.0,0.0,0.217838931284
1.0,0.0,0.172346628319
1.0,1.0,0.977395194435
1.0,0.0,0.358658265119
1.0,1.0,0.613414710972
1.0,1.0,0.967919832
1.0,0.0,0.471409381585
1.0,1.0,0.733979899031
1.0,0.0,0.280696691952
1.0,1.0,0.66545149874
1.0,0.0,0.101880836622
1.0,0.0,0.0911776896721
1.0,1.0,0.783895027348
1.0,0.0,0.499169687024
1.0,0.0,0.448033977034
1.0,0.0,0.409712109488
1.0,1.0,0.941328222
1.0,1.0,0.653176359108
1.0,0.0,0.482439810197
1.0,1.0,0.510055444694
1.0,1.0,0.509729591211
1.0,0.0,0.191744064928
1.0,1.0,0.971193081943
1.0,1.0,0.64379918715
1.0,1.0,0.999898398903
1.0,1.0,0.999975161646
1.0,1.0,0.952817573991
1.0,1.0,0.740261388326
1.0,0.0,0.225773774724
1.0,0.0,0.393503048393
1.0,0.0,0.441513749695
1.0,1.0,0.55206383959
1.0,0.0,0.144935808124
1.0,1.0,0.760919287437
1.0,1.0,0.568459257436
1.0,1.0,0.940029697224
1.0,0.0,0.0333208987852
1.0,1.0,0.64535334045
1.0,1.0,0.690708404012
1.0,1.0,0.999998746324
1.0,0.0,0.488584334735
1.0,1.0,0.99999192715
1.0,1.0,0.999977900634
1.0,0.0,0.441984040114
1.0,0.0,0.200268737459
1.0,1.0,0.999502209521
1.0,0.0,0.239255054128
1.0,0.0,0.292806600887
1.0,0.0,0.476362799003
1.0,1.0,0.999999999106
1.0,0.0,0.444254674622
1.0,1.0,0.683815293824
1.0,0.0,0.266350520726
1.0,0.0,0.0325782961584
1.0,1.0,0.810913638996
1.0,1.0,0.970115211272
1.0,1.0,0.984354795719
1.0,1.0,0.873990307866
1.0,1.0,0.806616174233
1.0,1.0,0.779273657808
1.0,0.0,0.1767579272
1.0,0.0,0.412287398513
1.0,1.0,0.615674614703
1.0,1.0,0.707393939811
1.0,0.0,0.267065868379
1.0,0.0,0.27599835437
1.0,0.0,0.274926844978
1.0,0.0,0.382403474243
1.0,0.0,0.197914257317
1.0,1.0,0.557433326804
1.0,1.0,0.874936170757
1.0,1.0,0.860265449397
1.0,0.0,0.293139977906
1.0,0.0,0.417270930991
1.0,0.0,0.0251040027483
1.0,0.0,0.477212382362
1.0,1.0,0.932298342686
1.0,0.0,0.280517405908
1.0,0.0,0.130234318767
1.0,0.0,0.255829696977
1.0,0.0,0.373222383443
1.0,0.0,0.0238350647883
1.0,0.0,0.000147080278496
1.0,0.0,0.290229464879
1.0,0.0,0.116208742116
1.0,1.0,0.626200330249
1.0,0.0,0.261086703943
1.0,0.0,0.288461489643
1.0,0.0,0.49127458672
1.0,0.0,0.0309350410324
1.0,1.0,0.979892826376
1.0,0.0,0.229592886227
1.0,0.0,0.312456811662
1.0,1.0,0.954121436338
1.0,1.0,0.992663341784
1.0,0.0,0.470889138814
1.0,0.0,0.219086729301
1.0,0.0,0.319442748575
1.0,1.0,0.640147310808
1.0,1.0,0.965896288448
1.0,1.0,0.681164120264
1.0,1.0,0.99999151194
1.0,0.0,0.227310223832
1.0,0.0,0.349230232181
1.0,1.0,0.558908848202
1.0,0.0,0.170619434316
1.0,0.0,0.205816602921
1.0,1.0,0.77774993981
1.0,0.0,0.436914733092
1.0,0.0,0.151498053993
1.0,1.0,0.557785803534
1.0,1.0,0.606775466889
1.0,1.0,0.722526835817
1.0,0.0,0.366877225234
1.0,1.0,0.510628047358
1.0,0.0,0.380154298257
1.0,0.0,0.347298325529
1.0,1.0,0.846243113926
1.0,0.0,0.10994905237
1.0,1.0,0.552159263295
1.0,1.0,0.533518264521
1.0,1.0,0.963000817084
1.0,0.0,0.203644925048
1.0,1.0,0.526168956905
1.0,1.0,0.72861842687
1.0,0.0,0.392396881786
1.0,1.0,0.995596249295
1.0,1.0,0.91158138573
1.0,1.0,0.641960200533
1.0,1.0,0.647723309517
1.0,1.0,0.990817365489
1.0,1.0,0.909819042549
1.0,1.0,0.588468951048
1.0,0.0,0.479919607067
1.0,1.0,0.63265365283
1.0,1.0,0.604128340438
1.0,1.0,0.83677442564
1.0,1.0,0.716593082617
1.0,1.0,0.626138704293
1.0,1.0,0.630339710989
1.0,1.0,0.622800957996
1.0,1.0,0.673370100498
1.0,0.0,0.409969772424
1.0,0.0,0.323680207173
1.0,1.0,0.764393916858
1.0,1.0,0.932772963745
1.0,0.0,0.468598017386
1.0,1.0,0.965535816822
1.0,0.0,0.114731688237
1.0,1.0,0.766451875893
1.0,1.0,0.54873216057
1.0,1.0,0.992200722891
1.0,0.0,0.413969600011
1.0,1.0,0.821694487671
1.0,1.0,0.662888296467
1.0,0.0,0.319415841012
1.0,0.0,0.358344626136
1.0,0.0,0.289752245472
1.0,0.0,0.157742153487
1.0,0.0,0.196304970399
1.0,0.0,0.26071367584
1.0,0.0,0.00208394326978
1.0,0.0,0.414723044406
1.0,0.0,0.493433582507
1.0,1.0,0.819312098373
1.0,0.0,0.216532197652
1.0,0.0,0.402612681801
1.0,0.0,0.473499200592
1.0,0.0,0.473335081376
1.0,1.0,0.932751507644
1.0,1.0,0.552234754007
1.0,0.0,0.184863298189
1.0,1.0,0.587126163145
1.0,0.0,0.109439682305
1.0,1.0,0.990997620319
1.0,0.0,0.320429358026
1.0,0.0,0.122438913852
1.0,1.0,0.999834170493
1.0,1.0,0.531358443042
1.0,1.0,0.856354254998
1.0,0.0,0.170396778515
1.0,1.0,0.509811918228
1.0,1.0,0.861973825844
1.0,1.0,0.720980444057
1.0,0.0,0.244328484189
1.0,0.0,0.401263260145
1.0,1.0,0.903299989947
1.0,0.0,0.483106535825
1.0,1.0,0.892635698252
1.0,0.0,0.246948145678
1.0,1.0,0.66300632276
1.0,0.0,0.390732254235
1.0,1.0,0.700676798293
1.0,0.0,0.210066136023
1.0,1.0,0.966332255939
1.0,1.0,0.995047492581
1.0,0.0,0.00886225803474
1.0,0.0,0.211820894573
1.0,1.0,0.546408562645
1.0,0.0,0.350981087659
1.0,0.0,0.0342965170289
1.0,1.0,0.96481309379
1.0,0.0,0.0307400217289
1.0,1.0,0.53231793858
1.0,1.0,0.57817528416
1.0,0.0,0.345201719934
1.0,0.0,0.359990507335
1.0,1.0,0.82370823997
1.0,1.0,0.887064590918
1.0,0.0,0.0956012855974
1.0,1.0,0.673352404522
1.0,0.0,0.229688043533
1.0,1.0,0.692051523428
1.0,1.0,0.973844589205
1.0,0.0,0.280606912839
1.0,0.0,0.47836204885
1.0,1.0,0.748735842139
1.0,1.0,0.717460241633
1.0,1.0,0.976843335364
1.0,1.0,0.943447792342
1.0,1.0,0.870815046362
1.0,0.0,0.0340919349921
1.0,0.0,0.187859347798
1.0,0.0,0.354484553397
1.0,1.0,0.881331492034
1.0,1.0,0.618663291871
1.0,1.0,0.62031142936
1.0,0.0,0.415433912585
1.0,0.0,0.281896589487
1.0,1.0,0.618932779374
1.0,0.0,0.203876721427
1.0,1.0,0.999999999998
1.0,1.0,0.929380310132
1.0,1.0,0.999992415125
1.0,0.0,0.432765845104
1.0,1.0,0.807388706835
1.0,1.0,0.653732293385
1.0,1.0,0.573367270781
1.0,1.0,0.986262932596
1.0,1.0,0.999422260186
1.0,1.0,0.993751883069
1.0,0.0,0.465739392955
1.0,1.0,0.887837920725
1.0,1.0,0.800977087559
1.0,1.0,0.623775878551
1.0,1.0,0.588020431231
1.0,0.0,0.361829027557
1.0,1.0,0.903951600033
1.0,1.0,0.550727659805
1.0,1.0,0.991969457193
1.0,1.0,0.656955693322
1.0,1.0,0.785093765869
1.0,1.0,0.544674044201
1.0,1.0,0.535409812624
1.0,1.0,0.999999999878
1.0,1.0,0.999826425006
1.0,0.0,0.071430199377
1.0,1.0,0.849843696126
1.0,1.0,0.570190778199
1.0,1.0,0.685144431008
1.0,1.0,0.521955604844
1.0,0.0,0.437700076497
1.0,1.0,0.984415079688
1.0,1.0,0.518815991681
1.0,0.0,0.351927243109
1.0,1.0,0.991058771597
1.0,1.0,0.999916766565
1.0,1.0,0.993128561173
1.0,1.0,0.767546255962
1.0,1.0,0.75189952321
1.0,1.0,0.509721796857
1.0,1.0,0.876485481841
1.0,1.0,0.654653725272
1.0,1.0,0.995706005078
1.0,1.0,0.512294862873
1.0,1.0,0.76155154723
1.0,0.0,0.208065858289
1.0,0.0,0.357440752927
1.0,0.0,0.384912880251
1.0,1.0,0.756385214009
1.0,1.0,0.839018530409
1.0,1.0,0.999999923465
1.0,1.0,0.999888860194
1.0,0.0,0.461087527687
1.0,1.0,0.970695562207
1.0,0.0,0.0228457919614
1.0,1.0,0.922941657257
1.0,1.0,0.788424094565
1.0,1.0,0.585336689778
1.0,0.0,0.336380558375
1.0,1.0,0.726693539663
1.0,1.0,0.999999935399
1.0,1.0,0.977913110909
1.0,1.0,0.688858297277
1.0,1.0,0.608806235929
1.0,1.0,0.996513331365
1.0,1.0,0.733484170275
1.0,1.0,0.945568993139
1.0,0.0,0.476763340458
1.0,0.0,0.401494766319
1.0,1.0,0.910869191213
1.0,1.0,0.560573732959
1.0,1.0,0.584734921083
1.0,0.0,0.451824140071
1.0,1.0,0.81964622301
1.0,1.0,0.930124905559
1.0,0.0,0.34912092223
1.0,0.0,0.118138307312
1.0,1.0,0.501377707161
1.0,1.0,0.99984677991
1.0,1.0,0.950354963727
1.0,1.0,0.681965079509
1.0,0.0,0.146177770837
1.0,1.0,0.999989099606
1.0,1.0,0.881392087235
1.0,1.0,0.903022714308
1.0,1.0,0.938908258872
1.0,1.0,0.652954720799
1.0,0.0,0.330265840217
1.0,1.0,0.579589636211
1.0,0.0,0.210974059802
1.0,0.0,0.392286728588
1.0,1.0,0.954869167482
1.0,0.0,0.240119231128
1.0,0.0,0.102404020733
1.0,1.0,0.999935929499
1.0,0.0,0.477597883804
1.0,1.0,0.99999997721
1.0,0.0,0.145040409494
1.0,0.0,0.299382537475
1.0,1.0,0.939558584074
1.0,0.0,0.1838705653
1.0,1.0,0.959340067555
1.0,1.0,0.679944331664
1.0,0.0,0.470868414992
1.0,0.0,0.173946176594
1.0,0.0,0.266203543635
1.0,1.0,0.565583379584
1.0,0.0,0.337944991867
1.0,0.0,0.0465794195058
1.0,1.0,0.605943735489
1.0,0.0,0.0759849614604
1.0,0.0,0.16873795522
1.0,1.0,0.988672245447
1.0,0.0,0.287704688456
1.0,1.0,0.89872824538
1.0,0.0,0.182637626472
1.0,0.0,0.262809328271
1.0,1.0,0.744703707495
1.0,1.0,0.830001212524
1.0,0.0,0.109609534664
1.0,1.0,0.81332772509
1.0,1.0,0.92860697021
1.0,0.0,0.00103229091868
1.0,1.0,0.522128809537
1.0,1.0,0.999484292368
1.0,0.0,0.327481529734
1.0,0.0,0.0880857810024
1.0,1.0,0.661056515676
1.0,0.0,0.283597775463
1.0,0.0,0.409857404506
1.0,1.0,0.999758825753
1.0,0.0,0.397750586341
1.0,0.0,0.273733098445
1.0,0.0,0.415101736119
1.0,0.0,0.251612482423
1.0,1.0,0.540099388877
1.0,1.0,0.738716311981
1.0,1.0,0.739467090321
1.0,0.0,0.359494234615
1.0,1.0,0.999789349436
1.0,0.0,0.0923077548333
1.0,1.0,0.984869341659
1.0,1.0,0.595972973696
1.0,1.0,0.99699122989
1.0,1.0,0.711149331948
1.0,1.0,0.806492617586
1.0,0.0,0.441556115011
1.0,1.0,0.999470800531
1.0,1.0,0.538160031072
1.0,1.0,0.999999980358
1.0,1.0,0.781110375978
1.0,0.0,0.0374236400937
1.0,0.0,0.432912007887
1.0,1.0,0.999978508335
1.0,1.0,0.985304947765
1.0,1.0,0.62877558234
1.0,0.0,0.310257793776
1.0,1.0,0.931918554142
1.0,0.0,0.318280367853
1.0,0.0,0.189523039481
1.0,1.0,0.999995905203
1.0,1.0,0.999999998819
1.0,0.0,0.103055600103
1.0,0.0,0.456391876738
1.0,0.0,0.236725037699
1.0,0.0,0.0171710949476
1.0,1.0,0.759663285693
1.0,1.0,0.644803530952
1.0,0.0,0.0125168265283
1.0,0.0,0.438013766191
1.0,1.0,0.774503327528
1.0,0.0,0.330563541066
1.0,0.0,0.215556008699
1.0,0.0,0.217537993269
1.0,0.0,0.363818147764
1.0,1.0,0.575756665637
1.0,1.0,0.985806968935
1.0,1.0,0.972873098191
1.0,1.0,0.676667601518
1.0,1.0,0.577821853803
1.0,0.0,0.256253195024
1.0,0.0,0.285596895765
1.0,1.0,0.99844510967
1.0,0.0,0.189081249523
1.0,0.0,0.0612250574914
1.0,1.0,0.999985135736
1.0,0.0,0.435609797375
1.0,0.0,0.457683941758
1.0,1.0,0.662978897102
1.0,1.0,0.657808936558
1.0,0.0,0.086001668048
1.0,1.0,0.60942182584
1.0,1.0,0.61578594152
1.0,0.0,0.145925912159
1.0,0.0,0.244798630127
1.0,0.0,0.0983211050776
1.0,1.0,0.681602242567
1.0,0.0,0.179375291857
1.0,0.0,0.082371158737
1.0,0.0,0.396023273889
1.0,0.0,0.237481695025
1.0,0.0,0.32957783675
1.0,0.0,0.299584455897
1.0,0.0,9.99570211562e-05
1.0,0.0,0.0209245863248
1.0,1.0,0.544804254276
1.0,1.0,0.915838565046
1.0,1.0,0.560472980998
1.0,1.0,0.774395112947
1.0,1.0,0.643589082308
1.0,0.0,0.492201409865
1.0,0.0,0.0879674919751
1.0,0.0,0.0668631297181
1.0,0.0,0.13143563962
1.0,1.0,0.788258031714
1.0,1.0,0.723098206851
1.0,1.0,0.765915420329
1.0,0.0,0.117333309595
1.0,1.0,0.927367110033
1.0,0.0,0.388200149869
1.0,0.0,0.319754233245
1.0,0.0,0.360868918216
1.0,1.0,0.777218253631
1.0,1.0,0.50888497593
1.0,0.0,0.1249172959
1.0,1.0,0.790283252558
1.0,1.0,0.806501543074
1.0,1.0,0.884897360771
1.0,0.0,0.361981236788
1.0,0.0,0.455118739147
1.0,1.0,0.999245965864
1.0,1.0,0.822613607634
1.0,1.0,0.846359601238
1.0,1.0,0.541803299861
1.0,1.0,0.974686612366
1.0,1.0,0.616890381837
1.0,1.0,0.701156933407
1.0,0.0,0.127913810114
1.0,1.0,0.766051891905
1.0,1.0,0.999999999993
1.0,0.0,0.00662010270497
1.0,1.0,0.883935758556
1.0,1.0,0.584606404608
1.0,0.0,0.225009296944
1.0,1.0,0.574198378423
1.0,1.0,0.999999998695
1.0,1.0,0.637812985361
1.0,1.0,0.535086383162
1.0,1.0,0.691452777442
1.0,0.0,0.121233635466
1.0,0.0,0.0563762879762
1.0,1.0,0.694943354617
1.0,1.0,0.715659647716
1.0,1.0,0.978000325145
1.0,1.0,0.6211609526
1.0,0.0,0.154567257632
1.0,1.0,0.838883617804
1.0,0.0,0.0676989049317
1.0,1.0,0.969322969826
1.0,0.0,0.462521150475
1.0,0.0,0.49381165043
1.0,1.0,0.809855496388
1.0,1.0,0.57704868422
1.0,0.0,0.0270139543842
1.0,1.0,0.576374265766
1.0,1.0,0.59313411706
1.0,0.0,0.305860913036
1.0,1.0,0.946599546311
1.0,0.0,0.32577709765
1.0,1.0,0.709287314046
1.0,0.0,0.442661261262
1.0,1.0,0.935258042005
1.0,0.0,0.252134559208
1.0,1.0,0.627120470534
1.0,1.0,0.961908619844
1.0,1.0,0.804057630368
1.0,0.0,0.212066191821
1.0,1.0,0.537848485352
1.0,0.0,0.363456532902
1.0,0.0,0.390229970788
1.0,1.0,0.77547248426
1.0,1.0,0.999984624285
1.0,0.0,0.282528639651
1.0,1.0,0.712296734858
1.0,1.0,0.856622623821
1.0,1.0,0.530763369223
1.0,0.0,0.318247528609
1.0,0.0,0.310839299946
1.0,1.0,0.83655989839
1.0,1.0,0.873181870347
1.0,0.0,0.25131516366
1.0,1.0,0.997610515865
1.0,1.0,0.712424085294
1.0,0.0,0.337819579122
1.0,0.0,0.484786260729
0.0,0.0,0.333573948653
0.0,1.0,0.540050924394
0.0,0.0,0.498133128765
0.0,0.0,0.280643235689
0.0,0.0,0.0191218004453
0.0,0.0,0.219584391021
0.0,0.0,0.0249356518005
0.0,0.0,0.259182903728
0.0,0.0,0.283287801522
0.0,0.0,0.293769070296
0.0,0.0,0.0682982056706
0.0,0.0,0.445205174111
0.0,0.0,0.230991034432
0.0,0.0,0.0417672570634
0.0,0.0,0.485572138485
0.0,0.0,0.294070515376
0.0,1.0,0.592781704238
0.0,0.0,0.358187700469
0.0,0.0,0.128015456216
0.0,0.0,0.38842865985
0.0,0.0,0.414317536557
0.0,0.0,0.256277747777
0.0,0.0,0.185720657776
0.0,0.0,0.463154725193
0.0,0.0,0.260245891221
0.0,0.0,0.293836290019
0.0,1.0,0.610118344149
0.0,0.0,0.228359648085
0.0,0.0,0.0767543845105
0.0,0.0,0.378919912487
0.0,0.0,0.242696895274
0.0,0.0,0.0817149568555
0.0,0.0,0.296494552648
0.0,0.0,0.336316346444
0.0,0.0,0.0586582697197
0.0,0.0,0.438222382572
0.0,0.0,0.0902371454279
0.0,0.0,0.228490208
0.0,0.0,0.124068292006
0.0,0.0,0.385691728618
0.0,1.0,0.950376504005
0.0,0.0,0.0559426406759
0.0,0.0,0.0204474954622
0.0,0.0,0.446516470016
0.0,0.0,0.434288971256
0.0,0.0,0.0475456161599
0.0,0.0,0.267128339784
0.0,1.0,0.901609953909
0.0,1.0,0.557312079011
0.0,1.0,0.691342538991
0.0,1.0,0.572251686081
0.0,0.0,0.433481768966
0.0,0.0,0.300531603607
0.0,0.0,0.439107259471
0.0,0.0,0.187938856588
0.0,0.0,0.159590949434
0.0,1.0,0.882176487214
0.0,0.0,0.167010643687
0.0,1.0,0.507847227533
0.0,0.0,0.308522037339
0.0,0.0,9.50904936857e-06
0.0,0.0,0.121732853503
0.0,0.0,0.351975716272
0.0,0.0,0.194523202632
0.0,0.0,0.0881082411181
0.0,0.0,0.304637173143
0.0,0.0,0.036142141445
0.0,0.0,0.399647519715
0.0,0.0,0.188560107632
0.0,0.0,0.276912144136
0.0,0.0,0.457571110819
0.0,0.0,0.218623241636
0.0,0.0,0.398997838569
0.0,0.0,0.42387550413
0.0,1.0,0.514556713926
0.0,0.0,0.0840429559183
0.0,1.0,0.527915033908
0.0,0.0,0.212919538865
0.0,0.0,0.309574120641
0.0,1.0,0.553454923873
0.0,0.0,0.303234574833
0.0,0.0,0.358074510797
0.0,0.0,0.0080213780185
0.0,0.0,0.00108024126549
0.0,0.0,0.220496008585
0.0,0.0,0.46338597783
0.0,0.0,0.0950060223145
0.0,0.0,0.313234523878
0.0,0.0,0.192624620485
0.0,0.0,0.36045460663
0.0,0.0,0.0264094260912
0.0,0.0,0.0299055884004
0.0,0.0,0.013412513238
0.0,0.0,0.239106878154
0.0,0.0,8.36543452609e-05
0.0,1.0,0.579556936431
0.0,0.0,0.208237568066
0.0,0.0,0.235900541104
0.0,0.0,0.259038128933
0.0,0.0,0.355394035431
0.0,1.0,0.571927474919
0.0,0.0,0.200857382071
0.0,0.0,0.315667680378
0.0,0.0,0.206316105219
0.0,0.0,0.0842786033641
0.0,0.0,0.101459631139
0.0,0.0,0.390756273213
0.0,0.0,0.152697012839
0.0,1.0,0.533419708233
0.0,0.0,0.264588035017
0.0,0.0,0.325467662402
0.0,1.0,0.872864486677
0.0,0.0,0.108725856205
0.0,0.0,0.147326406802
0.0,0.0,0.156099623586
0.0,0.0,0.44211868826
0.0,0.0,0.133246746475
0.0,1.0,0.541823918006
0.0,0.0,0.342689534207
0.0,0.0,0.0300931268717
0.0,0.0,0.185779667257
0.0,0.0,0.120714397793
0.0,1.0,0.578475529598
0.0,0.0,0.125518246332
0.0,0.0,0.198380970098
0.0,0.0,0.179654616699
0.0,0.0,0.282359578587
0.0,0.0,0.085588105838
0.0,1.0,0.981335464596
0.0,1.0,0.563500099315
0.0,0.0,0.105412248492
0.0,0.0,0.216380926916
0.0,0.0,0.250548694284
0.0,0.0,0.49427853619
0.0,0.0,0.359400380198
0.0,0.0,0.231250510393
0.0,0.0,0.0593365419212
0.0,0.0,0.188719406395
0.0,0.0,0.262424666991
0.0,0.0,0.324816860477
0.0,0.0,0.325243461264
0.0,0.0,0.280410778346
0.0,0.0,0.27477050523
0.0,0.0,0.106993561036
0.0,0.0,0.173013845786
0.0,1.0,0.999945297144
0.0,1.0,0.845984450897
0.0,0.0,0.258552029607
0.0,0.0,0.299784547525
0.0,0.0,0.0363212731674
0.0,0.0,0.321823101454
0.0,0.0,0.115935982218
0.0,0.0,0.279641417589
0.0,1.0,0.572744037812
0.0,0.0,0.281287948538
0.0,0.0,0.0990455627482
0.0,0.0,0.0449415183927
0.0,0.0,0.0619536942857
0.0,0.0,0.299820574767
0.0,0.0,0.0739437521198
0.0,1.0,0.674537281919
0.0,0.0,0.096592490693
0.0,0.0,0.489187680043
0.0,1.0,0.969561589452
0.0,1.0,0.593992680757
0.0,0.0,0.322093818191
0.0,0.0,0.233041269702
0.0,1.0,0.547394771409
0.0,1.0,0.508105097286
0.0,0.0,0.408613988306
0.0,0.0,0.349876306317
0.0,0.0,0.459345641757
0.0,0.0,0.123068142718
0.0,1.0,0.580222196813
0.0,0.0,0.0446553064161
0.0,0.0,0.224651763923
0.0,0.0,0.37771277418
0.0,0.0,0.253271757014
0.0,0.0,0.230685250116
0.0,1.0,0.599498054591
0.0,0.0,0.209766215878
0.0,0.0,0.480467598128
0.0,1.0,0.816401922404
0.0,0.0,0.488566678191
0.0,0.0,0.176437941348
0.0,0.0,0.209451046768
0.0,0.0,0.0908081424456
0.0,1.0,0.56787285899
0.0,1.0,0.848296882209
0.0,1.0,0.705858112762
0.0,1.0,0.716767797344
0.0,0.0,0.255770082543
0.0,1.0,0.606094805922
0.0,0.0,0.453694834105
0.0,0.0,0.176665997947
0.0,0.0,0.241566472914
0.0,1.0,0.553919196952
0.0,0.0,0.335486126254
0.0,0.0,0.371376289659
0.0,0.0,0.237704119363
0.0,0.0,0.226247074692
0.0,1.0,0.6432474071
0.0,0.0,0.488872311081
0.0,0.0,0.352220326837
0.0,1.0,0.520857899067
0.0,1.0,0.6899706867
0.0,1.0,0.671562630752
0.0,0.0,0.323846494636
0.0,0.0,0.439018744983
0.0,0.0,0.26413603046
0.0,0.0,0.0721077636344
0.0,1.0,0.523082349253
0.0,0.0,0.205341903721
0.0,0.0,0.126432675503
0.0,0.0,0.00701882214172
0.0,1.0,0.624200833339
0.0,0.0,0.30754559313
0.0,0.0,0.118558180497
0.0,0.0,0.49205273988
0.0,1.0,0.593576199221
0.0,1.0,0.641428564991
0.0,0.0,0.105265233267
0.0,1.0,0.652534860937
0.0,0.0,0.40645902271
0.0,0.0,0.24954777844
0.0,0.0,0.00104301443888
0.0,0.0,0.124128386069
0.0,0.0,0.298638901489
0.0,0.0,0.0379938551149
0.0,0.0,0.429194809933
0.0,0.0,0.0834975430222
0.0,0.0,0.177619756955
0.0,0.0,0.391689040416
0.0,0.0,0.0224189702015
0.0,0.0,0.40073379205
0.0,0.0,0.207277991943
0.0,0.0,0.315661419321
0.0,0.0,0.459127322401
0.0,0.0,0.0242914348177
0.0,0.0,0.226984089866
0.0,0.0,0.181297108681
0.0,1.0,0.818825206919
0.0,0.0,0.483848138672
0.0,0.0,0.22688484053
0.0,0.0,0.216868895093
0.0,0.0,0.474618642264
0.0,1.0,0.535241328258
0.0,0.0,0.159721992679
0.0,1.0,0.936220826948
0.0,1.0,0.549422390689
0.0,0.0,0.0170374924589
0.0,0.0,0.375359111712
0.0,0.0,0.23573453233
0.0,0.0,0.10921365701
0.0,0.0,0.393710951494
0.0,0.0,0.401948366518
0.0,1.0,0.566436169307
0.0,0.0,0.370343401803
0.0,0.0,0.357642213988
0.0,0.0,0.405904790466
0.0,0.0,0.322748395201
0.0,0.0,0.0415380036034
0.0,0.0,0.201330567713
0.0,0.0,0.189818733648
0.0,1.0,0.735615388244
0.0,0.0,0.285205216608
0.0,1.0,0.562579567366
0.0,0.0,0.439161083459
0.0,0.0,0.331159398924
0.0,0.0,0.216196477434
0.0,0.0,0.244518351276
0.0,0.0,0.488543860003
0.0,0.0,0.167228743425
0.0,0.0,0.0638475152138
0.0,0.0,0.293898538089
0.0,0.0,0.197650628591
0.0,0.0,0.186772404169
0.0,0.0,0.164127222395
0.0,1.0,0.974511198639
0.0,0.0,0.161051454259
0.0,1.0,0.884023535796
0.0,1.0,0.981424723228
0.0,0.0,0.283086422296
0.0,0.0,0.197442679479
0.0,1.0,0.607136083868
0.0,0.0,0.111724573533
0.0,1.0,0.552664484803
0.0,1.0,0.999960407769
0.0,1.0,0.672660863924
0.0,0.0,0.208832559299
0.0,1.0,0.604984099173
0.0,0.0,0.186240566962
0.0,0.0,0.127291538784
0.0,0.0,0.0115651272662
0.0,0.0,0.168733640986
0.0,0.0,0.354878930632
0.0,1.0,0.57582978083
0.0,0.0,0.456285393093
0.0,0.0,0.446307284617
0.0,0.0,0.0104010045679
0.0,0.0,0.0953194813173
0.0,0.0,0.0125483002166
0.0,0.0,0.171414405048
0.0,0.0,0.394689174881
0.0,0.0,0.132522424174
0.0,0.0,0.16145559039
0.0,0.0,0.193013104523
0.0,0.0,0.325522267732
0.0,0.0,0.241994353858
0.0,0.0,0.275505147373
0.0,0.0,0.377291294035
0.0,1.0,0.97573282668
0.0,0.0,0.32775068799
0.0,1.0,0.882144959271
0.0,0.0,0.139127892343
0.0,0.0,0.357448188798
0.0,1.0,0.738560403846
0.0,0.0,0.454144580419
0.0,0.0,0.317779420267
0.0,1.0,0.582384885979
0.0,0.0,0.324762061909
0.0,0.0,0.0258353929758
0.0,0.0,0.165949889294
0.0,0.0,0.291324954334
0.0,0.0,0.00867192032894
0.0,1.0,0.941371060765
0.0,0.0,0.279081689534
0.0,1.0,0.830578962537
0.0,0.0,0.179691041474
0.0,0.0,0.091241638689
0.0,0.0,0.0724319599898
0.0,0.0,0.468516481407
0.0,0.0,0.42056745167
0.0,0.0,0.260892225577
0.0,1.0,0.960584429835
0.0,0.0,0.106554742301
0.0,0.0,0.0885365515995
0.0,1.0,0.999950402503
0.0,0.0,0.264246768294
0.0,0.0,0.486225223284
0.0,0.0,0.336773993845
0.0,0.0,0.424418259147
0.0,1.0,0.939437438614
0.0,0.0,0.426091864234
0.0,0.0,0.441098937553
0.0,0.0,0.112991533054
0.0,0.0,0.344673057078
0.0,1.0,0.502505160173
0.0,0.0,0.190112202477
0.0,0.0,0.210784256912
0.0,1.0,0.570509586545
0.0,0.0,0.0745319403296
0.0,0.0,0.233525282158
0.0,1.0,0.591716102228
0.0,0.0,0.0346901084037
0.0,0.0,0.225663530911
0.0,0.0,0.284722821959
0.0,0.0,0.440066591169
0.0,0.0,0.266934010053
0.0,0.0,0.361872113995
0.0,0.0,0.0891828414413
0.0,0.0,0.0989833873221
0.0,1.0,0.858218112134
0.0,0.0,0.430312517715
0.0,1.0,0.622949300346
0.0,1.0,0.951896422733
0.0,0.0,0.282904863789
0.0,0.0,0.160464875174
0.0,0.0,0.472579280911
0.0,0.0,0.0503963971463
0.0,0.0,0.123493641777
0.0,0.0,0.459069897577
0.0,1.0,0.642747624477
0.0,0.0,0.0325111315764
0.0,1.0,0.812808037055
0.0,0.0,0.139124368798
0.0,0.0,0.290046535142
0.0,0.0,0.488100854257
0.0,0.0,0.263851885545
0.0,0.0,0.25973932029
0.0,1.0,0.70481718396
0.0,0.0,0.156584184796
0.0,1.0,0.518881425055
0.0,1.0,0.552142039054
0.0,0.0,0.101165557585
0.0,0.0,0.184513557782
0.0,0.0,0.173517594548
0.0,0.0,0.0567999139832
0.0,1.0,0.743301990518
0.0,1.0,0.896841694341
0.0,1.0,0.999999988105
0.0,0.0,0.304941479337
0.0,0.0,0.282524446868
0.0,0.0,0.189102865181
0.0,0.0,0.340228093082
0.0,0.0,0.0198103214389
0.0,0.0,0.334792834354
0.0,1.0,0.513262275831
0.0,0.0,0.216932182331
0.0,0.0,0.483446526799
0.0,0.0,0.436987261995
0.0,0.0,0.288191691686
0.0,1.0,0.998852246251
0.0,1.0,0.850283792754
0.0,0.0,0.24649917936
0.0,1.0,0.73008824898
0.0,0.0,0.480697673607
0.0,0.0,0.0129926864431
0.0,1.0,0.717585643088
0.0,1.0,0.997486557651
0.0,1.0,0.61327714967
0.0,0.0,0.126075214315
0.0,0.0,0.229340450012
0.0,1.0,0.608258904463
0.0,0.0,0.0681058434244
0.0,0.0,0.303168510601
0.0,0.0,0.121368574944
0.0,0.0,0.145465047909
0.0,1.0,0.999759705893
0.0,1.0,0.533839659498
0.0,0.0,0.0452832725705
0.0,0.0,0.221901441113
0.0,1.0,1.0
0.0,1.0,0.705584176278
0.0,0.0,0.256103170304
0.0,0.0,0.325205305974
0.0,0.0,0.357666669476
0.0,0.0,0.128804462146
0.0,0.0,0.470775611821
0.0,0.0,0.190554579895
0.0,1.0,0.853007278603
0.0,1.0,0.539781888964
0.0,0.0,0.294623185883
0.0,0.0,0.357914088934
0.0,0.0,0.238178054125
0.0,1.0,0.557965804761
0.0,0.0,0.436558693832
0.0,0.0,0.359430719451
0.0,0.0,0.392334739411
0.0,0.0,0.397229366629
0.0,0.0,0.0448134551341
0.0,0.0,0.405155276188
0.0,0.0,0.24436909964
0.0,0.0,0.221299634356
0.0,0.0,0.404283706387
0.0,0.0,0.141378098689
0.0,1.0,0.800980696627
0.0,0.0,0.00117586695547
0.0,0.0,0.0020078779485
0.0,1.0,0.772247041193
0.0,1.0,0.516805584248
0.0,0.0,0.339008771241
0.0,1.0,0.564528620589
0.0,0.0,0.125493434937
0.0,0.0,0.294435351888
0.0,0.0,0.49731143848
0.0,0.0,0.477399074936
0.0,0.0,0.256642950171
0.0,0.0,0.150068880854
0.0,0.0,0.297375647775
0.0,0.0,0.105765723756
0.0,0.0,0.408997370935
0.0,0.0,0.133181356179
0.0,0.0,0.41282608515
0.0,1.0,0.559927723042
0.0,0.0,0.343222510201
0.0,1.0,0.675020740516
0.0,1.0,0.57661594115
0.0,1.0,0.540434854535
0.0,0.0,0.432650151509
0.0,0.0,0.313607917455
0.0,0.0,0.073595467779
0.0,0.0,0.000852388494004
0.0,0.0,0.0917871984301
0.0,0.0,0.311321034675
0.0,0.0,0.353773097489
0.0,0.0,0.107199085883
0.0,0.0,0.398779189052
0.0,1.0,0.797654362515
0.0,0.0,0.207052210149
0.0,1.0,0.559713840853
0.0,0.0,0.187698910536
0.0,1.0,0.540565279603
0.0,0.0,0.148420615577
0.0,0.0,0.377779324293
0.0,0.0,0.346858204973
0.0,0.0,0.395528161131
0.0,0.0,0.316736430847
0.0,0.0,0.221772657855
0.0,0.0,0.233186151509
0.0,0.0,0.159201147932
0.0,1.0,0.774917884209
0.0,0.0,0.373762803395
0.0,0.0,0.184774579358
0.0,1.0,0.519771084495
0.0,0.0,0.284483236199
0.0,0.0,0.292925231726
0.0,0.0,0.144713855005
0.0,0.0,0.293446578794
0.0,0.0,0.325403498373
0.0,0.0,0.314009155818
0.0,0.0,0.288124604428
0.0,0.0,0.0197098291555
0.0,1.0,0.503971019407
0.0,0.0,0.2898362749
0.0,0.0,0.0236686456357
0.0,0.0,0.185636012882
0.0,0.0,0.221979841659
0.0,0.0,0.326708384278
0.0,1.0,0.657805896256
0.0,0.0,0.464874710604
0.0,0.0,0.0728061861632
0.0,0.0,0.311753534968
0.0,0.0,0.0392263307401
0.0,0.0,0.335123253108
0.0,0.0,0.173704429088
0.0,0.0,0.0241522088704
0.0,0.0,0.0391897054607
0.0,0.0,0.173509647096
0.0,0.0,0.189057971973
0.0,0.0,0.349501637018
0.0,0.0,0.395595766173
0.0,0.0,0.15797000474
0.0,0.0,0.365258914604
0.0,0.0,0.384669686251
0.0,0.0,0.107296100494
0.0,0.0,0.0361324765757
0.0,0.0,0.180766356547
0.0,0.0,0.0352951326789
0.0,0.0,0.20369678161
0.0,0.0,0.105489019784
0.0,0.0,0.290167284289
0.0,1.0,0.546505887524
0.0,1.0,0.702442272451
0.0,1.0,0.691462131177
0.0,1.0,0.690420586395
0.0,0.0,0.263936947354
0.0,0.0,0.391138754698
0.0,0.0,0.0397449257791
0.0,0.0,0.0949199781378
0.0,0.0,0.474558170702
0.0,1.0,0.897357303914
0.0,1.0,0.581189389743
0.0,0.0,0.0150777015821
0.0,0.0,0.273165397714
0.0,0.0,0.373357905769
0.0,0.0,0.0865019092352
0.0,0.0,0.134496112036
0.0,0.0,0.481185299207
0.0,0.0,0.270370102017
0.0,0.0,0.301751529657
0.0,0.0,0.0682270321942
0.0,1.0,0.535757949545
0.0,0.0,0.300445374356
0.0,0.0,0.140748181265
0.0,1.0,0.516619057794
0.0,0.0,0.188687854895
0.0,0.0,0.407630296992
0.0,0.0,0.356831306548
0.0,0.0,0.415044184167
0.0,0.0,0.183342199081
0.0,0.0,0.257066211848
0.0,0.0,0.036669723736
0.0,0.0,0.353658685845
0.0,0.0,0.413990980163
0.0,1.0,0.681418715327
0.0,0.0,0.202707088807
0.0,0.0,0.288722013359
0.0,1.0,0.635193781991
0.0,0.0,0.167581667041
0.0,1.0,0.558499969747
0.0,1.0,0.958319685899
0.0,1.0,0.997224180324
0.0,0.0,0.244916894846
0.0,0.0,0.0443858472293
0.0,0.0,0.459825202199
0.0,0.0,0.208625948047
0.0,0.0,0.2087162455
0.0,0.0,0.211141075409
0.0,1.0,0.509719628829
0.0,0.0,0.122183656938
0.0,0.0,0.444190978237
0.0,0.0,0.383290388664
0.0,0.0,0.102820272968
0.0,0.0,0.289534405519
0.0,0.0,0.0166587333522
0.0,0.0,0.148824760427
0.0,1.0,0.806598833384
0.0,0.0,0.0524766940731
0.0,1.0,0.643401700766
0.0,0.0,0.117331949148
0.0,1.0,0.508777830209
0.0,0.0,0.285729184348
0.0,0.0,0.316177211184
0.0,0.0,0.478140502482
0.0,0.0,0.438964172678
0.0,0.0,0.319303834963
0.0,0.0,0.391465224406
0.0,0.0,0.308077397785
0.0,0.0,0.170058111694
0.0,0.0,0.442616972987
0.0,0.0,0.217006717526
0.0,0.0,0.145232321965
0.0,0.0,0.0167172798368
0.0,0.0,0.146604364579
0.0,0.0,0.343342398139
0.0,0.0,0.437684452747
0.0,0.0,0.238301310355
0.0,0.0,0.357867807665
0.0,0.0,0.137502168011
0.0,0.0,0.0484858875446
0.0,1.0,0.516169727545
0.0,0.0,0.218451972724
0.0,0.0,0.488220964662
0.0,1.0,0.587121351253
0.0,0.0,0.156472230926
0.0,1.0,0.524254538139
0.0,0.0,0.148426064473
0.0,0.0,0.0542861774925
0.0,1.0,0.998017114518
0.0,0.0,0.0518769264715
0.0,1.0,0.649711795304
0.0,0.0,0.388078216621
0.0,0.0,0.314170058674
0.0,0.0,0.26596702144
0.0,1.0,0.603471875572
0.0,0.0,0.19356308108
0.0,0.0,0.129225506189
0.0,1.0,0.584142510713
0.0,0.0,0.456237469822
0.0,0.0,0.129883024498
0.0,0.0,0.15469188807
0.0,0.0,0.373627079176
0.0,0.0,0.256341057147
0.0,0.0,0.274443130177
0.0,0.0,0.455021132976
0.0,0.0,0.0374275272635
0.0,0.0,0.0368492604094
0.0,0.0,0.372511129791
0.0,0.0,0.254833601245
0.0,0.0,0.155200525763
0.0,0.0,0.23883830474
0.0,0.0,0.000811228731647
0.0,0.0,0.148714879966
0.0,0.0,0.171650435971
0.0,0.0,0.101003818544
0.0,0.0,0.197895544491
0.0,0.0,0.262309006133
0.0,0.0,0.194391015634
0.0,0.0,0.0284698447339
0.0,0.0,0.12358123616
0.0,0.0,0.0926205569576
0.0,0.0,0.30775759918
0.0,0.0,0.268337736089
0.0,1.0,0.516118875516
0.0,0.0,0.112088047926
0.0,0.0,0.39567075342
0.0,1.0,0.703394722628
0.0,1.0,0.968196505525
0.0,0.0,0.114333259891
0.0,1.0,0.709078983736
0.0,0.0,0.0452446420307
0.0,0.0,0.25818102676
0.0,1.0,0.698899168567
0.0,0.0,0.370042809977
0.0,1.0,0.612900684912
0.0,0.0,0.252256365114
0.0,0.0,0.247023899749
0.0,0.0,0.206087393051
0.0,0.0,0.124779325041
0.0,0.0,0.224597331655
0.0,0.0,0.233978262762
0.0,0.0,0.350373209619
0.0,0.0,0.215529297884
0.0,0.0,0.328819545169
0.0,1.0,0.984118017313
0.0,1.0,0.700265709556
0.0,1.0,0.595091203395
0.0,0.0,0.417328461134
0.0,0.0,0.0951465275925
0.0,0.0,0.291050466738
0.0,1.0,0.980482317153
0.0,1.0,0.684844965579
0.0,0.0,0.0636610138289
0.0,0.0,0.290505152831
0.0,1.0,0.502666630504
0.0,0.0,0.491990515324
0.0,0.0,0.401280299462
0.0,0.0,0.176308930582
0.0,0.0,0.242420299867
0.0,0.0,0.354484516433
0.0,1.0,0.615183008258
0.0,0.0,0.226241114672
0.0,1.0,0.632551397539
0.0,0.0,0.229117107669
0.0,1.0,0.583916473675
0.0,0.0,0.206167021244
0.0,0.0,0.482006769944
0.0,0.0,0.184756316441
0.0,0.0,0.0842957912497
0.0,0.0,0.163426362615
0.0,0.0,0.237759703476
0.0,0.0,0.142751595248
0.0,0.0,0.277673541861
0.0,0.0,0.166235965532
0.0,0.0,0.312685983872
0.0,0.0,0.418252692897
0.0,0.0,0.298524828822
0.0,0.0,0.245921801308
0.0,0.0,0.0550245170233
0.0,0.0,0.342184405495
0.0,0.0,0.285318809043
0.0,0.0,0.489956222151
0.0,0.0,0.152274797269
0.0,0.0,0.0382644885226
0.0,0.0,0.300147406626
0.0,0.0,0.0173546225054
0.0,0.0,0.459527181689
0.0,0.0,0.145360499112
0.0,0.0,0.33828246672
0.0,0.0,0.334570064024
0.0,0.0,0.249857051919
0.0,1.0,0.717444026181
0.0,0.0,0.000400398809994
0.0,0.0,0.195477314975
0.0,0.0,0.152272684975
0.0,0.0,0.396297571175
0.0,0.0,0.235560579909
0.0,0.0,0.388853025279
0.0,1.0,0.501811350544
0.0,0.0,0.149212578928
0.0,0.0,0.117743094091
0.0,0.0,0.10132576705
0.0,0.0,0.19380772936
0.0,0.0,0.303568297839
0.0,0.0,0.345689091654
0.0,0.0,0.457041956085
0.0,1.0,0.500351253564
0.0,0.0,0.00915989163964
0.0,0.0,0.0982478730935
0.0,0.0,0.382105183984
0.0,0.0,0.295154451365
0.0,0.0,0.186098722208
0.0,0.0,0.341630609071
0.0,0.0,0.447651252787
0.0,1.0,0.983195842377
0.0,0.0,0.254815136874
0.0,1.0,0.538012642477
0.0,0.0,0.0436075343109
0.0,0.0,0.186251520835
0.0,0.0,0.286488203753
0.0,0.0,0.376258010189
0.0,0.0,0.318970173442
0.0,0.0,0.391397185594
0.0,0.0,0.168092059998
0.0,0.0,0.103257251472
0.0,0.0,0.403330414025
0.0,0.0,0.420630762569
0.0,1.0,0.70838703854
0.0,0.0,0.45407422939
0.0,1.0,0.914258845568
0.0,0.0,0.187697220128
0.0,0.0,0.0887397990209
0.0,1.0,0.85991362412
0.0,0.0,0.455255194044
0.0,0.0,0.360170136887
0.0,0.0,0.459383247503
0.0,0.0,0.0339713732671
0.0,0.0,0.411638708636
0.0,0.0,0.3748576823
0.0,0.0,0.268677941167
0.0,1.0,0.550612388042
0.0,0.0,0.0196928479407
0.0,0.0,0.26381916419
0.0,0.0,0.469465184613
0.0,0.0,0.304040269056
0.0,0.0,0.0664455164543
0.0,1.0,0.525016313588
0.0,0.0,0.259605336891
0.0,0.0,0.207661287707
0.0,0.0,0.473559094335
0.0,0.0,0.038451741713
0.0,1.0,0.637856754394
0.0,1.0,0.665543530137
0.0,0.0,0.318284109516
0.0,1.0,0.531218658742
0.0,1.0,0.888142530241
0.0,0.0,0.264460929354
0.0,0.0,0.493378311626
0.0,0.0,0.162980794279
0.0,0.0,0.0523807531813
0.0,1.0,0.895465854251
0.0,0.0,0.0711223286545
0.0,0.0,0.463363107418
0.0,0.0,0.495176696725
0.0,0.0,0.466781064058
0.0,0.0,0.411652493693
0.0,1.0,0.520705312194
0.0,1.0,0.83484866137
0.0,0.0,0.126104435762
0.0,0.0,0.32720471148
0.0,1.0,0.999180330525
0.0,0.0,0.242838895873
0.0,0.0,0.275255361799
0.0,0.0,0.184197772001
0.0,1.0,0.699300424857
0.0,0.0,0.146408026688
0.0,0.0,0.342312262525
0.0,0.0,0.180190638409
0.0,0.0,0.345893826517
0.0,1.0,0.998848222912
0.0,1.0,0.632281883099
0.0,1.0,0.990384584076
0.0,1.0,0.522299291646
0.0,0.0,0.0927377104955
0.0,0.0,0.148311535305
0.0,0.0,0.177742424302
0.0,0.0,0.0886288978711
0.0,0.0,0.402555975406
0.0,0.0,0.189720917749
0.0,1.0,0.514744688521
0.0,1.0,0.998248472994
0.0,0.0,0.293552974529
0.0,1.0,0.77763153477
0.0,0.0,0.0149620246372
0.0,1.0,0.991165480425
0.0,0.0,0.235021729251
0.0,0.0,0.366150080887
0.0,0.0,0.257311650371
0.0,1.0,0.99212449031
0.0,1.0,0.711414846164
0.0,0.0,0.32816344889
0.0,0.0,0.411702424874
0.0,0.0,0.311675213046
0.0,1.0,0.555852229469
0.0,0.0,0.0606625732891
0.0,0.0,0.455599380244
0.0,0.0,0.371707529157
0.0,1.0,0.996459347043
0.0,0.0,0.472875884582
0.0,0.0,0.302307548385
0.0,0.0,0.0991758334987
0.0,1.0,0.953251968472
0.0,0.0,0.169071016169
0.0,1.0,0.811120960116
0.0,0.0,0.190823523143
0.0,0.0,0.193767949492
0.0,1.0,0.526129318336
0.0,1.0,0.503598346042
0.0,0.0,0.322414157325
0.0,0.0,0.0311829412936
0.0,1.0,0.51736821355
0.0,1.0,0.564810246277
0.0,0.0,0.109870206768
0.0,1.0,0.587217417374
0.0,0.0,0.0477176826268
0.0,1.0,0.999999965803
0.0,1.0,0.823481449015
0.0,1.0,0.534826906005
0.0,0.0,0.31694587792
0.0,0.0,0.201594643526
0.0,1.0,0.808310303077
0.0,1.0,0.999992599017
0.0,0.0,0.454593317714
0.0,1.0,0.571900543885
0.0,1.0,0.99994519955
0.0,0.0,0.18742383471
0.0,0.0,0.0695642826717
0.0,0.0,0.358038968325
0.0,0.0,0.394753140642
0.0,0.0,0.305117592723
0.0,0.0,0.364920607187
0.0,0.0,0.186460749392
0.0,0.0,0.422650974017
0.0,0.0,0.0818192995309
0.0,0.0,0.30758088715
0.0,0.0,0.429847383699
0.0,0.0,0.221284344172
0.0,1.0,0.795372825915
0.0,0.0,0.123350208489
0.0,0.0,0.406935630344
0.0,1.0,0.510098164889
0.0,0.0,0.460593222818
0.0,0.0,0.157074715077
0.0,0.0,0.0861908414166
0.0,0.0,0.260349750034
0.0,0.0,0.108721892441
0.0,1.0,0.550271391141
0.0,0.0,0.163469893666
0.0,0.0,0.136788304421
0.0,0.0,0.32102274507
0.0,1.0,0.958416781413
0.0,0.0,0.0810873793963
0.0,1.0,0.999999138403
0.0,0.0,0.12998224291
0.0,0.0,0.3835769048
0.0,1.0,0.741542425093
0.0,0.0,0.174871038225
0.0,0.0,0.0275071407857
0.0,1.0,0.624519842081
0.0,0.0,0.0908301133468
0.0,1.0,0.958776634163
0.0,0.0,0.449468889476
0.0,1.0,0.516121200242
0.0,1.0,0.579113566046
0.0,0.0,0.0277098729843
0.0,0.0,0.29328935686
0.0,0.0,0.349266787289
0.0,1.0,0.999995248052
0.0,1.0,0.738114475895
0.0,0.0,0.158060903715
0.0,0.0,0.429241025769
0.0,0.0,0.208604891203
0.0,1.0,0.980570748918
0.0,0.0,0.0787099547349
0.0,1.0,0.529780552219
0.0,1.0,0.626155089146
0.0,1.0,0.655570988878
0.0,0.0,0.225691955047
0.0,1.0,0.598938701098
0.0,1.0,0.508727685585
0.0,0.0,0.171827791687
0.0,0.0,0.126081421734
0.0,1.0,0.644076360149
0.0,1.0,0.936162315423
0.0,1.0,0.567975737026
0.0,1.0,0.971620251837
0.0,1.0,0.635217500593
0.0,0.0,0.0633335489242
0.0,1.0,0.776765363025
0.0,0.0,0.0730465971678
0.0,0.0,0.260232388406
0.0,1.0,0.602578730074
0.0,1.0,0.995544738018
0.0,1.0,0.876343629603
0.0,0.0,0.319094707199
0.0,0.0,0.337546680039
0.0,1.0,0.875843358749
0.0,1.0,0.999998727705
0.0,1.0,0.820667275381
0.0,0.0,0.226826772506
0.0,0.0,0.427341296152
0.0,1.0,0.667735477701
0.0,0.0,0.205713623971
0.0,0.0,0.0595093228571
0.0,1.0,0.755645948821
0.0,0.0,0.332769864096
0.0,0.0,0.437544604999
0.0,1.0,0.818226460261
0.0,1.0,0.770873319366
0.0,1.0,0.563073756995
0.0,1.0,0.874119446409
0.0,1.0,0.927655334227
0.0,0.0,0.360677449418
0.0,0.0,0.279661554848
0.0,1.0,0.858562141273
0.0,0.0,0.469750476212
0.0,0.0,0.361003621386
0.0,0.0,0.241041764845
0.0,0.0,0.00769980488136
0.0,0.0,0.083121622814
0.0,1.0,0.99997937116
0.0,1.0,0.774647268676
0.0,0.0,0.43093512917
0.0,1.0,0.991712037285
0.0,0.0,0.0390563127145
0.0,0.0,0.0792495898532
0.0,0.0,0.321268238431
0.0,0.0,0.474294753989
0.0,1.0,0.574046920024
0.0,1.0,0.705941325028
0.0,0.0,0.170675145914
0.0,1.0,0.95604855387
0.0,1.0,0.995113271504
0.0,0.0,0.347100456392
0.0,0.0,0.216739571979
0.0,0.0,0.336385311056
0.0,0.0,0.269311688437
0.0,1.0,0.928248425558
0.0,0.0,0.142121503637
0.0,1.0,0.876569237767
0.0,0.0,0.237331970461
0.0,1.0,0.996374222068
0.0,0.0,0.219869632186
0.0,0.0,0.173360025214
0.0,0.0,0.449438572668
0.0,0.0,0.369100479661
0.0,0.0,0.494899022073
0.0,1.0,0.713104682247
0.0,1.0,0.598641994437
0.0,1.0,0.762959769875
0.0,1.0,0.62845094467
0.0,0.0,0.282630841333
0.0,0.0,0.129060318325
0.0,0.0,0.218235942503
0.0,1.0,0.764617588482
0.0,1.0,0.681488276113
0.0,1.0,0.817531512784
0.0,1.0,0.804118072295
0.0,1.0,0.552885499861
0.0,0.0,0.309143220616
0.0,1.0,0.999999969238
0.0,1.0,0.733161602265
0.0,1.0,0.632582229952
0.0,1.0,0.762508050491
0.0,1.0,0.998940997465
0.0,1.0,0.514324031113
0.0,0.0,0.389704111977
0.0,0.0,0.174649431581
0.0,0.0,0.182278146471
0.0,0.0,0.0858786944391
0.0,0.0,0.216135927977
0.0,1.0,0.556656696451
0.0,0.0,0.0978033146981
0.0,0.0,0.246799911483
0.0,1.0,0.521726798038
0.0,0.0,0.0302337590204
0.0,0.0,0.0751552827167
0.0,1.0,0.951565599989
0.0,0.0,0.350705008512
0.0,1.0,0.624367383493
0.0,0.0,0.399277285921
0.0,1.0,0.824254507074
0.0,0.0,0.326121516901
0.0,0.0,0.00452661534636
0.0,0.0,0.225754321932
0.0,1.0,0.533636233666
0.0,0.0,0.156995760753
0.0,0.0,0.160292010452
0.0,1.0,0.592127016855
0.0,0.0,0.242026304193
0.0,0.0,0.156408492142
0.0,0.0,0.155348911285
0.0,0.0,0.350447848092
0.0,0.0,0.412861612472
0.0,0.0,0.345323647139
0.0,0.0,0.00253561938107
0.0,0.0,0.354044539923
0.0,0.0,0.331154589571
0.0,0.0,0.330105480019
0.0,0.0,0.328893315601
0.0,0.0,0.203856942929
0.0,0.0,0.279065640462
0.0,0.0,0.495140323232
0.0,0.0,0.0217070926584
0.0,1.0,0.84811724774
0.0,1.0,0.685082988438
0.0,1.0,0.820973039935
0.0,0.0,0.259269819586
0.0,0.0,0.102570656884
0.0,1.0,0.618707304203
0.0,0.0,0.349034225274
0.0,0.0,0.458262042837
0.0,0.0,0.244266855302
0.0,0.0,0.425540304556
0.0,1.0,0.741374989385
0.0,0.0,0.116716041914
0.0,0.0,0.480293846693
0.0,1.0,0.765940479576
0.0,1.0,0.803715978529
0.0,1.0,0.709743735253
0.0,0.0,0.00400842125111
0.0,0.0,0.173003348766
0.0,0.0,0.325135282799
0.0,0.0,0.236299757964
0.0,1.0,0.74224937708
0.0,0.0,0.0185878682631
0.0,0.0,0.201588954823
0.0,0.0,0.115340628331
0.0,0.0,0.256761702127
0.0,0.0,0.113137151791
0.0,1.0,0.580240001321
0.0,1.0,0.566291482928
0.0,0.0,0.434904274534
0.0,0.0,0.342985297519
0.0,0.0,0.164667579077
0.0,0.0,0.125705326645
0.0,0.0,0.0706609933461
0.0,0.0,0.295753941177
0.0,1.0,0.641058312624
0.0,0.0,0.152702231918
0.0,0.0,0.192618928445
0.0,0.0,0.477702784859
0.0,0.0,0.369472965399
0.0,0.0,0.14586576399
0.0,0.0,0.0828131964687
0.0,0.0,0.485980745459
0.0,0.0,0.398054080145
0.0,0.0,0.41609396342
0.0,0.0,0.183996904721
0.0,0.0,0.269831685631
0.0,0.0,0.253832185953
0.0,0.0,0.248580240691
0.0,1.0,0.556386624134
0.0,0.0,0.450909743394
0.0,0.0,0.355701679066
0.0,0.0,0.255315615139
0.0,1.0,0.553190986854
0.0,1.0,0.594084012358
0.0,0.0,0.250205671079
0.0,0.0,0.386067383655
0.0,0.0,0.385920612076
0.0,0.0,0.325764933848
0.0,0.0,0.440469512605
0.0,0.0,0.0608775324214
0.0,0.0,0.110721510646
0.0,0.0,0.342834706675
0.0,0.0,0.390510413753
0.0,0.0,0.0932057987181
0.0,0.0,0.14592350261
0.0,0.0,0.0274938780109
0.0,0.0,0.0807969715759
0.0,0.0,0.274901879818
0.0,0.0,0.181242471253
0.0,0.0,0.298228499752
0.0,0.0,0.100750893136
0.0,0.0,0.223289489873
0.0,0.0,0.296121134553
0.0,1.0,0.505912960157
0.0,0.0,0.220777204474
0.0,0.0,0.37986565681
0.0,0.0,0.36384877979
0.0,0.0,0.118842150603
0.0,1.0,0.643723123851
0.0,0.0,0.215581789537
0.0,0.0,0.416813299857
0.0,0.0,0.0130822812387
0.0,0.0,0.324138975225
0.0,0.0,0.0167828063928
0.0,0.0,0.294348761282
