1.0,0.0,1.16847770806e-36
1.0,1.0,1.0
1.0,0.0,3.34457564294e-36
1.0,1.0,1.0
1.0,1.0,1.0
1.0,0.0,1.69045953233e-37
1.0,0.0,7.83688816287e-37
1.0,1.0,1.0
1.0,0.0,5.05835095093e-36
1.0,0.0,2.98519778136e-36
1.0,1.0,1.0
1.0,0.0,2.10524450332e-36
1.0,0.0,1.184137811e-36
1.0,1.0,1.0
1.0,1.0,1.0
1.0,0.0,1.07282296194e-36
1.0,1.0,1.0
1.0,1.0,1.0
1.0,1.0,1.0
1.0,0.0,3.74476532365e-37
1.0,1.0,1.0
1.0,1.0,1.0
1.0,1.0,1.0
1.0,0.0,2.87067183875e-37
1.0,1.0,1.0
1.0,1.0,1.0
1.0,1.0,1.0
1.0,1.0,1.0
1.0,1.0,1.0
1.0,1.0,1.0
1.0,1.0,1.0
1.0,1.0,1.0
1.0,1.0,1.0
1.0,1.0,1.0
1.0,1.0,1.0
1.0,0.0,1.06157705439e-36
1.0,0.0,8.33053937304e-37
1.0,1.0,1.0
1.0,1.0,1.0
1.0,1.0,1.0
1.0,1.0,1.0
1.0,0.0,2.1929230533e-36
1.0,0.0,5.36752187138e-36
1.0,1.0,1.0
1.0,1.0,1.0
1.0,1.0,1.0
1.0,1.0,1.0
1.0,1.0,1.0
1.0,1.0,1.0
1.0,1.0,1.0
1.0,1.0,1.0
1.0,1.0,1.0
1.0,1.0,1.0
1.0,1.0,1.0
1.0,1.0,1.0
1.0,1.0,1.0
1.0,1.0,1.0
1.0,1.0,1.0
1.0,1.0,1.0
1.0,1.0,1.0
1.0,1.0,1.0
1.0,1.0,1.0
1.0,1.0,1.0
1.0,0.0,3.21013478062e-37
1.0,0.0,1.627632461e-36
1.0,1.0,1.0
1.0,1.0,1.0
1.0,1.0,1.0
1.0,1.0,1.0
1.0,0.0,9.70366556703e-40
1.0,1.0,1.0
1.0,0.0,8.28753021836e-37
1.0,0.0,1.324020905e-36
1.0,1.0,1.0
1.0,1.0,1.0
1.0,0.0,7.2672065147e-37
1.0,1.0,1.0
1.0,1.0,1.0
1.0,1.0,1.0
1.0,1.0,1.0
1.0,1.0,1.0
1.0,1.0,1.0
1.0,1.0,1.0
1.0,0.0,3.22427522944e-36
1.0,1.0,1.0
1.0,1.0,1.0
1.0,1.0,1.0
1.0,1.0,1.0
1.0,1.0,1.0
1.0,1.0,1.0
1.0,1.0,1.0
1.0,0.0,2.59439024167e-36
1.0,1.0,1.0
1.0,1.0,1.0
1.0,0.0,2.16240907902e-36
1.0,1.0,1.0
1.0,1.0,1.0
1.0,0.0,4.85453710908e-37
1.0,1.0,1.0
1.0,1.0,1.0
1.0,1.0,1.0
1.0,1.0,1.0
1.0,1.0,1.0
1.0,1.0,1.0
1.0,1.0,1.0
1.0,1.0,1.0
1.0,0.0,2.55879516425e-37
1.0,1.0,1.0
1.0,1.0,1.0
1.0,1.0,1.0
1.0,1.0,1.0
1.0,1.0,1.0
1.0,0.0,3.10668502317e-36
1.0,0.0,1.48901803848e-36
1.0,0.0,5.04233017439e-37
1.0,1.0,1.0
1.0,1.0,1.0
1.0,1.0,1.0
1.0,0.0,1.18045029141e-36
1.0,1.0,1.0
1.0,0.0,9.01256682564e-36
1.0,1.0,1.0
1.0,1.0,1.0
1.0,1.0,1.0
1.0,1.0,1.0
1.0,1.0,1.0
1.0,1.0,1.0
1.0,0.0,6.09634729757e-37
1.0,1.0,1.0
1.0,1.0,1.0
1.0,1.0,1.0
1.0,1.0,1.0
1.0,1.0,1.0
1.0,0.0,8.94768089754e-37
1.0,1.0,1.0
1.0,1.0,1.0
1.0,1.0,1.0
1.0,1.0,1.0
1.0,1.0,1.0
1.0,1.0,1.0
1.0,1.0,1.0
1.0,1.0,1.0
1.0,1.0,1.0
1.0,1.0,1.0
1.0,0.0,8.50919422855e-36
1.0,0.0,2.61995998688e-36
1.0,1.0,1.0
1.0,1.0,1.0
1.0,0.0,3.38161376902e-37
1.0,1.0,1.0
1.0,0.0,2.29065490997e-37
1.0,0.0,1.38939545898e-37
1.0,1.0,1.0
1.0,1.0,1.0
1.0,1.0,1.0
1.0,1.0,1.0
1.0,1.0,1.0
1.0,0.0,2.29686650161e-37
1.0,0.0,9.62787656397e-37
1.0,0.0,5.02681005597e-37
1.0,0.0,7.60938914445e-37
1.0,1.0,1.0
1.0,1.0,1.0
1.0,1.0,1.0
1.0,1.0,1.0
1.0,1.0,1.0
1.0,0.0,2.34810515234e-37
1.0,1.0,1.0
1.0,1.0,1.0
1.0,1.0,1.0
1.0,1.0,1.0
1.0,1.0,1.0
1.0,1.0,1.0
1.0,0.0,6.31982456031e-37
1.0,1.0,1.0
1.0,0.0,1.29533310429e-37
1.0,1.0,1.0
1.0,0.0,8.05348228949e-37
1.0,1.0,1.0
1.0,1.0,1.0
1.0,0.0,6.2275918905e-37
1.0,0.0,1.26541376667e-36
1.0,1.0,1.0
1.0,0.0,3.21991419308e-37
1.0,1.0,1.0
1.0,0.0,6.31184710044e-37
1.0,1.0,1.0
1.0,0.0,2.04418681076e-36
1.0,0.0,2.30145158785e-36
1.0,1.0,1.0
1.0,1.0,1.0
1.0,1.0,1.0
1.0,1.0,1.0
1.0,1.0,1.0
1.0,1.0,1.0
1.0,1.0,1.0
1.0,1.0,1.0
1.0,0.0,1.69421038877e-37
1.0,0.0,3.15691410661e-37
1.0,1.0,1.0
1.0,1.0,1.0
1.0,1.0,1.0
1.0,1.0,1.0
1.0,1.0,1.0
1.0,1.0,1.0
1.0,0.0,2.08681026648e-37
1.0,1.0,1.0
1.0,1.0,1.0
1.0,1.0,1.0
1.0,1.0,1.0
1.0,1.0,1.0
1.0,0.0,2.43185646294e-37
1.0,1.0,1.0
1.0,1.0,1.0
1.0,0.0,4.03605179124e-36
1.0,1.0,1.0
1.0,1.0,1.0
1.0,1.0,1.0
1.0,1.0,1.0
1.0,0.0,1.58303493408e-36
1.0,0.0,2.16430415483e-37
1.0,1.0,1.0
1.0,1.0,1.0
1.0,1.0,1.0
1.0,1.0,1.0
1.0,0.0,9.79332061781e-37
1.0,1.0,1.0
1.0,1.0,1.0
1.0,0.0,9.4499119402e-37
1.0,1.0,1.0
1.0,0.0,5.29123434329e-37
1.0,0.0,2.32984241793e-37
1.0,1.0,1.0
1.0,1.0,1.0
1.0,1.0,1.0
1.0,0.0,2.43382605237e-36
1.0,1.0,1.0
1.0,1.0,1.0
1.0,1.0,1.0
1.0,1.0,1.0
1.0,1.0,1.0
1.0,1.0,1.0
1.0,1.0,1.0
1.0,1.0,1.0
1.0,0.0,1.51894496385e-36
1.0,1.0,1.0
1.0,1.0,1.0
1.0,1.0,1.0
1.0,1.0,1.0
1.0,1.0,1.0
1.0,1.0,1.0
1.0,1.0,1.0
1.0,1.0,1.0
1.0,1.0,1.0
1.0,0.0,1.56452290411e-36
1.0,1.0,1.0
1.0,1.0,1.0
1.0,1.0,1.0
1.0,0.0,2.59949909533e-37
1.0,1.0,1.0
1.0,1.0,1.0
1.0,1.0,1.0
1.0,1.0,1.0
1.0,1.0,1.0
1.0,0.0,2.56983932111e-37
1.0,1.0,1.0
1.0,1.0,1.0
1.0,1.0,1.0
1.0,1.0,1.0
1.0,1.0,1.0
1.0,1.0,1.0
1.0,0.0,3.094521373e-36
1.0,0.0,2.56850968345e-37
1.0,1.0,1.0
1.0,1.0,1.0
1.0,1.0,1.0
1.0,1.0,1.0
1.0,1.0,1.0
1.0,1.0,1.0
1.0,0.0,5.05764460736e-37
1.0,1.0,1.0
1.0,1.0,1.0
1.0,1.0,1.0
1.0,1.0,1.0
1.0,0.0,6.92752283196e-37
1.0,1.0,1.0
1.0,1.0,1.0
1.0,1.0,1.0
1.0,1.0,1.0
1.0,1.0,1.0
1.0,1.0,1.0
1.0,1.0,1.0
1.0,1.0,1.0
1.0,1.0,1.0
1.0,1.0,1.0
1.0,1.0,1.0
1.0,1.0,1.0
1.0,1.0,1.0
1.0,1.0,1.0
1.0,1.0,1.0
1.0,1.0,1.0
1.0,1.0,1.0
1.0,0.0,5.46264085554e-36
1.0,0.0,6.45759341392e-37
1.0,1.0,1.0
1.0,1.0,1.0
1.0,1.0,1.0
1.0,0.0,6.57211043964e-36
1.0,1.0,1.0
1.0,1.0,1.0
1.0,1.0,1.0
1.0,1.0,1.0
1.0,0.0,1.02765445089e-37
1.0,1.0,1.0
1.0,0.0,1.90641038914e-37
1.0,1.0,1.0
1.0,1.0,1.0
1.0,1.0,1.0
1.0,1.0,1.0
1.0,1.0,1.0
1.0,1.0,1.0
1.0,0.0,4.39596463449e-37
1.0,1.0,1.0
1.0,0.0,4.35096461796e-37
1.0,1.0,1.0
1.0,1.0,1.0
1.0,1.0,1.0
1.0,1.0,1.0
1.0,1.0,1.0
1.0,1.0,1.0
1.0,0.0,1.77801534172e-36
1.0,1.0,1.0
1.0,1.0,1.0
1.0,1.0,1.0
1.0,1.0,1.0
1.0,0.0,4.16824054148e-37
1.0,0.0,4.61252594731e-38
1.0,0.0,2.97326481812e-37
1.0,1.0,1.0
1.0,0.0,8.79383837745e-37
1.0,0.0,2.84148762096e-37
1.0,0.0,1.42765317844e-35
1.0,1.0,1.0
1.0,1.0,1.0
1.0,1.0,1.0
1.0,1.0,1.0
1.0,1.0,1.0
1.0,1.0,1.0
1.0,1.0,1.0
1.0,1.0,1.0
1.0,1.0,1.0
1.0,1.0,1.0
1.0,1.0,1.0
1.0,0.0,5.17437505821e-37
1.0,0.0,3.88119167891e-37
1.0,1.0,1.0
1.0,1.0,1.0
1.0,1.0,1.0
1.0,1.0,1.0
1.0,1.0,1.0
1.0,1.0,1.0
1.0,1.0,1.0
1.0,1.0,1.0
1.0,1.0,1.0
1.0,1.0,1.0
1.0,1.0,1.0
1.0,1.0,1.0
1.0,1.0,1.0
1.0,1.0,1.0
1.0,1.0,1.0
1.0,1.0,1.0
1.0,1.0,1.0
1.0,0.0,1.52651195378e-36
1.0,1.0,1.0
1.0,1.0,1.0
1.0,1.0,1.0
1.0,1.0,1.0
1.0,1.0,1.0
1.0,1.0,1.0
1.0,1.0,1.0
1.0,1.0,1.0
1.0,1.0,1.0
1.0,1.0,1.0
1.0,0.0,8.15135722935e-37
1.0,1.0,1.0
1.0,1.0,1.0
1.0,0.0,7.50438770964e-37
1.0,1.0,1.0
1.0,1.0,1.0
1.0,0.0,9.92299225308e-37
1.0,1.0,1.0
1.0,1.0,1.0
1.0,0.0,1.45167183234e-37
1.0,1.0,1.0
1.0,0.0,1.12344462595e-36
1.0,1.0,1.0
1.0,1.0,1.0
1.0,1.0,1.0
1.0,1.0,1.0
1.0,1.0,1.0
1.0,1.0,1.0
1.0,1.0,1.0
1.0,1.0,1.0
1.0,1.0,1.0
1.0,1.0,1.0
1.0,1.0,1.0
1.0,1.0,1.0
1.0,0.0,1.83642576254e-37
1.0,0.0,8.83841650431e-36
1.0,1.0,1.0
1.0,1.0,1.0
1.0,0.0,9.11291455762e-37
1.0,1.0,1.0
1.0,0.0,1.40989575003e-37
1.0,1.0,1.0
1.0,0.0,4.39085449534e-37
1.0,1.0,1.0
1.0,1.0,1.0
1.0,1.0,1.0
1.0,1.0,1.0
1.0,1.0,1.0
1.0,1.0,1.0
1.0,1.0,1.0
1.0,1.0,1.0
1.0,1.0,1.0
1.0,1.0,1.0
1.0,1.0,1.0
1.0,1.0,1.0
1.0,0.0,7.82910358019e-38
1.0,0.0,6.24793607929e-37
1.0,0.0,4.91367202139e-37
1.0,1.0,1.0
1.0,1.0,1.0
1.0,1.0,1.0
1.0,1.0,1.0
1.0,1.0,1.0
1.0,1.0,1.0
1.0,1.0,1.0
1.0,1.0,1.0
1.0,1.0,1.0
1.0,1.0,1.0
1.0,1.0,1.0
1.0,1.0,1.0
1.0,1.0,1.0
1.0,1.0,1.0
1.0,1.0,1.0
1.0,1.0,1.0
1.0,1.0,1.0
1.0,1.0,1.0
1.0,1.0,1.0
1.0,0.0,4.53003486779e-37
1.0,1.0,1.0
1.0,1.0,1.0
1.0,1.0,1.0
1.0,1.0,1.0
1.0,1.0,1.0
1.0,1.0,1.0
1.0,1.0,1.0
1.0,0.0,9.99180774682e-37
1.0,1.0,1.0
1.0,1.0,1.0
1.0,0.0,6.70561157091e-37
1.0,1.0,1.0
1.0,1.0,1.0
1.0,1.0,1.0
1.0,1.0,1.0
1.0,1.0,1.0
1.0,1.0,1.0
1.0,1.0,1.0
1.0,1.0,1.0
1.0,0.0,9.93964005118e-37
1.0,0.0,7.06918140528e-37
1.0,0.0,1.18653604359e-36
1.0,0.0,4.41521344226e-37
1.0,1.0,1.0
1.0,1.0,1.0
1.0,1.0,1.0
1.0,1.0,1.0
1.0,1.0,1.0
1.0,1.0,1.0
1.0,1.0,1.0
1.0,1.0,1.0
1.0,0.0,1.18167004917e-36
1.0,0.0,2.3026424203e-37
1.0,1.0,1.0
1.0,0.0,1.76471799091e-36
1.0,1.0,1.0
1.0,1.0,1.0
1.0,1.0,1.0
1.0,1.0,1.0
1.0,1.0,1.0
1.0,0.0,2.52373463047e-36
1.0,1.0,1.0
1.0,1.0,1.0
1.0,1.0,1.0
1.0,1.0,1.0
1.0,1.0,1.0
1.0,0.0,1.87552469483e-36
1.0,1.0,1.0
1.0,0.0,1.06967007804e-36
1.0,1.0,1.0
1.0,1.0,1.0
1.0,1.0,1.0
1.0,1.0,1.0
1.0,1.0,1.0
1.0,1.0,1.0
1.0,1.0,1.0
1.0,1.0,1.0
1.0,0.0,4.33536423988e-36
1.0,1.0,1.0
1.0,1.0,1.0
1.0,1.0,1.0
1.0,1.0,1.0
1.0,1.0,1.0
1.0,1.0,1.0
1.0,1.0,1.0
1.0,0.0,5.81936714846e-37
1.0,1.0,1.0
1.0,1.0,1.0
1.0,1.0,1.0
1.0,1.0,1.0
1.0,1.0,1.0
1.0,1.0,1.0
1.0,1.0,1.0
1.0,1.0,1.0
1.0,0.0,5.49846073096e-37
1.0,1.0,1.0
1.0,0.0,2.40909981546e-35
1.0,0.0,3.07660584685e-36
1.0,1.0,1.0
1.0,1.0,1.0
1.0,1.0,1.0
1.0,0.0,2.79512376503e-36
1.0,1.0,1.0
1.0,1.0,1.0
1.0,1.0,1.0
1.0,1.0,1.0
1.0,0.0,1.67448373282e-35
1.0,1.0,1.0
1.0,1.0,1.0
1.0,1.0,1.0
1.0,0.0,5.11683042263e-37
1.0,1.0,1.0
1.0,1.0,1.0
1.0,1.0,1.0
1.0,1.0,1.0
1.0,1.0,1.0
1.0,1.0,1.0
1.0,1.0,1.0
1.0,1.0,1.0
1.0,1.0,1.0
1.0,0.0,2.44079805476e-36
1.0,1.0,1.0
1.0,1.0,1.0
1.0,1.0,1.0
1.0,1.0,1.0
1.0,1.0,1.0
1.0,1.0,1.0
1.0,1.0,1.0
1.0,1.0,1.0
1.0,1.0,1.0
1.0,1.0,1.0
1.0,0.0,2.11968958547e-37
1.0,0.0,3.06904898778e-37
1.0,1.0,1.0
1.0,0.0,1.61161850338e-38
1.0,1.0,1.0
1.0,0.0,1.70353502299e-37
1.0,1.0,1.0
1.0,1.0,1.0
1.0,1.0,1.0
1.0,0.0,6.83655875605e-37
1.0,1.0,1.0
1.0,1.0,1.0
1.0,1.0,1.0
1.0,1.0,1.0
1.0,1.0,1.0
1.0,1.0,1.0
1.0,1.0,1.0
1.0,1.0,1.0
1.0,1.0,1.0
1.0,1.0,1.0
1.0,1.0,1.0
1.0,0.0,2.71574203754e-37
1.0,1.0,1.0
1.0,1.0,1.0
1.0,1.0,1.0
1.0,1.0,1.0
1.0,1.0,1.0
1.0,1.0,1.0
1.0,1.0,1.0
1.0,0.0,1.91927459841e-36
1.0,1.0,1.0
1.0,1.0,1.0
1.0,1.0,1.0
1.0,0.0,3.96379981338e-37
1.0,0.0,1.24807789305e-36
1.0,1.0,1.0
1.0,1.0,1.0
1.0,1.0,1.0
1.0,1.0,1.0
1.0,1.0,1.0
1.0,0.0,1.52651982074e-36
1.0,1.0,1.0
1.0,0.0,1.68437655896e-37
1.0,0.0,7.99658292556e-37
1.0,1.0,1.0
1.0,0.0,1.6464195179e-37
1.0,1.0,1.0
1.0,1.0,1.0
1.0,1.0,1.0
1.0,1.0,1.0
1.0,1.0,1.0
1.0,1.0,1.0
1.0,1.0,1.0
1.0,1.0,1.0
1.0,1.0,1.0
1.0,1.0,1.0
1.0,0.0,8.72532079336e-37
1.0,1.0,1.0
1.0,1.0,1.0
1.0,1.0,1.0
1.0,1.0,1.0
1.0,1.0,1.0
1.0,1.0,1.0
1.0,1.0,1.0
1.0,1.0,1.0
1.0,1.0,1.0
1.0,1.0,1.0
1.0,1.0,1.0
1.0,1.0,1.0
1.0,0.0,2.25281153279e-36
1.0,1.0,1.0
1.0,1.0,1.0
1.0,1.0,1.0
1.0,1.0,1.0
1.0,1.0,1.0
1.0,1.0,1.0
1.0,1.0,1.0
1.0,1.0,1.0
1.0,1.0,1.0
1.0,1.0,1.0
1.0,1.0,1.0
1.0,1.0,1.0
1.0,0.0,2.40222144565e-36
1.0,1.0,1.0
1.0,1.0,1.0
1.0,0.0,5.05353277531e-37
1.0,0.0,2.18113282745e-37
1.0,1.0,1.0
1.0,1.0,1.0
1.0,1.0,1.0
1.0,1.0,1.0
1.0,1.0,1.0
1.0,1.0,1.0
1.0,1.0,1.0
1.0,1.0,1.0
1.0,1.0,1.0
1.0,1.0,1.0
1.0,1.0,1.0
1.0,1.0,1.0
1.0,1.0,1.0
1.0,1.0,1.0
1.0,1.0,1.0
1.0,1.0,1.0
1.0,1.0,1.0
1.0,1.0,1.0
1.0,0.0,1.47166728034e-37
1.0,1.0,1.0
1.0,1.0,1.0
1.0,1.0,1.0
1.0,1.0,1.0
1.0,1.0,1.0
1.0,1.0,1.0
1.0,1.0,1.0
1.0,1.0,1.0
1.0,1.0,1.0
1.0,1.0,1.0
1.0,1.0,1.0
1.0,0.0,6.63731583744e-37
1.0,1.0,1.0
1.0,1.0,1.0
1.0,0.0,1.11479009668e-36
1.0,1.0,1.0
1.0,1.0,1.0
1.0,1.0,1.0
1.0,1.0,1.0
1.0,1.0,1.0
1.0,1.0,1.0
1.0,1.0,1.0
1.0,1.0,1.0
1.0,1.0,1.0
1.0,1.0,1.0
1.0,1.0,1.0
1.0,1.0,1.0
1.0,1.0,1.0
1.0,1.0,1.0
1.0,1.0,1.0
1.0,1.0,1.0
1.0,1.0,1.0
1.0,0.0,1.88103842523e-37
1.0,1.0,1.0
1.0,1.0,1.0
1.0,1.0,1.0
1.0,1.0,1.0
1.0,1.0,1.0
1.0,0.0,6.32480679529e-37
1.0,0.0,1.26718111712e-36
1.0,1.0,1.0
1.0,1.0,1.0
1.0,1.0,1.0
1.0,1.0,1.0
1.0,0.0,8.74655314401e-37
1.0,0.0,5.31953359769e-38
1.0,1.0,1.0
1.0,1.0,1.0
1.0,1.0,1.0
1.0,1.0,1.0
1.0,1.0,1.0
1.0,1.0,1.0
1.0,1.0,1.0
1.0,1.0,1.0
1.0,1.0,1.0
1.0,1.0,1.0
1.0,1.0,1.0
1.0,1.0,1.0
1.0,1.0,1.0
1.0,1.0,1.0
1.0,1.0,1.0
1.0,1.0,1.0
1.0,1.0,1.0
1.0,1.0,1.0
1.0,0.0,3.31384346515e-37
1.0,1.0,1.0
1.0,1.0,1.0
1.0,1.0,1.0
1.0,1.0,1.0
1.0,0.0,4.26127528322e-38
1.0,1.0,1.0
1.0,1.0,1.0
1.0,1.0,1.0
1.0,1.0,1.0
1.0,1.0,1.0
1.0,1.0,1.0
1.0,0.0,2.45420319409e-36
1.0,1.0,1.0
1.0,0.0,2.40134045748e-36
1.0,1.0,1.0
1.0,1.0,1.0
1.0,0.0,2.74629665081e-36
1.0,1.0,1.0
1.0,1.0,1.0
1.0,1.0,1.0
1.0,1.0,1.0
1.0,1.0,1.0
1.0,1.0,1.0
1.0,1.0,1.0
1.0,0.0,2.51580912823e-36
1.0,1.0,1.0
1.0,1.0,1.0
1.0,1.0,1.0
1.0,0.0,2.63080873459e-38
1.0,0.0,3.58536754314e-36
1.0,1.0,1.0
1.0,1.0,1.0
1.0,1.0,1.0
1.0,1.0,1.0
1.0,1.0,1.0
1.0,1.0,1.0
1.0,1.0,1.0
1.0,1.0,1.0
1.0,1.0,1.0
1.0,1.0,1.0
1.0,1.0,1.0
1.0,1.0,1.0
1.0,1.0,1.0
1.0,1.0,1.0
1.0,1.0,1.0
1.0,1.0,1.0
1.0,1.0,1.0
1.0,0.0,4.94244576962e-37
1.0,1.0,1.0
1.0,1.0,1.0
1.0,1.0,1.0
1.0,1.0,1.0
1.0,1.0,1.0
1.0,1.0,1.0
1.0,1.0,1.0
1.0,0.0,4.73930252298e-37
1.0,1.0,1.0
1.0,1.0,1.0
1.0,1.0,1.0
1.0,1.0,1.0
1.0,1.0,1.0
1.0,0.0,1.86841959349e-36
1.0,1.0,1.0
1.0,1.0,1.0
1.0,0.0,1.17248992708e-37
1.0,1.0,1.0
1.0,1.0,1.0
1.0,0.0,4.84308322202e-37
1.0,1.0,1.0
1.0,1.0,1.0
1.0,1.0,1.0
1.0,1.0,1.0
1.0,1.0,1.0
1.0,1.0,1.0
1.0,1.0,1.0
1.0,1.0,1.0
1.0,1.0,1.0
1.0,1.0,1.0
1.0,1.0,1.0
1.0,1.0,1.0
1.0,0.0,2.70415775214e-38
1.0,1.0,1.0
1.0,1.0,1.0
1.0,1.0,1.0
1.0,1.0,1.0
1.0,1.0,1.0
1.0,1.0,1.0
1.0,1.0,1.0
1.0,1.0,1.0
1.0,1.0,1.0
1.0,1.0,1.0
1.0,1.0,1.0
1.0,1.0,1.0
1.0,1.0,1.0
1.0,1.0,1.0
1.0,1.0,1.0
1.0,1.0,1.0
1.0,1.0,1.0
1.0,1.0,1.0
1.0,1.0,1.0
1.0,1.0,1.0
1.0,1.0,1.0
1.0,1.0,1.0
1.0,1.0,1.0
1.0,1.0,1.0
1.0,1.0,1.0
1.0,1.0,1.0
1.0,1.0,1.0
1.0,1.0,1.0
1.0,1.0,1.0
1.0,1.0,1.0
1.0,1.0,1.0
1.0,1.0,1.0
1.0,1.0,1.0
1.0,1.0,1.0
1.0,1.0,1.0
1.0,0.0,1.82171601148e-37
1.0,1.0,1.0
1.0,1.0,1.0
1.0,1.0,1.0
1.0,1.0,1.0
1.0,1.0,1.0
1.0,1.0,1.0
1.0,0.0,8.33774545864e-37
1.0,1.0,1.0
1.0,1.0,1.0
1.0,0.0,4.34574021086e-36
1.0,1.0,1.0
1.0,1.0,1.0
1.0,1.0,1.0
1.0,0.0,7.1231616867e-37
1.0,1.0,1.0
1.0,1.0,1.0
1.0,1.0,1.0
1.0,0.0,1.17610993629e-35
1.0,1.0,1.0
1.0,1.0,1.0
1.0,1.0,1.0
1.0,1.0,1.0
1.0,1.0,1.0
1.0,1.0,1.0
1.0,1.0,1.0
1.0,1.0,1.0
1.0,1.0,1.0
1.0,1.0,1.0
1.0,1.0,1.0
1.0,1.0,1.0
1.0,0.0,6.58461772754e-37
1.0,0.0,9.31927564088e-38
1.0,1.0,1.0
1.0,1.0,1.0
1.0,1.0,1.0
1.0,0.0,8.72822786912e-37
1.0,1.0,1.0
1.0,1.0,1.0
1.0,1.0,1.0
1.0,1.0,1.0
1.0,1.0,1.0
1.0,1.0,1.0
1.0,1.0,1.0
1.0,1.0,1.0
1.0,1.0,1.0
1.0,1.0,1.0
1.0,1.0,1.0
1.0,1.0,1.0
1.0,0.0,1.32528962657e-36
1.0,1.0,1.0
1.0,1.0,1.0
1.0,1.0,1.0
1.0,1.0,1.0
1.0,1.0,1.0
1.0,1.0,1.0
1.0,0.0,9.75490944539e-37
1.0,0.0,3.97653885219e-36
1.0,0.0,1.28160634759e-37
1.0,1.0,1.0
1.0,1.0,1.0
1.0,1.0,1.0
1.0,0.0,7.26553419115e-37
1.0,1.0,1.0
1.0,1.0,1.0
1.0,1.0,1.0
1.0,1.0,1.0
1.0,0.0,1.27383716254e-36
1.0,1.0,1.0
1.0,1.0,1.0
1.0,1.0,1.0
1.0,0.0,1.98360657691e-36
1.0,1.0,1.0
1.0,1.0,1.0
1.0,1.0,1.0
1.0,0.0,2.31527880594e-37
1.0,1.0,1.0
1.0,1.0,1.0
1.0,0.0,2.38010691923e-35
1.0,1.0,1.0
1.0,1.0,1.0
1.0,0.0,5.9372735442e-37
1.0,1.0,1.0
1.0,1.0,1.0
1.0,1.0,1.0
1.0,1.0,1.0
1.0,1.0,1.0
1.0,1.0,1.0
1.0,1.0,1.0
1.0,1.0,1.0
1.0,0.0,3.31547761055e-37
1.0,1.0,1.0
1.0,1.0,1.0
1.0,1.0,1.0
1.0,1.0,1.0
1.0,0.0,1.26855274341e-36
1.0,1.0,1.0
1.0,1.0,1.0
1.0,1.0,1.0
1.0,1.0,1.0
1.0,1.0,1.0
1.0,1.0,1.0
1.0,1.0,1.0
1.0,1.0,1.0
1.0,1.0,1.0
1.0,1.0,1.0
1.0,1.0,1.0
1.0,1.0,1.0
1.0,0.0,4.56480820204e-37
1.0,1.0,1.0
1.0,1.0,1.0
1.0,1.0,1.0
1.0,1.0,1.0
1.0,1.0,1.0
1.0,1.0,1.0
1.0,0.0,3.20842609304e-36
1.0,1.0,1.0
1.0,1.0,1.0
1.0,1.0,1.0
1.0,1.0,1.0
1.0,1.0,1.0
1.0,1.0,1.0
1.0,1.0,1.0
1.0,1.0,1.0
1.0,1.0,1.0
1.0,1.0,1.0
1.0,1.0,1.0
1.0,0.0,1.11938298979e-36
1.0,0.0,4.65431241656e-37
1.0,1.0,1.0
1.0,1.0,1.0
1.0,1.0,1.0
1.0,1.0,1.0
1.0,1.0,1.0
1.0,0.0,6.47954918889e-37
1.0,1.0,1.0
1.0,1.0,1.0
1.0,1.0,1.0
1.0,1.0,1.0
1.0,1.0,1.0
1.0,1.0,1.0
1.0,0.0,3.61583107688e-36
1.0,1.0,1.0
1.0,1.0,1.0
1.0,1.0,1.0
1.0,1.0,1.0
1.0,1.0,1.0
1.0,1.0,1.0
1.0,1.0,1.0
1.0,1.0,1.0
1.0,1.0,1.0
1.0,1.0,1.0
1.0,1.0,1.0
1.0,1.0,1.0
1.0,0.0,2.20031646185e-37
1.0,0.0,3.96227885542e-37
1.0,1.0,1.0
1.0,1.0,1.0
1.0,1.0,1.0
1.0,1.0,1.0
1.0,1.0,1.0
1.0,1.0,1.0
1.0,1.0,1.0
1.0,1.0,1.0
1.0,1.0,1.0
1.0,1.0,1.0
1.0,1.0,1.0
1.0,1.0,1.0
1.0,1.0,1.0
1.0,0.0,1.16947357162e-36
1.0,1.0,1.0
1.0,0.0,2.29691534791e-36
1.0,1.0,1.0
1.0,1.0,1.0
1.0,1.0,1.0
1.0,1.0,1.0
1.0,1.0,1.0
1.0,1.0,1.0
1.0,1.0,1.0
1.0,1.0,1.0
1.0,1.0,1.0
1.0,1.0,1.0
1.0,0.0,1.1429373052e-35
1.0,1.0,1.0
1.0,1.0,1.0
1.0,1.0,1.0
1.0,1.0,1.0
1.0,1.0,1.0
1.0,0.0,1.18723778455e-36
1.0,1.0,1.0
1.0,1.0,1.0
1.0,1.0,1.0
1.0,1.0,1.0
1.0,1.0,1.0
1.0,1.0,1.0
1.0,1.0,1.0
1.0,1.0,1.0
1.0,0.0,1.3838068167e-37
1.0,1.0,1.0
1.0,1.0,1.0
1.0,1.0,1.0
1.0,1.0,1.0
1.0,1.0,1.0
1.0,1.0,1.0
1.0,1.0,1.0
1.0,1.0,1.0
1.0,1.0,1.0
1.0,1.0,1.0
1.0,1.0,1.0
1.0,1.0,1.0
1.0,1.0,1.0
1.0,1.0,1.0
1.0,1.0,1.0
1.0,1.0,1.0
1.0,1.0,1.0
1.0,0.0,1.28372666944e-36
1.0,1.0,1.0
1.0,1.0,1.0
1.0,1.0,1.0
1.0,1.0,1.0
1.0,1.0,1.0
1.0,1.0,1.0
1.0,1.0,1.0
1.0,1.0,1.0
1.0,1.0,1.0
1.0,1.0,1.0
1.0,1.0,1.0
1.0,1.0,1.0
1.0,0.0,2.89630251036e-36
1.0,0.0,9.86866923379e-37
1.0,1.0,1.0
1.0,1.0,1.0
1.0,1.0,1.0
1.0,1.0,1.0
1.0,1.0,1.0
1.0,1.0,1.0
1.0,1.0,1.0
1.0,1.0,1.0
1.0,1.0,1.0
1.0,1.0,1.0
1.0,1.0,1.0
1.0,1.0,1.0
1.0,1.0,1.0
1.0,1.0,1.0
1.0,1.0,1.0
1.0,1.0,1.0
1.0,1.0,1.0
1.0,1.0,1.0
1.0,1.0,1.0
1.0,1.0,1.0
1.0,1.0,1.0
1.0,1.0,1.0
1.0,1.0,1.0
1.0,1.0,1.0
1.0,1.0,1.0
1.0,1.0,1.0
1.0,0.0,1.35231828825e-36
1.0,1.0,1.0
1.0,1.0,1.0
1.0,1.0,1.0
1.0,1.0,1.0
1.0,1.0,1.0
1.0,1.0,1.0
1.0,1.0,1.0
1.0,1.0,1.0
1.0,1.0,1.0
1.0,0.0,4.79960737485e-36
1.0,1.0,1.0
1.0,1.0,1.0
1.0,1.0,1.0
1.0,1.0,1.0
1.0,1.0,1.0
1.0,1.0,1.0
1.0,1.0,1.0
1.0,1.0,1.0
1.0,1.0,1.0
1.0,0.0,6.14006295599e-37
1.0,1.0,1.0
1.0,1.0,1.0
1.0,1.0,1.0
1.0,1.0,1.0
0.0,0.0,1.93729335432e-36
0.0,0.0,7.74149318801e-37
0.0,0.0,1.93314144459e-36
0.0,0.0,5.0389584596e-37
0.0,0.0,2.35291815028e-38
0.0,0.0,4.45086509675e-37
0.0,0.0,2.38031591778e-36
0.0,0.0,1.85145075014e-37
0.0,0.0,1.14995769038e-37
0.0,0.0,5.64075003928e-37
0.0,0.0,3.32040911966e-37
0.0,0.0,1.93663804397e-37
0.0,0.0,1.12343002694e-38
0.0,0.0,3.30894138259e-37
0.0,0.0,2.41816107754e-38
0.0,0.0,6.76359465403e-37
0.0,0.0,4.79337570835e-38
0.0,0.0,1.3025792628e-36
0.0,0.0,5.04519748808e-37
0.0,0.0,1.49209199317e-36
0.0,0.0,4.19655375468e-37
0.0,0.0,3.71601423537e-37
0.0,0.0,9.81409942895e-37
0.0,0.0,1.45408412893e-36
0.0,0.0,3.93276139293e-37
0.0,0.0,3.64121299786e-38
0.0,0.0,5.5497243871e-37
0.0,0.0,1.3330231755e-37
0.0,0.0,4.83569764899e-38
0.0,0.0,3.87374121205e-36
0.0,0.0,1.6756501685e-36
0.0,0.0,7.99673279605e-37
0.0,0.0,4.7197155499e-37
0.0,0.0,9.15767343717e-37
0.0,0.0,2.35337457863e-37
0.0,0.0,2.40854719047e-36
0.0,0.0,3.0534050595e-37
0.0,0.0,1.83302936048e-37
0.0,0.0,6.85397644957e-37
0.0,0.0,2.29730704866e-36
0.0,0.0,1.32359139076e-36
0.0,0.0,2.53673355761e-37
0.0,0.0,2.45909575936e-37
0.0,0.0,1.12948694205e-36
0.0,0.0,6.33094378762e-37
0.0,0.0,2.09931907575e-37
0.0,0.0,1.09279927536e-36
0.0,0.0,3.65882274574e-36
0.0,0.0,8.88573560483e-37
0.0,0.0,2.06948631892e-36
0.0,0.0,6.45781408829e-38
0.0,0.0,3.7566435442e-37
0.0,0.0,1.60391536221e-37
0.0,0.0,1.18016990504e-37
0.0,0.0,1.55640564714e-36
0.0,0.0,9.43159274894e-37
0.0,0.0,3.43186100897e-37
0.0,0.0,8.6539356797e-38
0.0,0.0,1.12001501997e-36
0.0,0.0,5.56338302011e-36
0.0,0.0,1.12636114342e-39
0.0,0.0,2.97407056052e-37
0.0,0.0,1.91631158437e-36
0.0,0.0,3.85290139189e-37
0.0,0.0,2.14771271202e-37
0.0,0.0,1.77229807164e-37
0.0,0.0,4.81486282208e-37
0.0,0.0,1.03647609577e-37
0.0,0.0,1.74384392875e-37
0.0,0.0,1.18400800119e-35
0.0,0.0,7.17203889793e-37
0.0,0.0,2.16959574942e-36
0.0,0.0,3.94813257431e-37
0.0,0.0,1.38691470132e-36
0.0,0.0,1.17669177176e-36
0.0,0.0,8.42109899781e-37
0.0,0.0,2.43718445814e-36
0.0,0.0,7.20419195195e-37
0.0,0.0,5.86521214858e-37
0.0,0.0,7.49658123573e-37
0.0,0.0,9.53191060032e-37
0.0,0.0,4.22759347613e-37
0.0,0.0,1.07498592666e-37
0.0,0.0,5.21119663029e-37
0.0,0.0,7.00016935423e-37
0.0,0.0,8.99785706047e-37
0.0,0.0,1.58899734816e-36
0.0,0.0,3.26401613098e-36
0.0,0.0,4.05160107293e-37
0.0,0.0,5.92538682167e-39
0.0,0.0,7.0552243544e-37
0.0,0.0,2.09969173531e-36
0.0,0.0,2.41095542253e-37
0.0,0.0,3.01935070353e-37
0.0,0.0,1.13926273168e-37
0.0,0.0,1.43963398396e-36
0.0,0.0,1.05461388039e-36
0.0,0.0,1.65180419971e-37
0.0,0.0,1.30897488973e-37
0.0,0.0,3.177086134e-37
0.0,0.0,4.1895487352e-37
0.0,0.0,1.27179310636e-37
0.0,0.0,1.49999591966e-37
0.0,0.0,2.5818943743e-38
0.0,0.0,3.55630885437e-37
0.0,0.0,2.05977549171e-37
0.0,0.0,2.49051919128e-36
0.0,0.0,2.95214133106e-37
0.0,0.0,3.73826446027e-36
0.0,0.0,1.98387958007e-36
0.0,0.0,3.05472060922e-37
0.0,0.0,2.69391137487e-36
0.0,0.0,2.76987673782e-36
0.0,0.0,1.49246203116e-37
0.0,0.0,6.4308279417e-38
0.0,0.0,5.93349107836e-37
0.0,0.0,5.74697301829e-37
0.0,0.0,4.9920080808e-37
0.0,0.0,3.17613479654e-37
0.0,0.0,1.19892623588e-37
0.0,0.0,3.69343202694e-37
0.0,0.0,2.42654609961e-37
0.0,0.0,9.54562658666e-36
0.0,0.0,4.17099130133e-37
0.0,0.0,6.11029809911e-37
0.0,0.0,2.63291286426e-38
0.0,0.0,4.11212090056e-37
0.0,0.0,9.36708824392e-38
0.0,0.0,4.80554216576e-36
0.0,0.0,3.01815486532e-36
0.0,0.0,6.08612800844e-37
0.0,0.0,3.43125872519e-37
0.0,0.0,2.84817377972e-38
0.0,0.0,7.83466298816e-37
0.0,0.0,5.07580255761e-37
0.0,0.0,9.83054415068e-38
0.0,0.0,2.67908321714e-37
0.0,0.0,1.87694355744e-37
0.0,0.0,4.20038961449e-37
0.0,0.0,1.87431554969e-37
0.0,0.0,6.3555367932e-37
0.0,0.0,5.20449639925e-37
0.0,0.0,2.75468254513e-37
0.0,0.0,2.23107995926e-37
0.0,0.0,1.760504536e-37
0.0,0.0,5.64239378354e-36
0.0,0.0,1.13820282783e-36
0.0,0.0,5.91921796187e-37
0.0,0.0,1.86116084582e-36
0.0,0.0,1.33655236618e-37
0.0,0.0,1.32272076599e-37
0.0,0.0,1.12057382688e-37
0.0,0.0,1.56231854219e-36
0.0,0.0,1.12958303394e-36
0.0,0.0,3.96536737953e-37
0.0,0.0,4.07494885472e-36
0.0,0.0,5.15595077644e-37
0.0,0.0,1.08753360672e-37
0.0,0.0,1.38533430431e-37
0.0,0.0,4.32088569872e-37
0.0,0.0,4.28563932153e-37
0.0,0.0,9.2040349712e-37
0.0,0.0,6.71854686689e-36
0.0,0.0,5.51704184705e-37
0.0,0.0,1.70208827931e-36
0.0,0.0,2.53397513688e-37
0.0,0.0,4.43270259227e-38
0.0,0.0,6.10806531086e-37
0.0,0.0,3.80043891037e-37
0.0,0.0,1.8248373743e-37
0.0,0.0,5.4518564863e-37
0.0,0.0,2.8168999788e-37
0.0,0.0,3.2710262234e-37
0.0,0.0,1.7973728266e-37
0.0,0.0,1.51949897428e-37
0.0,0.0,9.57954242316e-38
0.0,0.0,1.26856449327e-36
0.0,0.0,1.08878011546e-36
0.0,0.0,8.74488232501e-37
0.0,0.0,6.94437015259e-37
0.0,0.0,2.74142912512e-37
0.0,0.0,1.84985866441e-36
0.0,0.0,2.84719038229e-37
0.0,0.0,1.92868560806e-36
0.0,0.0,2.63485093368e-37
0.0,0.0,1.66880562607e-37
0.0,0.0,1.30867417209e-37
0.0,0.0,5.13743498825e-37
0.0,0.0,2.35226357773e-36
0.0,0.0,2.47166510264e-36
0.0,0.0,2.19440197028e-37
0.0,0.0,1.0481625107e-36
0.0,0.0,1.08605764292e-36
0.0,0.0,3.0303681885e-37
0.0,0.0,2.78487819458e-36
0.0,0.0,6.22386909435e-37
0.0,0.0,3.56771913474e-37
0.0,0.0,5.8523804544e-37
0.0,0.0,1.79963608672e-37
0.0,0.0,7.84335695725e-37
0.0,0.0,4.05619840673e-37
0.0,0.0,6.00245210501e-37
0.0,0.0,6.22648359938e-37
0.0,0.0,8.44446596142e-37
0.0,0.0,4.68833375044e-37
0.0,0.0,3.02889741224e-36
0.0,0.0,6.86757768778e-37
0.0,0.0,1.80327036119e-36
0.0,0.0,3.00436587124e-36
0.0,0.0,2.41450109244e-37
0.0,0.0,2.16797713282e-37
0.0,0.0,2.35921398047e-36
0.0,0.0,1.13371870277e-36
0.0,0.0,9.13779760992e-37
0.0,0.0,9.31673116004e-38
0.0,0.0,2.25874049719e-37
0.0,0.0,6.69979611287e-37
0.0,0.0,1.12996339421e-37
0.0,0.0,2.04606545546e-37
0.0,0.0,1.82549227482e-36
0.0,0.0,2.49385502591e-36
0.0,0.0,8.94668114423e-38
0.0,0.0,2.5698217858e-36
0.0,0.0,1.4154437954e-37
0.0,0.0,1.44308444841e-36
0.0,0.0,2.53306135783e-36
0.0,0.0,5.03290337919e-37
0.0,0.0,3.53613504145e-37
0.0,0.0,1.58232627158e-37
0.0,0.0,5.28202154836e-37
0.0,0.0,3.71723586347e-37
0.0,0.0,4.87727601274e-37
0.0,0.0,3.69849222076e-38
0.0,0.0,9.22133369003e-38
0.0,0.0,1.44490459125e-36
0.0,0.0,3.51546823786e-37
0.0,0.0,5.76714978123e-37
0.0,0.0,2.01069278264e-37
0.0,0.0,3.225260235e-36
0.0,0.0,1.39456263109e-37
0.0,0.0,8.25841739224e-37
0.0,0.0,1.92790856047e-36
0.0,0.0,5.11154673256e-36
0.0,0.0,3.46621830072e-37
0.0,0.0,5.44865649824e-36
0.0,0.0,1.77556427798e-36
0.0,0.0,7.69501169763e-37
0.0,0.0,1.25741339982e-37
0.0,0.0,2.33082840235e-35
0.0,0.0,4.75425910528e-37
0.0,0.0,9.46893718811e-36
0.0,0.0,6.01365899824e-37
0.0,0.0,1.2570070102e-37
0.0,0.0,2.13013716429e-37
0.0,0.0,4.71463381791e-36
0.0,0.0,4.47268514327e-37
0.0,0.0,1.23138577199e-36
0.0,0.0,1.32548586139e-36
0.0,0.0,6.29759580991e-37
0.0,0.0,8.64462104379e-38
0.0,0.0,8.35751035324e-37
0.0,0.0,8.218763619e-38
0.0,0.0,3.06189447114e-37
0.0,0.0,2.49634954945e-37
0.0,0.0,1.36277307059e-36
0.0,0.0,3.30857434397e-37
0.0,0.0,2.89385536903e-36
0.0,0.0,1.03862490802e-36
0.0,0.0,1.67724630431e-36
0.0,0.0,2.06172109585e-37
0.0,0.0,1.20584023796e-37
0.0,0.0,6.39124035102e-37
0.0,0.0,6.27408959783e-37
0.0,0.0,1.09275355837e-36
0.0,0.0,4.63295257755e-37
0.0,0.0,2.53676848716e-37
0.0,0.0,3.43256141777e-37
0.0,0.0,7.67092468614e-37
0.0,0.0,4.29963772412e-37
0.0,0.0,1.4970492652e-36
0.0,0.0,1.89163646941e-35
0.0,0.0,1.65614200137e-36
0.0,0.0,4.90249060031e-37
0.0,0.0,2.80478461135e-36
0.0,0.0,7.39438485915e-37
0.0,0.0,2.61973837599e-37
0.0,0.0,8.1461442571e-35
0.0,0.0,4.3447514694e-36
0.0,0.0,3.84912678399e-37
0.0,0.0,1.46820891666e-37
0.0,0.0,1.77317513308e-37
0.0,0.0,7.10784800053e-37
0.0,0.0,4.09172482431e-37
0.0,0.0,2.52792764191e-37
0.0,0.0,8.88104332333e-37
0.0,0.0,1.45201695519e-36
0.0,0.0,1.86271714621e-36
0.0,0.0,1.21044562105e-36
0.0,0.0,6.08075410174e-37
0.0,0.0,4.67198425866e-36
0.0,0.0,3.13191413337e-37
0.0,0.0,1.88932095324e-37
0.0,0.0,2.37379973643e-37
0.0,0.0,7.92700389596e-37
0.0,0.0,2.12653551031e-36
0.0,0.0,4.35790927247e-37
0.0,0.0,3.65642138008e-37
0.0,0.0,6.74686438002e-37
0.0,0.0,2.31427827084e-36
0.0,0.0,2.95865725669e-37
0.0,0.0,1.0071175889e-36
0.0,0.0,1.41196570195e-36
0.0,0.0,1.39844618806e-36
0.0,0.0,3.4087818586e-36
0.0,0.0,4.43351899971e-37
0.0,0.0,1.01540473685e-36
0.0,0.0,8.23615593857e-36
0.0,0.0,1.57181395481e-36
0.0,0.0,6.90135713456e-37
0.0,0.0,1.17452504563e-36
0.0,0.0,1.3232929083e-35
0.0,0.0,5.26965815028e-38
0.0,0.0,7.34281925185e-37
0.0,0.0,5.5239117884e-37
0.0,0.0,3.46204632362e-37
0.0,0.0,9.19268125357e-37
0.0,0.0,4.61772279654e-37
0.0,0.0,7.89635764613e-37
0.0,0.0,4.34105925518e-37
0.0,0.0,4.16420989383e-37
0.0,0.0,3.89855422196e-37
0.0,0.0,8.29849542007e-37
0.0,0.0,1.16365570128e-36
0.0,0.0,7.54741885322e-37
0.0,0.0,3.27959262526e-36
0.0,0.0,7.17759602504e-37
0.0,0.0,1.9090234619e-37
0.0,0.0,5.82505553818e-36
0.0,0.0,1.17218441927e-36
0.0,0.0,3.47995829231e-37
0.0,0.0,1.13573972858e-36
0.0,0.0,6.92670818431e-37
0.0,0.0,6.92349419057e-37
0.0,0.0,1.75679562363e-36
0.0,0.0,6.6593777017e-38
0.0,0.0,3.25562067178e-37
0.0,0.0,6.63571134216e-37
0.0,0.0,1.47589322227e-36
0.0,0.0,2.07256743411e-37
0.0,0.0,1.21786391648e-36
0.0,0.0,9.83036879455e-37
0.0,0.0,1.98988370452e-36
0.0,0.0,1.59001251435e-36
0.0,0.0,1.33904372741e-36
0.0,0.0,2.17722931851e-38
0.0,0.0,7.17252234251e-37
0.0,0.0,8.60182241547e-37
0.0,0.0,4.50464572845e-37
0.0,0.0,3.85440531212e-37
0.0,0.0,1.51010721929e-36
0.0,0.0,3.56376481852e-37
0.0,0.0,2.85353978194e-37
0.0,0.0,4.49417917728e-36
0.0,0.0,1.77465707235e-37
0.0,0.0,1.85527792827e-36
0.0,0.0,9.83974014065e-37
0.0,0.0,1.35594776066e-36
0.0,0.0,9.66829940483e-37
0.0,0.0,1.24576518997e-36
0.0,0.0,1.40155215201e-37
0.0,0.0,1.12908846074e-37
0.0,0.0,9.54114738458e-37
0.0,0.0,1.27965917955e-36
0.0,0.0,5.49294629307e-38
0.0,0.0,2.76947900009e-36
0.0,0.0,1.37642435017e-37
0.0,0.0,1.36922136776e-36
0.0,0.0,8.15596049247e-38
0.0,0.0,2.36992343127e-36
0.0,0.0,2.65655178138e-37
0.0,0.0,8.58427182541e-37
0.0,0.0,2.6987596394e-37
0.0,0.0,2.9553892175e-36
0.0,0.0,1.8532030174e-37
0.0,0.0,1.49333864065e-36
0.0,0.0,7.65298551759e-38
0.0,0.0,1.54770668399e-37
0.0,0.0,1.46945617367e-37
0.0,0.0,1.29865226539e-36
0.0,0.0,3.89630889539e-36
0.0,0.0,5.3556620275e-36
0.0,0.0,7.65141914013e-37
0.0,0.0,2.60286787422e-37
0.0,0.0,9.61473308309e-37
0.0,0.0,1.3320228767e-36
0.0,0.0,2.07461572726e-37
0.0,0.0,6.93337368339e-37
0.0,0.0,2.14719556685e-36
0.0,0.0,9.15981870596e-37
0.0,0.0,7.72313266999e-36
0.0,0.0,3.16829907147e-36
0.0,0.0,8.41458226414e-38
0.0,0.0,1.18022599852e-36
0.0,0.0,2.43800510226e-36
0.0,0.0,2.27359183024e-36
0.0,0.0,1.94751056739e-36
0.0,0.0,4.22800008639e-37
0.0,0.0,4.76243083652e-37
0.0,0.0,1.69506044224e-36
0.0,0.0,5.92203207874e-36
0.0,0.0,1.59299833172e-36
0.0,0.0,3.62676425217e-37
0.0,0.0,2.2057401715e-37
0.0,0.0,9.594770203e-36
0.0,0.0,5.22632734471e-38
0.0,0.0,9.95705136474e-37
0.0,0.0,3.12252963897e-37
0.0,0.0,3.50373010419e-37
0.0,0.0,1.41253794956e-35
0.0,0.0,3.54042795237e-36
0.0,0.0,7.05932505614e-37
0.0,0.0,7.77791078259e-38
0.0,0.0,2.63349909506e-36
0.0,0.0,2.76793704831e-36
0.0,0.0,9.21452409194e-36
0.0,0.0,2.52045459032e-36
0.0,0.0,7.02776749037e-37
0.0,0.0,7.84844582376e-37
0.0,0.0,1.83251051847e-37
0.0,0.0,9.31808886305e-37
0.0,0.0,7.49017909493e-37
0.0,0.0,1.2275909111e-36
0.0,0.0,3.82474860607e-36
0.0,0.0,7.19554109e-37
0.0,0.0,2.13731958793e-36
0.0,0.0,5.50285164458e-38
0.0,0.0,1.79066899845e-37
0.0,0.0,6.2432731435e-37
0.0,0.0,1.35319514091e-36
0.0,0.0,2.1096302021e-36
0.0,0.0,1.10210031149e-37
0.0,0.0,3.53624033189e-37
0.0,0.0,3.37618261843e-37
0.0,0.0,2.7182251335e-37
0.0,0.0,1.82487195565e-37
0.0,0.0,1.29828968463e-36
0.0,0.0,2.17463559837e-36
0.0,0.0,3.53155732582e-38
0.0,0.0,2.91888316427e-37
0.0,0.0,2.5124674685e-36
0.0,0.0,1.05412655864e-36
0.0,0.0,4.1856023053e-37
0.0,0.0,1.16203592712e-35
0.0,0.0,4.6687546241e-38
0.0,0.0,2.73135635523e-36
0.0,0.0,3.95810508778e-37
0.0,0.0,3.52296989123e-37
0.0,0.0,8.97674238544e-37
0.0,0.0,1.01680162299e-36
0.0,0.0,1.46336492751e-36
0.0,0.0,6.2603751074e-37
0.0,0.0,2.30569857587e-36
0.0,0.0,2.13669107223e-37
0.0,0.0,1.90451858189e-37
0.0,0.0,4.00658916544e-36
0.0,0.0,2.22827461814e-36
0.0,0.0,3.39878531158e-36
0.0,0.0,2.59771651056e-36
0.0,0.0,1.03623446422e-36
0.0,0.0,9.84051552829e-37
0.0,0.0,4.18246483062e-36
0.0,0.0,2.35977892949e-37
0.0,0.0,1.11763873873e-37
0.0,0.0,3.72029452564e-36
0.0,0.0,1.07041880642e-36
0.0,0.0,1.16547937239e-36
0.0,0.0,1.83008442387e-38
0.0,0.0,1.78187465376e-36
0.0,0.0,1.79473672867e-36
0.0,0.0,3.8595966805e-37
0.0,0.0,2.11804992544e-37
0.0,0.0,3.65629857922e-37
0.0,0.0,2.2442334139e-36
0.0,0.0,4.24763118284e-37
0.0,0.0,4.65845403728e-36
0.0,0.0,1.21138085146e-36
0.0,0.0,6.78966658578e-37
0.0,0.0,2.50165506484e-37
0.0,0.0,4.99977584173e-37
0.0,0.0,2.65749451067e-37
0.0,0.0,4.24660890856e-36
0.0,0.0,1.52987733438e-36
0.0,0.0,1.76171943761e-36
0.0,0.0,2.75057380516e-37
0.0,0.0,1.09935357278e-36
0.0,0.0,6.17108452845e-36
0.0,0.0,3.32922298435e-36
0.0,0.0,2.62871395921e-36
0.0,0.0,2.13746251252e-36
0.0,0.0,5.20719434987e-37
0.0,0.0,1.31348102407e-36
0.0,0.0,2.92423787528e-37
0.0,0.0,1.55557309002e-37
0.0,0.0,2.18240602881e-36
0.0,0.0,1.57760458213e-36
0.0,0.0,1.16099682569e-36
0.0,0.0,8.54274096621e-38
0.0,0.0,3.57091018399e-37
0.0,0.0,3.77974091656e-37
0.0,0.0,2.34655847419e-37
0.0,0.0,3.12801318629e-37
0.0,0.0,9.13026915261e-38
0.0,0.0,8.55567826319e-37
0.0,0.0,4.54564924782e-37
0.0,0.0,3.63032496249e-37
0.0,0.0,2.04741601092e-36
0.0,0.0,5.95296480778e-38
0.0,0.0,1.16529964845e-37
0.0,0.0,3.13567837323e-36
0.0,0.0,5.00886647133e-37
0.0,0.0,1.10540515766e-36
0.0,0.0,8.76267670914e-37
0.0,0.0,8.98135201972e-37
0.0,0.0,6.40052630887e-38
0.0,0.0,2.69493899374e-37
0.0,0.0,8.04913993861e-37
0.0,0.0,6.23030201682e-36
0.0,0.0,1.77372439904e-37
0.0,0.0,1.03575286751e-37
0.0,0.0,7.73963082187e-38
0.0,0.0,1.19983685971e-36
0.0,0.0,7.2887906369e-37
0.0,0.0,3.41388124418e-36
0.0,0.0,4.76532795871e-37
0.0,0.0,2.83527573844e-36
0.0,0.0,2.02855472458e-36
0.0,0.0,1.56005781701e-36
0.0,0.0,7.96946728827e-37
0.0,0.0,6.0691756361e-37
0.0,0.0,3.5935066489e-38
0.0,0.0,1.51825477382e-37
0.0,0.0,5.54578308105e-37
0.0,0.0,3.3964231328e-37
0.0,0.0,1.41214361296e-36
0.0,0.0,2.36351047331e-36
0.0,0.0,3.45114488913e-37
0.0,0.0,4.6429910732e-37
0.0,0.0,2.91108619826e-39
0.0,0.0,1.74814621461e-36
0.0,0.0,1.08997473242e-38
0.0,0.0,2.25366273591e-37
0.0,0.0,8.91999081868e-38
0.0,0.0,2.86565220653e-38
0.0,0.0,6.83817650213e-37
0.0,0.0,1.94125762815e-37
0.0,0.0,1.94925616462e-36
0.0,0.0,1.02004259873e-36
0.0,0.0,1.14442292132e-36
0.0,0.0,3.11186552111e-37
0.0,0.0,7.28257292621e-37
0.0,0.0,6.92858129646e-37
0.0,0.0,7.82215930996e-37
0.0,0.0,5.74591377968e-37
0.0,0.0,3.08776135445e-36
0.0,0.0,1.63374595892e-36
0.0,0.0,1.80147378473e-36
0.0,0.0,5.32578821157e-36
0.0,0.0,1.08936769872e-37
0.0,0.0,3.75592383831e-37
0.0,0.0,9.43131401526e-38
0.0,0.0,1.11337072164e-36
0.0,0.0,3.04399766051e-36
0.0,0.0,1.23924130698e-35
0.0,0.0,4.51729255038e-37
0.0,0.0,3.13967210885e-37
0.0,0.0,4.36816530341e-37
0.0,0.0,8.56332090608e-36
0.0,0.0,5.01420393105e-37
0.0,0.0,4.1838842177e-37
0.0,0.0,1.14250085572e-36
0.0,0.0,3.03321095084e-37
0.0,0.0,2.18357323413e-37
0.0,0.0,5.00802519124e-38
0.0,0.0,8.34311949539e-36
0.0,0.0,1.24724570561e-36
0.0,0.0,3.33783281914e-37
0.0,0.0,1.89376724104e-37
0.0,0.0,1.34193814179e-36
0.0,0.0,3.67675886911e-36
0.0,0.0,1.15979139353e-36
0.0,0.0,9.56998625118e-38
0.0,0.0,1.48072565866e-36
0.0,0.0,9.17310523143e-36
0.0,0.0,4.45987162722e-36
0.0,0.0,7.74364587745e-37
0.0,0.0,9.76691926625e-36
0.0,0.0,1.70263978671e-36
0.0,0.0,6.24843743936e-37
0.0,0.0,8.41952332938e-37
0.0,0.0,2.30036996458e-37
0.0,0.0,1.64054628954e-36
0.0,0.0,2.59038118619e-36
0.0,0.0,2.24989514896e-37
0.0,0.0,1.62677158402e-37
0.0,0.0,7.5331251296e-37
0.0,0.0,1.34453730178e-37
0.0,0.0,1.63098695217e-36
0.0,0.0,3.9331018398e-37
0.0,0.0,9.62087246168e-37
0.0,0.0,7.51354698413e-37
0.0,0.0,5.90649656333e-37
0.0,0.0,2.03218839245e-36
0.0,0.0,2.81456829013e-36
0.0,0.0,3.12699492214e-37
0.0,0.0,1.35027265947e-36
0.0,0.0,2.03085682181e-36
0.0,0.0,1.19919930349e-36
0.0,0.0,2.34337696092e-37
0.0,0.0,1.35368176506e-37
0.0,0.0,6.5836399111e-36
0.0,0.0,1.53492754756e-37
0.0,0.0,1.43663324745e-36
0.0,0.0,1.53514671017e-36
0.0,0.0,2.2227680568e-37
0.0,0.0,2.50513871836e-36
0.0,0.0,5.6576303527e-37
0.0,0.0,5.44414500926e-39
0.0,0.0,2.12940444693e-37
0.0,0.0,5.93869655418e-37
0.0,0.0,1.37182939626e-36
0.0,0.0,1.3821809724e-36
0.0,0.0,7.21208771371e-37
0.0,0.0,2.15893757563e-38
0.0,0.0,1.56813042513e-37
0.0,0.0,3.6174872301e-37
0.0,0.0,1.18562059493e-36
0.0,0.0,6.95028909712e-37
0.0,0.0,3.58733272166e-36
0.0,0.0,1.27596309145e-36
0.0,0.0,2.79291309492e-36
0.0,0.0,1.83298490062e-37
0.0,0.0,2.18083733736e-36
0.0,0.0,2.6009336446e-37
0.0,0.0,4.92493290449e-37
0.0,0.0,1.27634125833e-37
0.0,0.0,2.78921611527e-36
0.0,0.0,2.77906111027e-37
0.0,0.0,4.56526253197e-37
0.0,0.0,2.54330207887e-36
0.0,0.0,4.80765152356e-37
0.0,0.0,5.74576814001e-38
0.0,0.0,1.91146294589e-37
0.0,0.0,9.63685102769e-37
0.0,0.0,7.19248517163e-37
0.0,0.0,5.52338406799e-37
0.0,0.0,1.47402684253e-36
0.0,0.0,2.00545081374e-36
0.0,0.0,2.08534458369e-36
0.0,0.0,7.12424570599e-36
0.0,0.0,1.947214787e-37
0.0,0.0,5.02340988876e-36
0.0,0.0,7.06371813425e-38
0.0,0.0,6.01140836097e-37
0.0,0.0,3.02604354465e-37
0.0,0.0,2.66693057185e-36
0.0,0.0,2.79268491987e-36
0.0,0.0,2.69613759128e-37
0.0,0.0,1.30845381084e-37
0.0,0.0,9.46684340996e-37
0.0,0.0,3.07399939902e-37
0.0,0.0,9.96990980096e-36
0.0,0.0,1.36497885432e-36
0.0,0.0,7.14676098841e-37
0.0,0.0,1.34353787533e-36
0.0,0.0,1.78020985923e-36
0.0,0.0,4.93852340945e-36
0.0,0.0,1.63901814066e-36
0.0,0.0,8.10027669583e-37
0.0,0.0,1.10864973128e-36
0.0,0.0,1.31564726354e-37
0.0,0.0,6.5278743592e-37
0.0,0.0,4.20052674374e-37
0.0,0.0,2.69744149515e-36
0.0,0.0,9.97003733423e-38
0.0,0.0,2.3888346798e-37
0.0,0.0,3.36436717275e-37
0.0,0.0,1.49240672024e-36
0.0,0.0,5.05171424269e-36
0.0,0.0,4.30654986453e-36
0.0,0.0,4.22568454285e-37
0.0,0.0,3.15587133111e-36
0.0,0.0,7.88189583621e-36
0.0,0.0,7.7476847875e-36
0.0,0.0,1.56686525126e-36
0.0,0.0,2.26840613361e-38
0.0,0.0,1.2960967684e-36
0.0,0.0,3.5446880018e-36
0.0,0.0,1.68666768414e-36
0.0,0.0,8.60178391075e-37
0.0,0.0,9.23723803629e-38
0.0,0.0,3.46968106952e-37
0.0,0.0,2.37244599327e-37
0.0,0.0,6.21435241847e-37
0.0,0.0,1.97056643766e-36
0.0,0.0,8.10122754465e-37
0.0,0.0,1.3568779024e-36
0.0,0.0,6.1682605133e-37
0.0,0.0,1.58540491025e-36
0.0,0.0,6.70202562295e-37
0.0,0.0,4.49715541374e-37
0.0,0.0,1.2576392791e-36
0.0,0.0,1.5007295821e-36
0.0,0.0,6.63387718497e-36
0.0,0.0,1.17770786968e-37
0.0,0.0,2.04826949497e-37
0.0,0.0,4.837883239e-36
0.0,0.0,3.2806316809e-38
0.0,0.0,5.93626687036e-37
0.0,0.0,6.23178777439e-37
0.0,0.0,1.18140295236e-36
0.0,0.0,6.75044312871e-37
0.0,0.0,3.77817814886e-36
0.0,0.0,5.60425986341e-37
0.0,0.0,1.32795845431e-37
0.0,0.0,4.26958604953e-37
0.0,0.0,2.29842451177e-37
0.0,0.0,1.57547434717e-36
0.0,0.0,3.58514724926e-37
0.0,0.0,3.44865729309e-37
0.0,0.0,6.90813833405e-37
0.0,0.0,3.67831791212e-37
0.0,0.0,2.79350588787e-37
0.0,0.0,1.44165962806e-37
0.0,0.0,3.62678247307e-37
0.0,0.0,5.27842094031e-37
0.0,0.0,1.3221386872e-37
0.0,0.0,6.74327982792e-37
0.0,0.0,6.09444630669e-37
0.0,0.0,1.37725091429e-38
0.0,0.0,3.07253659411e-37
0.0,0.0,4.3818083978e-36
0.0,0.0,4.31266647214e-37
0.0,0.0,2.2811270148e-37
0.0,0.0,4.49185600033e-36
0.0,0.0,2.25135895731e-36
0.0,0.0,1.88610641241e-36
0.0,0.0,1.96443778638e-36
0.0,0.0,1.97962575654e-36
0.0,0.0,5.20359309723e-36
0.0,0.0,9.80598549716e-37
0.0,0.0,7.50619581777e-37
0.0,0.0,8.90786332102e-37
0.0,0.0,1.5635907395e-36
0.0,0.0,3.23344288216e-37
0.0,0.0,1.47575924977e-36
0.0,0.0,9.72009077447e-38
0.0,0.0,6.14604850953e-37
0.0,0.0,4.02185495382e-38
0.0,0.0,3.37036194892e-36
0.0,0.0,5.94452671922e-36
0.0,0.0,4.4622989185e-36
0.0,0.0,6.77763861531e-37
0.0,0.0,2.84586933126e-37
0.0,0.0,2.37088621475e-36
0.0,0.0,1.31025852733e-36
0.0,0.0,8.5712917338e-37
0.0,0.0,2.51672440431e-36
0.0,0.0,2.59512507218e-38
0.0,0.0,1.72908205323e-36
0.0,0.0,9.67920407172e-37
0.0,0.0,2.15225167819e-37
0.0,0.0,7.16134985874e-36
0.0,0.0,5.96714308551e-37
0.0,0.0,5.03148299193e-38
0.0,0.0,9.04652950381e-36
0.0,0.0,8.94281937243e-37
0.0,0.0,1.46786898091e-36
0.0,0.0,3.04959938381e-37
0.0,0.0,5.13958791626e-36
0.0,0.0,8.74281819987e-37
0.0,0.0,1.18680255291e-36
0.0,0.0,2.7548011666e-40
0.0,0.0,9.38393041262e-37
0.0,0.0,2.14794316143e-36
0.0,0.0,9.29205199984e-37
0.0,0.0,3.56110600844e-37
0.0,0.0,2.31159711135e-37
0.0,0.0,3.54027118593e-36
0.0,0.0,2.20773981698e-36
0.0,0.0,4.3724081479e-37
0.0,0.0,2.93923561923e-36
0.0,0.0,3.52515601106e-36
0.0,0.0,4.43336985948e-37
0.0,0.0,5.99133372991e-36
0.0,0.0,6.59137253255e-38
0.0,0.0,4.28325893411e-37
0.0,0.0,1.24336626798e-36
0.0,0.0,5.57748386664e-37
0.0,0.0,8.95595809795e-36
0.0,0.0,7.77239058366e-37
0.0,0.0,5.43440708305e-37
0.0,0.0,5.64835265085e-37
0.0,0.0,1.7587619809e-36
0.0,0.0,2.08215982936e-37
0.0,0.0,7.62611318206e-36
0.0,0.0,3.18639841298e-36
0.0,0.0,1.43551116082e-37
0.0,0.0,2.37859480905e-36
0.0,0.0,9.24422843216e-37
0.0,0.0,8.50606011535e-37
0.0,0.0,5.70818083151e-36
0.0,0.0,5.78699626185e-36
0.0,0.0,5.32831090565e-36
0.0,0.0,1.77386954905e-36
0.0,0.0,1.10650410768e-36
0.0,0.0,4.7945816181e-37
0.0,0.0,1.8914282926e-37
0.0,0.0,5.68039935592e-37
0.0,0.0,3.3572344551e-36
0.0,0.0,1.55231263802e-36
0.0,0.0,7.40898860451e-37
0.0,0.0,4.35826942058e-36
0.0,0.0,2.32593319344e-36
0.0,0.0,1.49345160093e-36
0.0,0.0,6.49859282317e-37
0.0,0.0,2.90760907907e-36
0.0,0.0,1.76796238216e-37
0.0,0.0,1.57528932574e-36
0.0,0.0,3.46696163817e-37
0.0,0.0,1.60982527701e-36
0.0,0.0,1.74661934629e-35
0.0,0.0,4.02531814966e-36
0.0,0.0,2.16672063578e-36
0.0,0.0,1.51611348688e-36
0.0,0.0,1.54547852378e-36
0.0,0.0,3.13736156001e-36
0.0,0.0,2.5568444226e-36
0.0,0.0,1.96717004432e-36
0.0,0.0,7.99844486259e-36
0.0,0.0,2.99732614348e-37
0.0,0.0,3.99928524886e-37
0.0,0.0,8.58793219851e-37
0.0,0.0,3.84486222825e-36
0.0,0.0,2.91665907334e-36
0.0,0.0,4.78794613277e-36
0.0,0.0,6.91916582194e-37
0.0,0.0,1.13671565646e-36
0.0,0.0,1.07118415285e-36
0.0,0.0,9.76357187925e-37
0.0,0.0,4.43125887195e-37
0.0,0.0,9.1841733878e-37
0.0,0.0,6.42207577211e-37
0.0,0.0,8.11275805722e-36
0.0,0.0,6.15762140685e-36
0.0,0.0,4.72533942866e-37
0.0,0.0,2.30807433486e-37
0.0,0.0,1.86246604309e-36
0.0,0.0,4.30382225548e-38
0.0,0.0,1.1750737086e-36
0.0,0.0,7.45935735406e-37
0.0,0.0,4.04364464056e-36
0.0,0.0,7.72398400001e-37
0.0,0.0,5.60751840177e-36
0.0,0.0,1.31866688743e-36
0.0,0.0,9.88837008804e-37
0.0,0.0,2.46811543997e-36
0.0,0.0,3.61059276028e-37
0.0,0.0,3.95216561872e-37
0.0,0.0,1.67202687071e-36
0.0,0.0,2.03117439474e-36
0.0,0.0,6.36776057728e-36
0.0,0.0,1.26218311676e-36
0.0,0.0,4.64479706889e-38
0.0,0.0,1.11432201392e-36
0.0,0.0,1.48682272961e-36
0.0,0.0,2.06072574229e-36
0.0,0.0,1.35930710575e-36
0.0,0.0,3.99077559028e-37
0.0,0.0,2.34391011194e-36
0.0,0.0,7.34224395961e-37
0.0,0.0,7.08818919636e-37
0.0,0.0,5.71584199692e-36
0.0,0.0,1.16991722372e-36
0.0,0.0,1.24268664341e-37
0.0,0.0,1.60169689004e-36
0.0,0.0,2.6055230317e-37
0.0,0.0,4.08196164306e-37
0.0,0.0,3.49730786447e-36
0.0,0.0,1.39244333464e-36
0.0,0.0,1.37564833761e-36
0.0,0.0,3.18264592642e-37
0.0,0.0,4.17933096575e-36
0.0,0.0,1.50153320562e-37
0.0,0.0,4.81040413553e-36
0.0,0.0,9.34448132226e-37
0.0,0.0,4.06986533694e-37
0.0,0.0,4.3715501737e-36
0.0,0.0,1.40998265305e-36
0.0,0.0,3.51982075199e-37
0.0,0.0,8.03397443496e-36
0.0,0.0,2.99783703562e-36
0.0,0.0,2.79055209132e-36
0.0,0.0,7.25646159606e-37
0.0,0.0,4.28429931622e-37
0.0,0.0,9.01690922194e-36
0.0,0.0,5.14530161021e-37
0.0,0.0,1.68241293781e-39
0.0,0.0,7.79931928585e-38
0.0,0.0,7.08888722158e-36
0.0,0.0,1.51398954825e-36
0.0,0.0,1.74793028427e-36
0.0,0.0,3.14174277347e-36
0.0,0.0,5.43711499707e-37
0.0,0.0,1.96492235017e-36
0.0,0.0,2.04901844522e-37
0.0,0.0,4.49029554304e-37
0.0,0.0,6.76820738772e-36
0.0,0.0,1.11890079424e-36
0.0,0.0,1.1863753088e-37
0.0,0.0,3.08287213743e-37
0.0,0.0,5.37744368921e-37
0.0,0.0,4.78496934962e-37
0.0,0.0,8.50901133247e-38
0.0,0.0,1.01972406648e-36
0.0,0.0,1.20392495025e-36
0.0,0.0,6.55673639172e-37
0.0,0.0,3.22807008594e-36
0.0,0.0,4.80353600029e-37
0.0,0.0,5.19229009974e-37
0.0,0.0,1.7274023136e-36
0.0,0.0,1.01674335573e-37
0.0,0.0,2.7725462683e-37
0.0,0.0,8.09212689779e-37
0.0,0.0,1.36072170772e-36
0.0,0.0,2.47254116751e-36
0.0,0.0,9.0527222923e-37
0.0,0.0,3.91829506459e-37
0.0,0.0,7.73228587525e-37
0.0,0.0,3.65281167909e-36
0.0,0.0,3.22064568025e-36
0.0,0.0,3.64628127013e-37
0.0,0.0,1.65963401692e-37
0.0,0.0,6.86606801149e-37
0.0,0.0,3.02818682173e-38
0.0,0.0,1.63509298105e-36
0.0,0.0,9.40503179181e-37
0.0,0.0,5.04219731203e-37
0.0,0.0,7.5252846328e-38
0.0,0.0,4.98805444828e-36
0.0,0.0,1.04308457508e-36
0.0,0.0,7.10513776667e-37
0.0,0.0,9.30019084957e-37
0.0,0.0,1.36788505546e-36
0.0,0.0,1.72191848401e-36
0.0,0.0,2.89895605201e-37
0.0,0.0,1.00242348443e-36
0.0,0.0,1.64600665764e-36
0.0,0.0,3.25889773918e-36
0.0,0.0,1.7121834888e-37
0.0,0.0,1.05817445497e-37
0.0,0.0,6.85181710977e-37
0.0,0.0,5.6167803247e-36
0.0,0.0,1.99464571741e-36
0.0,0.0,1.24544730456e-37
0.0,0.0,7.77375028026e-36
0.0,0.0,6.125325488e-38
0.0,0.0,9.17707160351e-38
0.0,0.0,9.18256339249e-37
0.0,0.0,2.00226360835e-37
0.0,0.0,6.50465761656e-37
0.0,0.0,1.08366050315e-36
0.0,0.0,1.12027674335e-36
0.0,0.0,7.90284764709e-35
0.0,0.0,1.82712850617e-36
0.0,0.0,2.54661449247e-36
0.0,0.0,1.99876814452e-37
0.0,0.0,8.01142323152e-37
0.0,0.0,9.05593975651e-37
0.0,0.0,4.43019270541e-36
0.0,0.0,2.1447093586e-36
0.0,0.0,1.04056211382e-35
0.0,0.0,4.47648541757e-36
0.0,0.0,6.87570967277e-36
0.0,0.0,8.49332492412e-37
0.0,0.0,2.32650477676e-37
0.0,0.0,9.36594420774e-36
0.0,0.0,5.18004354948e-37
0.0,0.0,9.60482361421e-37
0.0,0.0,5.21625732148e-36
0.0,0.0,3.5926701067e-37
0.0,0.0,1.04322323097e-36
0.0,0.0,2.07691819398e-36
0.0,0.0,5.9533287696e-38
0.0,0.0,2.21725618257e-36
0.0,0.0,1.34650143918e-36
0.0,0.0,9.30289616055e-37
0.0,0.0,2.71730293141e-36
0.0,0.0,9.63400757069e-36
0.0,0.0,6.21037597443e-38
0.0,0.0,1.11993686195e-36
0.0,0.0,1.39028633379e-36
0.0,0.0,6.89275571319e-36
0.0,0.0,8.70388276172e-37
0.0,0.0,1.89968991478e-36
0.0,0.0,1.39761894739e-36
0.0,0.0,4.34322840079e-36
0.0,0.0,3.94735167505e-36
0.0,0.0,1.20581337898e-36
0.0,0.0,5.38055391706e-37
0.0,0.0,2.99754544876e-38
0.0,0.0,4.52750594322e-37
0.0,0.0,4.04702542448e-37
0.0,0.0,6.73060356083e-37
0.0,0.0,2.07352732279e-37
0.0,0.0,1.3005264645e-37
0.0,0.0,6.85916205886e-37
0.0,0.0,5.78260458952e-38
0.0,0.0,6.336025412e-37
0.0,0.0,1.43862149408e-36
0.0,0.0,1.90924800995e-37
0.0,0.0,5.49423860648e-37
0.0,0.0,1.55392629872e-36
0.0,0.0,2.08889357494e-36
0.0,0.0,3.70790672724e-37
0.0,0.0,5.62813547834e-37
0.0,0.0,9.47894232798e-37
0.0,0.0,1.75623376325e-36
0.0,0.0,1.04454300298e-36
0.0,0.0,1.85650786077e-38
0.0,0.0,2.53546993949e-38
0.0,0.0,4.15456643082e-37
0.0,0.0,9.44441462498e-37
0.0,0.0,6.18998394977e-37
0.0,0.0,3.81006123072e-37
0.0,0.0,4.54803460339e-37
0.0,0.0,1.9260752155e-37
0.0,0.0,3.67180260465e-37
0.0,0.0,9.70493077509e-37
0.0,0.0,1.19303117996e-36
0.0,0.0,7.55349037878e-37
0.0,0.0,2.17196691098e-36
0.0,0.0,8.44575897208e-37
0.0,0.0,8.049778412e-37
0.0,0.0,6.56263737075e-38
0.0,0.0,1.01300660461e-37
0.0,0.0,8.35547459519e-37
0.0,0.0,4.6902475114e-37
0.0,0.0,5.75739000551e-36
0.0,0.0,1.44478919031e-37
0.0,0.0,3.77737930481e-37
0.0,0.0,1.7260178887e-36
0.0,0.0,1.21758839625e-36
0.0,0.0,1.38303688055e-36
0.0,0.0,7.86886559453e-38
0.0,0.0,6.9233257094e-37
0.0,0.0,6.20162521893e-36
0.0,0.0,1.37924264652e-36
0.0,0.0,4.10250311794e-37
0.0,0.0,1.08637808383e-35
0.0,0.0,4.28864434007e-36
0.0,0.0,5.59556342556e-37
0.0,0.0,1.82197588641e-37
0.0,0.0,7.1126299978e-37
0.0,0.0,8.70848562038e-37
0.0,0.0,1.02691731054e-36
0.0,0.0,1.69544919432e-36
0.0,0.0,3.82988465685e-37
0.0,0.0,2.43853242764e-37
0.0,0.0,3.7486816801e-36
0.0,0.0,4.14034139144e-37
0.0,0.0,1.03975255221e-36
0.0,0.0,5.48163824192e-37
0.0,0.0,3.06517650794e-37
0.0,0.0,1.14148225773e-36
0.0,0.0,4.78256066765e-37
0.0,0.0,6.16132857719e-37
0.0,0.0,1.85788639796e-36
0.0,0.0,3.062131515e-37
0.0,0.0,1.92238236726e-36
0.0,0.0,4.43936206494e-37
0.0,0.0,3.1483552151e-37
0.0,0.0,2.26952473314e-37
0.0,0.0,3.46547236723e-37
0.0,0.0,1.93212466959e-37
0.0,0.0,1.81453754401e-38
0.0,0.0,1.00114913913e-37
0.0,0.0,2.51488059233e-37
0.0,0.0,2.18421166807e-37
0.0,0.0,2.38705238444e-37
0.0,0.0,4.06625299524e-37
0.0,0.0,1.40564682035e-36
0.0,0.0,4.73146518987e-37
0.0,0.0,2.31526480361e-37
0.0,0.0,8.25009506094e-37
0.0,0.0,1.31600415388e-36
0.0,0.0,2.41517349721e-37
0.0,0.0,2.10191111941e-37
0.0,0.0,6.29707244893e-37
0.0,0.0,1.88111161807e-35
0.0,0.0,2.77286208808e-38
0.0,0.0,1.25099077575e-36
0.0,0.0,3.92232752068e-36
0.0,0.0,2.00199986375e-36
0.0,0.0,2.48272422402e-36
0.0,0.0,1.72095976959e-37
0.0,0.0,2.49914509062e-37
0.0,0.0,1.00687333103e-36
0.0,0.0,1.44355321744e-36
0.0,0.0,4.80628097173e-36
0.0,0.0,2.38309643305e-37
0.0,0.0,6.67451342394e-37
0.0,0.0,7.23867551899e-37
0.0,0.0,3.2838176686e-36
0.0,0.0,1.50282505545e-36
0.0,0.0,3.84903187061e-37
0.0,0.0,3.92696848955e-37
0.0,0.0,2.1887951039e-36
0.0,0.0,1.47989595958e-36
0.0,0.0,1.58084188429e-37
0.0,0.0,5.69538387592e-37
0.0,0.0,1.22650550593e-37
0.0,0.0,1.0791082833e-36
0.0,0.0,9.49988467414e-37
0.0,0.0,1.4016289935e-37
0.0,0.0,2.91724254606e-37
0.0,0.0,5.83453669767e-37
0.0,0.0,2.4376757854e-37
0.0,0.0,2.07307145485e-37
0.0,0.0,8.58379664595e-38
0.0,0.0,4.43982674144e-37
