1.0,0.0,1.51599557976e-25
1.0,1.0,1.0
1.0,1.0,0.999999996625
1.0,1.0,0.999638092285
1.0,1.0,1.0
1.0,0.0,1.52054706522e-28
1.0,0.0,5.02074693872e-31
1.0,1.0,1.0
1.0,1.0,0.91520703794
1.0,0.0,3.17992294354e-12
1.0,1.0,1.0
1.0,0.0,1.6608114412e-20
1.0,0.0,9.40981277503e-30
1.0,1.0,1.0
1.0,1.0,1.0
1.0,1.0,0.999999999998
1.0,1.0,1.0
1.0,1.0,1.0
1.0,0.0,3.84624236364e-05
1.0,0.0,2.4831209026e-30
1.0,1.0,1.0
1.0,1.0,1.0
1.0,1.0,1.0
1.0,0.0,2.51088756563e-29
1.0,1.0,1.0
1.0,1.0,1.0
1.0,1.0,0.978357183393
1.0,0.0,1.59880574722e-05
1.0,1.0,1.0
1.0,1.0,1.0
1.0,1.0,1.0
1.0,1.0,1.0
1.0,1.0,1.0
1.0,0.0,6.48260752696e-08
1.0,1.0,1.0
1.0,0.0,6.78041046172e-23
1.0,0.0,3.83579540905e-28
1.0,0.0,8.87702705385e-16
1.0,1.0,1.0
1.0,1.0,1.0
1.0,1.0,1.0
1.0,0.0,3.18253366959e-14
1.0,0.0,2.18480597695e-26
1.0,1.0,1.0
1.0,1.0,1.0
1.0,1.0,1.0
1.0,1.0,0.999999999998
1.0,0.0,5.17111709367e-07
1.0,0.0,5.84140921608e-22
1.0,1.0,1.0
1.0,1.0,1.0
1.0,0.0,0.173084739783
1.0,1.0,0.99999930009
1.0,1.0,0.999999999991
1.0,1.0,1.0
1.0,1.0,1.0
1.0,1.0,1.0
1.0,1.0,1.0
1.0,1.0,1.0
1.0,1.0,1.0
1.0,1.0,1.0
1.0,1.0,1.0
1.0,1.0,1.0
1.0,0.0,0.000156794624815
1.0,0.0,1.95448558269e-28
1.0,1.0,1.0
1.0,1.0,0.999999999997
1.0,0.0,0.498460499599
1.0,1.0,1.0
1.0,0.0,2.13463730573e-30
1.0,1.0,1.0
1.0,0.0,1.02811827666e-22
1.0,0.0,1.04900601791e-18
1.0,1.0,1.0
1.0,0.0,8.47619298007e-19
1.0,0.0,5.82775102031e-25
1.0,1.0,1.0
1.0,1.0,1.0
1.0,1.0,1.0
1.0,0.0,3.45033465183e-11
1.0,1.0,1.0
1.0,1.0,1.0
1.0,1.0,1.0
1.0,0.0,0.00200024892842
1.0,1.0,1.0
1.0,1.0,1.0
1.0,1.0,1.0
1.0,1.0,1.0
1.0,1.0,1.0
1.0,1.0,1.0
1.0,1.0,1.0
1.0,0.0,1.58022855861e-18
1.0,1.0,1.0
1.0,1.0,1.0
1.0,1.0,0.999999771939
1.0,1.0,1.0
1.0,1.0,1.0
1.0,0.0,1.56487226273e-28
1.0,1.0,1.0
1.0,1.0,1.0
1.0,1.0,1.0
1.0,1.0,1.0
1.0,1.0,1.0
1.0,1.0,0.999998748341
1.0,1.0,1.0
1.0,1.0,1.0
1.0,0.0,2.82452693744e-30
1.0,1.0,1.0
1.0,1.0,1.0
1.0,1.0,1.0
1.0,1.0,1.0
1.0,1.0,1.0
1.0,0.0,4.44944067542e-25
1.0,1.0,0.999999722125
1.0,0.0,4.54027791731e-32
1.0,1.0,1.0
1.0,1.0,1.0
1.0,1.0,0.999999995475
1.0,1.0,0.999999999801
1.0,1.0,1.0
1.0,1.0,1.0
1.0,1.0,1.0
1.0,1.0,1.0
1.0,1.0,1.0
1.0,1.0,1.0
1.0,1.0,1.0
1.0,1.0,1.0
1.0,0.0,6.19697042849e-09
1.0,1.0,1.0
1.0,1.0,1.0
1.0,1.0,1.0
1.0,1.0,1.0
1.0,1.0,1.0
1.0,0.0,3.88599379349e-28
1.0,1.0,1.0
1.0,1.0,1.0
1.0,1.0,1.0
1.0,1.0,0.999999999742
1.0,1.0,1.0
1.0,1.0,1.0
1.0,1.0,1.0
1.0,1.0,1.0
1.0,1.0,1.0
1.0,1.0,1.0
1.0,1.0,0.999990076925
1.0,1.0,0.999999794033
1.0,1.0,1.0
1.0,1.0,1.0
1.0,0.0,1.63239647591e-19
1.0,1.0,1.0
1.0,0.0,2.23137016447e-19
1.0,0.0,5.68657193376e-26
1.0,0.0,2.85521756114e-20
1.0,1.0,1.0
1.0,1.0,1.0
1.0,1.0,1.0
1.0,1.0,1.0
1.0,0.0,6.83662828692e-30
1.0,1.0,0.9997271776
1.0,0.0,1.63540620075e-22
1.0,0.0,2.62022599326e-27
1.0,1.0,1.0
1.0,1.0,1.0
1.0,1.0,1.0
1.0,1.0,0.999999999989
1.0,1.0,1.0
1.0,0.0,3.0700483866e-29
1.0,1.0,1.0
1.0,1.0,1.0
1.0,1.0,1.0
1.0,1.0,1.0
1.0,1.0,1.0
1.0,1.0,1.0
1.0,0.0,6.41253187102e-31
1.0,1.0,1.0
1.0,0.0,1.37609066315e-19
1.0,1.0,1.0
1.0,0.0,1.82852829101e-09
1.0,1.0,1.0
1.0,0.0,2.98809930649e-31
1.0,0.0,4.81653822896e-30
1.0,0.0,1.53316282882e-08
1.0,1.0,1.0
1.0,0.0,3.5161838231e-28
1.0,1.0,1.0
1.0,0.0,5.15475560101e-28
1.0,1.0,1.0
1.0,0.0,8.16256891858e-31
1.0,0.0,6.13291342142e-27
1.0,1.0,1.0
1.0,1.0,1.0
1.0,1.0,1.0
1.0,1.0,1.0
1.0,1.0,1.0
1.0,0.0,0.234572136154
1.0,1.0,1.0
1.0,0.0,1.17905063619e-18
1.0,0.0,1.10449564428e-28
1.0,0.0,1.72836030817e-31
1.0,1.0,1.0
1.0,1.0,1.0
1.0,1.0,1.0
1.0,1.0,1.0
1.0,1.0,1.0
1.0,1.0,1.0
1.0,0.0,1.5289319437e-28
1.0,1.0,1.0
1.0,1.0,1.0
1.0,1.0,1.0
1.0,1.0,1.0
1.0,1.0,1.0
1.0,0.0,2.68388797126e-27
1.0,1.0,1.0
1.0,0.0,0.000164058002633
1.0,1.0,1.0
1.0,1.0,1.0
1.0,1.0,1.0
1.0,1.0,1.0
1.0,1.0,1.0
1.0,0.0,1.48971903465e-27
1.0,0.0,2.58691874532e-26
1.0,1.0,1.0
1.0,0.0,4.11121254432e-24
1.0,0.0,1.42850050404e-31
1.0,1.0,1.0
1.0,0.0,8.05259658767e-32
1.0,1.0,1.0
1.0,1.0,1.0
1.0,0.0,1.60695884482e-21
1.0,1.0,1.0
1.0,0.0,1.51455302865e-23
1.0,0.0,1.41067325893e-30
1.0,1.0,1.0
1.0,1.0,1.0
1.0,1.0,1.0
1.0,0.0,2.15798774923e-09
1.0,0.0,0.282599044111
1.0,1.0,1.0
1.0,1.0,1.0
1.0,1.0,1.0
1.0,1.0,1.0
1.0,1.0,1.0
1.0,1.0,0.99979090337
1.0,1.0,1.0
1.0,0.0,4.40353980666e-13
1.0,1.0,1.0
1.0,1.0,1.0
1.0,1.0,1.0
1.0,1.0,0.996395447223
1.0,1.0,1.0
1.0,1.0,0.99992136669
1.0,1.0,1.0
1.0,1.0,0.999998514078
1.0,1.0,1.0
1.0,0.0,2.34379535434e-30
1.0,1.0,1.0
1.0,1.0,1.0
1.0,0.0,2.47273207708e-22
1.0,0.0,3.9568843118e-12
1.0,1.0,1.0
1.0,1.0,1.0
1.0,1.0,1.0
1.0,1.0,1.0
1.0,1.0,1.0
1.0,0.0,1.5533306177e-29
1.0,1.0,1.0
1.0,1.0,1.0
1.0,1.0,1.0
1.0,1.0,1.0
1.0,1.0,1.0
1.0,1.0,1.0
1.0,0.0,1.19420728512e-15
1.0,0.0,0.0677834171648
1.0,1.0,1.0
1.0,1.0,1.0
1.0,1.0,1.0
1.0,1.0,1.0
1.0,1.0,1.0
1.0,1.0,1.0
1.0,0.0,1.82627309035e-27
1.0,1.0,1.0
1.0,1.0,1.0
1.0,1.0,1.0
1.0,1.0,1.0
1.0,1.0,0.99999999977
1.0,0.0,0.117261547769
1.0,1.0,1.0
1.0,1.0,1.0
1.0,0.0,3.426329871e-30
1.0,1.0,1.0
1.0,1.0,1.0
1.0,1.0,1.0
1.0,1.0,1.0
1.0,1.0,1.0
1.0,0.0,7.62038608745e-18
1.0,0.0,0.00228073620591
1.0,1.0,1.0
1.0,0.0,0.000723462256244
1.0,1.0,1.0
1.0,1.0,1.0
1.0,1.0,1.0
1.0,1.0,1.0
1.0,0.0,5.62723628599e-15
1.0,0.0,4.51578277092e-24
1.0,1.0,1.0
1.0,1.0,1.0
1.0,0.0,2.37434035416e-06
1.0,0.0,9.03981561216e-27
1.0,1.0,1.0
1.0,1.0,1.0
1.0,1.0,1.0
1.0,1.0,1.0
1.0,0.0,1.0043796751e-30
1.0,1.0,1.0
1.0,0.0,4.25916218737e-26
1.0,1.0,1.0
1.0,1.0,1.0
1.0,1.0,1.0
1.0,1.0,1.0
1.0,1.0,1.0
1.0,1.0,1.0
1.0,0.0,2.41447798084e-31
1.0,1.0,1.0
1.0,0.0,1.94744689224e-13
1.0,1.0,1.0
1.0,1.0,1.0
1.0,1.0,1.0
1.0,1.0,1.0
1.0,1.0,1.0
1.0,1.0,1.0
1.0,0.0,3.04965040372e-27
1.0,1.0,1.0
1.0,1.0,1.0
1.0,1.0,1.0
1.0,1.0,1.0
1.0,0.0,1.49044126882e-22
1.0,0.0,1.17277276239e-26
1.0,1.0,0.99999999958
1.0,1.0,1.0
1.0,0.0,1.2658460425e-26
1.0,0.0,2.22349204767e-29
1.0,0.0,2.49336228235e-30
1.0,1.0,1.0
1.0,1.0,1.0
1.0,1.0,0.999999999764
1.0,0.0,1.98689018678e-13
1.0,1.0,1.0
1.0,1.0,1.0
1.0,1.0,1.0
1.0,1.0,1.0
1.0,0.0,1.69333714406e-23
1.0,1.0,1.0
1.0,0.0,9.68317218424e-12
1.0,0.0,1.74292299877e-06
1.0,0.0,4.01577856541e-27
1.0,1.0,1.0
1.0,1.0,1.0
1.0,1.0,1.0
1.0,1.0,1.0
1.0,1.0,1.0
1.0,1.0,1.0
1.0,1.0,1.0
1.0,0.0,3.83742146099e-16
1.0,1.0,1.0
1.0,1.0,1.0
1.0,1.0,1.0
1.0,0.0,4.49898397944e-09
1.0,1.0,1.0
1.0,1.0,1.0
1.0,1.0,1.0
1.0,1.0,1.0
1.0,1.0,1.0
1.0,0.0,3.16522040686e-13
1.0,0.0,1.03573986499e-22
1.0,1.0,1.0
1.0,1.0,1.0
1.0,1.0,0.999884367744
1.0,1.0,1.0
1.0,1.0,0.928241659276
1.0,1.0,1.0
1.0,1.0,1.0
1.0,0.0,2.08349857342e-12
1.0,0.0,8.99351842362e-11
1.0,0.0,8.82527700212e-17
1.0,1.0,1.0
1.0,1.0,1.0
1.0,0.0,2.8125107754e-26
1.0,0.0,0.263311289523
1.0,1.0,1.0
1.0,0.0,5.80533177883e-28
1.0,1.0,1.0
1.0,1.0,1.0
1.0,0.0,1.1858039289e-27
1.0,1.0,1.0
1.0,0.0,1.38517275626e-31
1.0,0.0,1.05566607456e-08
1.0,1.0,1.0
1.0,1.0,1.0
1.0,1.0,1.0
1.0,1.0,1.0
1.0,1.0,1.0
1.0,1.0,1.0
1.0,1.0,1.0
1.0,1.0,1.0
1.0,1.0,1.0
1.0,1.0,1.0
1.0,1.0,1.0
1.0,0.0,1.97663976011e-22
1.0,0.0,1.08969476527e-07
1.0,1.0,1.0
1.0,0.0,2.05921501418e-13
1.0,0.0,1.72415795022e-16
1.0,1.0,1.0
1.0,0.0,9.73994882531e-26
1.0,0.0,1.08545024544e-15
1.0,0.0,1.19405390305e-30
1.0,1.0,1.0
1.0,1.0,1.0
1.0,1.0,1.0
1.0,1.0,1.0
1.0,1.0,1.0
1.0,1.0,1.0
1.0,1.0,1.0
1.0,1.0,0.999998407598
1.0,1.0,1.0
1.0,1.0,1.0
1.0,0.0,5.54606201962e-12
1.0,1.0,1.0
1.0,0.0,1.3737169427e-17
1.0,0.0,3.00353450236e-29
1.0,0.0,6.3336256648e-14
1.0,1.0,1.0
1.0,1.0,1.0
1.0,0.0,3.99878063451e-13
1.0,1.0,1.0
1.0,0.0,2.52605848845e-09
1.0,1.0,1.0
1.0,1.0,1.0
1.0,1.0,0.999999960335
1.0,1.0,0.999999942252
1.0,1.0,1.0
1.0,1.0,1.0
1.0,0.0,1.69385358136e-31
1.0,1.0,1.0
1.0,1.0,1.0
1.0,1.0,1.0
1.0,1.0,1.0
1.0,1.0,1.0
1.0,1.0,1.0
1.0,1.0,1.0
1.0,0.0,1.07136466689e-28
1.0,1.0,1.0
1.0,1.0,1.0
1.0,1.0,1.0
1.0,1.0,1.0
1.0,1.0,1.0
1.0,1.0,1.0
1.0,1.0,1.0
1.0,0.0,1.39894014468e-06
1.0,1.0,1.0
1.0,1.0,1.0
1.0,0.0,1.09551739069e-29
1.0,1.0,1.0
1.0,1.0,1.0
1.0,1.0,1.0
1.0,1.0,1.0
1.0,1.0,0.999999999999
1.0,1.0,0.999998881251
1.0,0.0,2.5537890595e-07
1.0,1.0,1.0
1.0,0.0,0.117165518169
1.0,0.0,3.58279130103e-13
1.0,0.0,8.67763987825e-30
1.0,0.0,7.18852147961e-25
1.0,1.0,1.0
1.0,1.0,1.0
1.0,1.0,1.0
1.0,1.0,1.0
1.0,1.0,1.0
1.0,0.0,1.47949654236e-14
1.0,1.0,1.0
1.0,1.0,1.0
1.0,0.0,1.22889158143e-08
1.0,0.0,3.33318217713e-28
1.0,1.0,1.0
1.0,1.0,0.812024035205
1.0,1.0,1.0
1.0,1.0,1.0
1.0,0.0,1.66925998011e-08
1.0,1.0,1.0
1.0,0.0,0.00302388664228
1.0,0.0,5.74603810521e-28
1.0,1.0,1.0
1.0,0.0,3.08703566496e-23
1.0,0.0,1.09352517898e-09
1.0,1.0,1.0
1.0,1.0,0.999999999609
1.0,0.0,0.0142731464896
1.0,0.0,2.10555437631e-24
1.0,0.0,4.51953403961e-17
1.0,1.0,1.0
1.0,1.0,0.999999999999
1.0,0.0,9.00792062457e-07
1.0,1.0,1.0
1.0,1.0,1.0
1.0,0.0,0.259886549523
1.0,0.0,4.93417945499e-27
1.0,1.0,1.0
1.0,0.0,4.21513662345e-08
1.0,1.0,1.0
1.0,1.0,0.998599468541
1.0,1.0,1.0
1.0,1.0,1.0
1.0,1.0,1.0
1.0,1.0,1.0
1.0,1.0,1.0
1.0,0.0,9.14560436882e-24
1.0,1.0,1.0
1.0,1.0,1.0
1.0,1.0,1.0
1.0,1.0,1.0
1.0,1.0,1.0
1.0,1.0,1.0
1.0,1.0,1.0
1.0,1.0,1.0
1.0,0.0,1.2026714027e-06
1.0,1.0,1.0
1.0,1.0,0.99999999844
1.0,0.0,4.99729412888e-08
1.0,1.0,1.0
1.0,1.0,1.0
1.0,1.0,1.0
1.0,0.0,1.13565008458e-24
1.0,1.0,1.0
1.0,1.0,1.0
1.0,0.0,0.00805486882905
1.0,1.0,1.0
1.0,0.0,3.1355654273e-20
1.0,1.0,1.0
1.0,1.0,1.0
1.0,1.0,1.0
1.0,0.0,1.11924552185e-21
1.0,1.0,1.0
1.0,1.0,1.0
1.0,1.0,1.0
1.0,1.0,1.0
1.0,0.0,3.20840907914e-22
1.0,1.0,1.0
1.0,1.0,1.0
1.0,1.0,1.0
1.0,1.0,1.0
1.0,0.0,3.60069218699e-17
1.0,1.0,1.0
1.0,1.0,1.0
1.0,1.0,1.0
1.0,1.0,1.0
1.0,1.0,1.0
1.0,1.0,1.0
1.0,1.0,1.0
1.0,1.0,1.0
1.0,1.0,1.0
1.0,1.0,1.0
1.0,1.0,0.787189788916
1.0,0.0,5.21284158645e-21
1.0,1.0,1.0
1.0,0.0,2.63253806539e-28
1.0,1.0,0.999999999916
1.0,0.0,1.72445689481e-24
1.0,1.0,1.0
1.0,1.0,1.0
1.0,1.0,1.0
1.0,0.0,5.83924087493e-20
1.0,1.0,1.0
1.0,1.0,1.0
1.0,1.0,1.0
1.0,1.0,1.0
1.0,1.0,1.0
1.0,0.0,8.95396661477e-21
1.0,1.0,1.0
1.0,1.0,1.0
1.0,0.0,0.00136433469937
1.0,1.0,1.0
1.0,1.0,1.0
1.0,0.0,1.71159152161e-21
1.0,0.0,1.3581775033e-15
1.0,1.0,0.990817571216
1.0,1.0,1.0
1.0,0.0,3.8582704393e-07
1.0,1.0,1.0
1.0,1.0,0.999999999853
1.0,1.0,1.0
1.0,0.0,3.22119191883e-23
1.0,1.0,1.0
1.0,1.0,0.999999999999
1.0,1.0,1.0
1.0,0.0,5.96449336482e-30
1.0,0.0,1.28479179208e-27
1.0,1.0,1.0
1.0,1.0,1.0
1.0,1.0,1.0
1.0,1.0,1.0
1.0,1.0,1.0
1.0,0.0,7.51335640794e-06
1.0,1.0,1.0
1.0,0.0,6.2707515957e-24
1.0,0.0,2.7684980819e-25
1.0,1.0,1.0
1.0,0.0,6.28843679207e-25
1.0,1.0,1.0
1.0,1.0,1.0
1.0,0.0,0.000223830991356
1.0,1.0,1.0
1.0,1.0,0.994213940884
1.0,1.0,1.0
1.0,1.0,0.999999417761
1.0,1.0,1.0
1.0,1.0,1.0
1.0,1.0,1.0
1.0,0.0,7.06136409847e-21
1.0,1.0,1.0
1.0,1.0,1.0
1.0,1.0,1.0
1.0,1.0,1.0
1.0,1.0,1.0
1.0,1.0,1.0
1.0,1.0,1.0
1.0,1.0,1.0
1.0,1.0,1.0
1.0,1.0,1.0
1.0,1.0,1.0
1.0,1.0,1.0
1.0,0.0,0.0987616991229
1.0,0.0,3.06170468662e-07
1.0,1.0,1.0
1.0,1.0,1.0
1.0,1.0,1.0
1.0,1.0,1.0
1.0,1.0,0.872086602963
1.0,0.0,6.94590038745e-09
1.0,1.0,1.0
1.0,0.0,9.32224742459e-20
1.0,1.0,1.0
1.0,1.0,1.0
1.0,1.0,1.0
1.0,0.0,3.61331402032e-28
1.0,1.0,1.0
1.0,1.0,1.0
1.0,0.0,1.49216637922e-07
1.0,0.0,3.91621565328e-26
1.0,1.0,1.0
1.0,1.0,1.0
1.0,0.0,3.46747677332e-11
1.0,1.0,1.0
1.0,1.0,1.0
1.0,1.0,1.0
1.0,1.0,1.0
1.0,1.0,1.0
1.0,0.0,3.55049751356e-21
1.0,1.0,1.0
1.0,1.0,1.0
1.0,1.0,1.0
1.0,1.0,1.0
1.0,1.0,1.0
1.0,1.0,1.0
1.0,0.0,5.73841208033e-20
1.0,1.0,1.0
1.0,1.0,1.0
1.0,0.0,1.74745348561e-29
1.0,1.0,1.0
1.0,1.0,1.0
1.0,1.0,1.0
1.0,1.0,1.0
1.0,1.0,1.0
1.0,1.0,1.0
1.0,1.0,1.0
1.0,1.0,1.0
1.0,1.0,1.0
1.0,1.0,1.0
1.0,0.0,5.24346549071e-31
1.0,0.0,1.05470233068e-25
1.0,0.0,9.79915515861e-21
1.0,1.0,0.99999967399
1.0,0.0,2.36251384427e-22
1.0,1.0,1.0
1.0,1.0,1.0
1.0,1.0,0.510618727656
1.0,0.0,8.85264304002e-24
1.0,1.0,1.0
1.0,0.0,9.41568827502e-24
1.0,1.0,1.0
1.0,0.0,0.00614462734495
1.0,1.0,1.0
1.0,1.0,1.0
1.0,1.0,1.0
1.0,1.0,1.0
1.0,1.0,0.999999999078
1.0,1.0,0.999999215603
1.0,1.0,1.0
1.0,1.0,1.0
1.0,1.0,1.0
1.0,0.0,1.8730667983e-26
1.0,1.0,1.0
1.0,1.0,1.0
1.0,1.0,1.0
1.0,1.0,1.0
1.0,1.0,1.0
1.0,0.0,9.186004786e-31
1.0,0.0,1.18375561239e-30
1.0,1.0,1.0
1.0,1.0,1.0
1.0,1.0,1.0
1.0,1.0,1.0
1.0,0.0,1.76298248524e-28
1.0,0.0,1.72673076302e-24
1.0,1.0,1.0
1.0,1.0,1.0
1.0,1.0,1.0
1.0,1.0,1.0
1.0,1.0,1.0
1.0,1.0,1.0
1.0,0.0,8.19724251286e-12
1.0,1.0,1.0
1.0,0.0,3.91420060969e-18
1.0,1.0,1.0
1.0,1.0,1.0
1.0,0.0,1.39590725469e-06
1.0,1.0,1.0
1.0,1.0,1.0
1.0,1.0,1.0
1.0,0.0,5.70312763446e-05
1.0,1.0,1.0
1.0,1.0,1.0
1.0,0.0,7.98299752683e-29
1.0,1.0,1.0
1.0,1.0,1.0
1.0,1.0,1.0
1.0,1.0,0.999983348373
1.0,0.0,2.1561146362e-18
1.0,1.0,1.0
1.0,1.0,1.0
1.0,1.0,1.0
1.0,1.0,1.0
1.0,1.0,1.0
1.0,1.0,1.0
1.0,0.0,6.33303652372e-24
1.0,1.0,0.99999999983
1.0,0.0,1.99244947229e-16
1.0,1.0,1.0
1.0,1.0,1.0
1.0,0.0,1.64684392501e-13
1.0,1.0,1.0
1.0,1.0,1.0
1.0,1.0,0.920683491665
1.0,1.0,1.0
1.0,1.0,0.99999993917
1.0,1.0,1.0
1.0,1.0,1.0
1.0,0.0,1.06598554634e-09
1.0,1.0,1.0
1.0,1.0,1.0
1.0,1.0,1.0
1.0,0.0,5.11390757477e-31
1.0,0.0,0.000232061457071
1.0,1.0,1.0
1.0,1.0,1.0
1.0,1.0,0.999999751592
1.0,1.0,1.0
1.0,1.0,1.0
1.0,1.0,1.0
1.0,1.0,1.0
1.0,1.0,1.0
1.0,0.0,2.38223673919e-28
1.0,1.0,1.0
1.0,1.0,1.0
1.0,1.0,1.0
1.0,1.0,1.0
1.0,0.0,1.63129542076e-07
1.0,0.0,4.56256869596e-29
1.0,1.0,1.0
1.0,1.0,1.0
1.0,0.0,1.50438568929e-30
1.0,1.0,1.0
1.0,1.0,1.0
1.0,1.0,1.0
1.0,1.0,1.0
1.0,1.0,1.0
1.0,1.0,1.0
1.0,1.0,1.0
1.0,0.0,1.00459084378e-19
1.0,1.0,1.0
1.0,1.0,1.0
1.0,0.0,5.05949645519e-31
1.0,1.0,0.733399426453
1.0,1.0,1.0
1.0,0.0,2.02063572085e-31
1.0,1.0,1.0
1.0,1.0,1.0
1.0,0.0,9.1623082105e-17
1.0,1.0,1.0
1.0,1.0,1.0
1.0,0.0,4.57053562179e-28
1.0,0.0,3.354541374e-14
1.0,1.0,1.0
1.0,1.0,0.999753916733
1.0,0.0,1.285449259e-17
1.0,1.0,1.0
1.0,1.0,1.0
1.0,1.0,1.0
1.0,1.0,1.0
1.0,0.0,0.451982374412
1.0,1.0,1.0
1.0,1.0,1.0
1.0,1.0,1.0
1.0,0.0,2.77796364968e-31
1.0,1.0,1.0
1.0,1.0,0.99999983457
1.0,1.0,1.0
1.0,1.0,1.0
1.0,0.0,1.50598875533e-27
1.0,1.0,1.0
1.0,1.0,1.0
1.0,1.0,1.0
1.0,1.0,1.0
1.0,1.0,1.0
1.0,1.0,1.0
1.0,1.0,1.0
1.0,1.0,1.0
1.0,1.0,1.0
1.0,1.0,1.0
1.0,1.0,1.0
1.0,1.0,1.0
1.0,0.0,2.65342078186e-13
1.0,0.0,4.67814383942e-24
1.0,1.0,1.0
1.0,1.0,1.0
1.0,1.0,1.0
1.0,1.0,1.0
1.0,1.0,1.0
1.0,1.0,1.0
1.0,1.0,1.0
1.0,0.0,3.96716390715e-18
1.0,1.0,1.0
1.0,1.0,1.0
1.0,1.0,1.0
1.0,0.0,1.44266686243e-06
1.0,1.0,1.0
1.0,1.0,1.0
1.0,1.0,1.0
1.0,0.0,3.25795443985e-07
1.0,0.0,1.08701027321e-24
1.0,1.0,1.0
1.0,1.0,1.0
1.0,1.0,1.0
1.0,1.0,1.0
1.0,1.0,1.0
1.0,1.0,1.0
1.0,0.0,9.97853002597e-29
1.0,1.0,1.0
1.0,1.0,1.0
1.0,0.0,1.68164378494e-27
1.0,1.0,0.999999999999
1.0,1.0,1.0
1.0,1.0,1.0
1.0,0.0,9.4297002494e-26
1.0,1.0,1.0
1.0,1.0,1.0
1.0,1.0,1.0
1.0,0.0,1.78451903199e-06
1.0,0.0,3.18508050438e-23
1.0,1.0,1.0
1.0,1.0,1.0
1.0,1.0,1.0
1.0,1.0,1.0
1.0,1.0,1.0
1.0,1.0,1.0
1.0,1.0,1.0
1.0,1.0,1.0
1.0,1.0,1.0
1.0,1.0,1.0
1.0,1.0,1.0
1.0,0.0,4.29545315686e-22
1.0,0.0,1.41311683031e-27
1.0,1.0,1.0
1.0,1.0,1.0
1.0,1.0,1.0
1.0,0.0,4.6636688614e-10
1.0,1.0,1.0
1.0,1.0,1.0
1.0,1.0,1.0
1.0,0.0,0.0008349870921
1.0,1.0,1.0
1.0,1.0,1.0
1.0,1.0,1.0
1.0,1.0,1.0
1.0,1.0,1.0
1.0,1.0,1.0
1.0,1.0,1.0
1.0,1.0,1.0
1.0,0.0,8.60623409113e-21
1.0,1.0,1.0
1.0,1.0,1.0
1.0,1.0,1.0
1.0,1.0,1.0
1.0,1.0,0.844778255993
1.0,1.0,1.0
1.0,0.0,1.2848821531e-27
1.0,0.0,0.187977398826
1.0,0.0,2.51452986677e-16
1.0,1.0,1.0
1.0,1.0,0.999999999989
1.0,1.0,1.0
1.0,0.0,0.421077351916
1.0,1.0,1.0
1.0,1.0,1.0
1.0,1.0,1.0
1.0,1.0,1.0
1.0,0.0,5.50292200461e-26
1.0,1.0,1.0
1.0,1.0,1.0
1.0,1.0,1.0
1.0,0.0,1.97416664934e-22
1.0,1.0,1.0
1.0,1.0,1.0
1.0,1.0,0.948757705612
1.0,0.0,3.76505413683e-27
1.0,1.0,1.0
1.0,1.0,1.0
1.0,1.0,0.999778382192
1.0,1.0,1.0
1.0,1.0,1.0
1.0,0.0,5.11088795106e-24
1.0,1.0,1.0
1.0,1.0,1.0
1.0,1.0,1.0
1.0,1.0,1.0
1.0,0.0,8.34770385308e-19
1.0,1.0,1.0
1.0,1.0,1.0
1.0,1.0,1.0
1.0,0.0,4.39377680224e-24
1.0,1.0,1.0
1.0,1.0,1.0
1.0,1.0,1.0
1.0,1.0,0.999856503342
1.0,0.0,3.98065115132e-28
1.0,1.0,0.962309433305
1.0,1.0,1.0
1.0,1.0,1.0
1.0,1.0,1.0
1.0,1.0,1.0
1.0,1.0,1.0
1.0,0.0,1.95576805646e-14
1.0,1.0,1.0
1.0,1.0,1.0
1.0,1.0,1.0
1.0,1.0,1.0
1.0,1.0,1.0
1.0,0.0,3.07554428316e-27
1.0,1.0,0.920184654475
1.0,1.0,1.0
1.0,1.0,1.0
1.0,1.0,1.0
1.0,1.0,1.0
1.0,1.0,1.0
1.0,0.0,1.45472894924e-23
1.0,1.0,1.0
1.0,0.0,0.000760621943934
1.0,1.0,1.0
1.0,1.0,1.0
1.0,1.0,1.0
1.0,1.0,0.999983878557
1.0,1.0,1.0
1.0,0.0,7.4046755019e-15
1.0,1.0,1.0
1.0,1.0,1.0
1.0,1.0,1.0
1.0,0.0,1.32482546797e-15
1.0,0.0,3.09700043754e-30
1.0,1.0,1.0
1.0,0.0,1.4244549543e-19
1.0,1.0,1.0
1.0,1.0,1.0
1.0,1.0,1.0
1.0,0.0,4.22084808001e-18
1.0,1.0,1.0
1.0,1.0,1.0
1.0,0.0,2.02820508505e-25
1.0,1.0,1.0
1.0,1.0,1.0
1.0,1.0,1.0
1.0,0.0,1.59752793602e-25
1.0,0.0,3.21031761149e-08
1.0,1.0,1.0
1.0,1.0,1.0
1.0,1.0,1.0
1.0,1.0,1.0
1.0,1.0,1.0
1.0,0.0,0.000182119182269
1.0,1.0,1.0
1.0,1.0,1.0
1.0,0.0,2.94586851093e-18
1.0,1.0,1.0
1.0,1.0,1.0
1.0,0.0,1.53503081584e-26
1.0,0.0,3.5260339674e-21
1.0,1.0,1.0
1.0,1.0,1.0
1.0,1.0,0.999769068421
1.0,1.0,1.0
1.0,1.0,1.0
1.0,1.0,1.0
1.0,1.0,1.0
1.0,1.0,1.0
1.0,1.0,1.0
1.0,1.0,1.0
1.0,1.0,1.0
1.0,1.0,1.0
1.0,1.0,1.0
1.0,0.0,1.59314459598e-29
1.0,1.0,0.99996897724
1.0,0.0,6.289487088e-10
1.0,1.0,1.0
1.0,1.0,1.0
1.0,1.0,1.0
1.0,1.0,1.0
1.0,1.0,1.0
1.0,1.0,1.0
1.0,1.0,1.0
1.0,1.0,1.0
1.0,1.0,1.0
1.0,1.0,1.0
1.0,0.0,5.02979478716e-12
1.0,0.0,4.42791586357e-08
1.0,1.0,1.0
1.0,1.0,1.0
1.0,1.0,1.0
1.0,1.0,1.0
1.0,0.0,1.58021568315e-21
1.0,0.0,2.13624593598e-20
1.0,1.0,0.999999935465
1.0,1.0,1.0
1.0,1.0,1.0
1.0,1.0,1.0
1.0,1.0,0.9999999714
1.0,1.0,1.0
1.0,1.0,1.0
1.0,0.0,4.19950519739e-24
1.0,1.0,1.0
1.0,1.0,1.0
1.0,1.0,1.0
1.0,1.0,1.0
1.0,1.0,1.0
1.0,1.0,1.0
1.0,1.0,1.0
1.0,0.0,2.53512894203e-18
1.0,1.0,1.0
1.0,1.0,1.0
1.0,1.0,1.0
1.0,1.0,1.0
1.0,0.0,6.58259927681e-09
1.0,0.0,0.00425987041824
1.0,1.0,1.0
1.0,1.0,1.0
1.0,0.0,2.87243083932e-05
1.0,0.0,4.48097793288e-27
1.0,1.0,1.0
1.0,1.0,1.0
1.0,1.0,1.0
1.0,1.0,1.0
1.0,1.0,1.0
1.0,1.0,1.0
1.0,1.0,1.0
1.0,0.0,2.53237791174e-22
1.0,1.0,1.0
1.0,1.0,1.0
1.0,1.0,1.0
1.0,1.0,1.0
1.0,0.0,9.41574608934e-22
1.0,0.0,1.37844296723e-28
1.0,1.0,1.0
1.0,1.0,1.0
1.0,1.0,1.0
1.0,0.0,4.36460241736e-28
1.0,1.0,1.0
1.0,1.0,1.0
1.0,0.0,7.78654353787e-08
1.0,1.0,1.0
1.0,1.0,1.0
1.0,1.0,1.0
1.0,1.0,1.0
1.0,1.0,0.999998063543
1.0,1.0,1.0
1.0,1.0,1.0
1.0,1.0,1.0
1.0,1.0,1.0
1.0,1.0,1.0
1.0,1.0,1.0
1.0,1.0,1.0
1.0,0.0,7.94662171872e-18
1.0,1.0,1.0
1.0,1.0,1.0
1.0,0.0,5.56792282776e-11
1.0,1.0,1.0
1.0,1.0,1.0
1.0,1.0,1.0
1.0,0.0,1.22961380143e-13
1.0,1.0,1.0
1.0,1.0,1.0
1.0,1.0,1.0
1.0,1.0,1.0
1.0,1.0,1.0
1.0,0.0,1.34112318562e-12
1.0,1.0,1.0
1.0,1.0,1.0
1.0,1.0,0.999998662429
1.0,1.0,1.0
1.0,1.0,1.0
1.0,1.0,1.0
1.0,1.0,1.0
1.0,1.0,1.0
1.0,1.0,1.0
1.0,0.0,5.8008714502e-08
1.0,1.0,1.0
1.0,1.0,1.0
1.0,1.0,1.0
1.0,0.0,3.96307893916e-27
1.0,1.0,1.0
1.0,1.0,0.998446534608
1.0,1.0,1.0
1.0,1.0,1.0
0.0,1.0,1.0
0.0,0.0,1.87646767724e-27
0.0,0.0,1.9928260167e-23
0.0,0.0,8.18357287355e-32
0.0,0.0,4.16353546613e-30
0.0,0.0,3.48208320265e-28
0.0,0.0,2.17287590354e-25
0.0,0.0,2.99768083725e-25
0.0,0.0,2.91335895331e-31
0.0,0.0,1.24450884751e-27
0.0,0.0,3.01322544675e-28
0.0,0.0,8.48531923402e-32
0.0,0.0,3.59738389093e-31
0.0,0.0,1.12030818779e-28
0.0,0.0,2.37817587115e-30
0.0,0.0,4.73429316767e-28
0.0,0.0,9.4113937299e-17
0.0,0.0,9.72215435752e-22
0.0,0.0,5.74771402043e-15
0.0,0.0,1.95072450787e-22
0.0,0.0,1.95587905232e-30
0.0,0.0,2.35140175571e-29
0.0,0.0,1.16260041587e-24
0.0,1.0,0.999999687242
0.0,0.0,1.4422065171e-22
0.0,0.0,8.02968369758e-27
0.0,0.0,2.07366450371e-11
0.0,0.0,1.18337395444e-30
0.0,0.0,4.94082875703e-20
0.0,0.0,3.17681506766e-07
0.0,0.0,4.06351896202e-22
0.0,1.0,0.999999938195
0.0,0.0,4.03912588158e-29
0.0,0.0,1.02849941719e-19
0.0,0.0,5.44057812285e-27
0.0,0.0,9.78174371348e-16
0.0,0.0,6.36759121782e-26
0.0,0.0,3.68605738916e-15
0.0,0.0,1.25289110263e-23
0.0,0.0,1.52977557148e-08
0.0,0.0,1.99366766367e-12
0.0,0.0,1.57974751132e-21
0.0,0.0,2.99638611017e-21
0.0,0.0,9.18521925143e-27
0.0,0.0,9.98526831215e-25
0.0,0.0,5.41207423019e-31
0.0,0.0,1.35613347096e-10
0.0,1.0,1.0
0.0,0.0,1.78435851853e-16
0.0,0.0,0.232482988051
0.0,0.0,9.07214054627e-30
0.0,0.0,6.60183081045e-28
0.0,0.0,4.35390004531e-28
0.0,0.0,9.89146490656e-28
0.0,0.0,2.64813554216e-28
0.0,1.0,1.0
0.0,0.0,3.09712524648e-28
0.0,0.0,2.24784952557e-29
0.0,0.0,2.7451422267e-31
0.0,0.0,0.120264929016
0.0,0.0,1.06173197305e-22
0.0,0.0,1.08140534115e-25
0.0,0.0,2.45281061603e-20
0.0,0.0,3.96897004486e-30
0.0,0.0,1.74487437354e-30
0.0,0.0,2.03994721105e-30
0.0,0.0,1.38028587286e-30
0.0,0.0,6.80218545505e-27
0.0,0.0,4.89775635765e-24
0.0,0.0,0.0525264852319
0.0,0.0,8.79220562027e-17
0.0,0.0,2.60150363278e-25
0.0,0.0,8.68943286499e-27
0.0,0.0,6.24731593919e-27
0.0,0.0,6.37363209444e-17
0.0,0.0,1.50332972424e-27
0.0,0.0,1.7904660134e-07
0.0,0.0,1.25376750756e-25
0.0,0.0,8.90739407982e-32
0.0,0.0,5.17424044809e-13
0.0,1.0,0.997032948334
0.0,0.0,1.06044843055e-09
0.0,0.0,3.31457985554e-29
0.0,0.0,4.77446280412e-24
0.0,0.0,4.28079477864e-31
0.0,0.0,1.15796195547e-14
0.0,0.0,2.37229460894e-25
0.0,0.0,9.39233470397e-12
0.0,0.0,3.19781128281e-17
0.0,0.0,3.00278093855e-24
0.0,0.0,1.61925320252e-30
0.0,0.0,1.44984487179e-19
0.0,0.0,1.49559365186e-13
0.0,0.0,2.0168075621e-22
0.0,0.0,8.78242299074e-32
0.0,0.0,3.7818571157e-16
0.0,0.0,3.43034791895e-31
0.0,0.0,9.47663783831e-32
0.0,0.0,5.76583026334e-23
0.0,0.0,1.73945507803e-27
0.0,0.0,2.21002202505e-22
0.0,0.0,1.43845983114e-16
0.0,0.0,7.44562150928e-30
0.0,0.0,2.39081363405e-28
0.0,0.0,7.96953360836e-31
0.0,0.0,1.01912036077e-29
0.0,0.0,1.33317124839e-08
0.0,0.0,6.1712646145e-30
0.0,0.0,1.3792861389e-07
0.0,0.0,5.45767677012e-30
0.0,0.0,1.37296943282e-20
0.0,0.0,4.76709474289e-15
0.0,0.0,9.28717372611e-13
0.0,0.0,6.69963803429e-30
0.0,0.0,2.16777233319e-28
0.0,0.0,1.44559593132e-25
0.0,0.0,2.05512947124e-27
0.0,0.0,2.67989341127e-24
0.0,0.0,8.76988057641e-29
0.0,0.0,1.3824535182e-24
0.0,0.0,2.17996939079e-20
0.0,0.0,4.43400183355e-25
0.0,1.0,0.822870354406
0.0,0.0,8.44091995563e-24
0.0,1.0,0.983116901925
0.0,0.0,3.9579736581e-32
0.0,0.0,4.99212108117e-26
0.0,0.0,1.48056661793e-27
0.0,0.0,1.15163920387e-09
0.0,0.0,8.07443233523e-06
0.0,0.0,2.36146908144e-30
0.0,0.0,2.27105895474e-27
0.0,0.0,3.07582224302e-28
0.0,0.0,4.9476327503e-25
0.0,0.0,6.52791038396e-28
0.0,0.0,6.42354833591e-27
0.0,0.0,7.96313422362e-30
0.0,0.0,3.52833436597e-29
0.0,0.0,4.34833157002e-22
0.0,0.0,6.77391213224e-31
0.0,0.0,4.76749283863e-32
0.0,0.0,2.57290318248e-26
0.0,0.0,2.57942362532e-25
0.0,0.0,3.31814712615e-28
0.0,0.0,4.48177591516e-31
0.0,0.0,1.21843809537e-13
0.0,1.0,0.964834930155
0.0,0.0,7.5130510279e-09
0.0,0.0,1.41752693539e-26
0.0,0.0,3.20227038305e-27
0.0,0.0,5.45512714176e-30
0.0,0.0,1.57030555646e-31
0.0,0.0,3.39726690936e-24
0.0,0.0,2.78694269837e-21
0.0,0.0,1.6791551373e-26
0.0,0.0,2.16072919131e-25
0.0,0.0,3.53134596801e-29
0.0,0.0,2.53537404551e-25
0.0,0.0,1.04387703391e-22
0.0,0.0,4.04105453733e-24
0.0,0.0,7.50202926629e-17
0.0,0.0,3.04501910426e-22
0.0,0.0,2.37477593081e-21
0.0,0.0,1.65369827732e-29
0.0,0.0,8.75152341276e-30
0.0,0.0,1.21474513892e-26
0.0,0.0,7.34731655264e-30
0.0,0.0,2.76525669133e-27
0.0,0.0,1.97077192133e-24
0.0,0.0,1.40441884376e-31
0.0,0.0,1.75651867367e-15
0.0,0.0,1.25018319276e-29
0.0,0.0,1.67535373854e-31
0.0,0.0,4.46828211264e-31
0.0,0.0,3.5611388634e-30
0.0,0.0,8.1965702053e-17
0.0,0.0,2.84012049047e-31
0.0,0.0,1.39303282964e-26
0.0,0.0,4.91825797313e-25
0.0,0.0,2.31950287152e-14
0.0,0.0,3.58765374657e-31
0.0,1.0,0.999986162862
0.0,0.0,2.72185555149e-25
0.0,1.0,0.99686469419
0.0,0.0,8.55830085628e-23
0.0,0.0,1.7316736633e-13
0.0,0.0,2.86946047794e-23
0.0,0.0,2.10819559068e-24
0.0,0.0,4.17207729204e-05
0.0,0.0,1.97771559699e-27
0.0,0.0,1.51216655745e-17
0.0,0.0,1.70406590656e-21
0.0,0.0,1.59906165945e-19
0.0,0.0,3.84929691116e-29
0.0,0.0,1.71313771257e-29
0.0,0.0,1.71955987298e-26
0.0,0.0,5.5149814874e-31
0.0,0.0,1.22507119278e-19
0.0,0.0,1.90590169505e-25
0.0,0.0,5.21573017236e-28
0.0,0.0,5.48017380578e-28
0.0,0.0,3.99113407989e-21
0.0,0.0,1.71562703308e-14
0.0,0.0,6.76005730442e-30
0.0,0.0,4.30530815259e-23
0.0,0.0,7.05120747213e-19
0.0,0.0,7.39571266818e-19
0.0,0.0,7.38094327753e-07
0.0,0.0,3.5005180836e-30
0.0,0.0,7.97168051324e-26
0.0,0.0,9.06687135872e-28
0.0,0.0,3.45953019329e-26
0.0,0.0,4.69534633699e-23
0.0,0.0,3.80659158706e-23
0.0,0.0,1.11150085998e-31
0.0,0.0,5.21440812103e-07
0.0,0.0,4.29776766543e-24
0.0,0.0,1.31250688738e-26
0.0,0.0,1.92814758013e-32
0.0,0.0,0.23657167065
0.0,1.0,0.99999983624
0.0,0.0,1.87430385172e-20
0.0,1.0,0.99999776667
0.0,0.0,1.34488249624e-31
0.0,0.0,3.25750570888e-26
0.0,0.0,5.98474685458e-10
0.0,0.0,7.28948826546e-23
0.0,0.0,7.21909411853e-21
0.0,0.0,1.53499560752e-28
0.0,0.0,2.41134333997e-21
0.0,0.0,6.79927207989e-26
0.0,0.0,3.93546761168e-28
0.0,0.0,5.0029874044e-31
0.0,0.0,2.7460796598e-27
0.0,0.0,2.18508370854e-30
0.0,0.0,6.46986181709e-30
0.0,0.0,8.18062700163e-05
0.0,0.0,6.57573821449e-28
0.0,0.0,2.45285889216e-28
0.0,0.0,6.35068698659e-31
0.0,0.0,5.78396458531e-14
0.0,1.0,0.992636858424
0.0,0.0,0.000928194731079
0.0,0.0,4.59008115469e-30
0.0,0.0,2.99761866135e-20
0.0,1.0,1.0
0.0,0.0,7.93659880268e-21
0.0,0.0,6.94196049325e-30
0.0,1.0,1.0
0.0,0.0,1.25003428652e-20
0.0,0.0,8.61675123549e-30
0.0,0.0,9.20579809626e-30
0.0,0.0,2.56217868596e-22
0.0,0.0,3.45187918299e-25
0.0,1.0,1.0
0.0,0.0,5.36740578884e-30
0.0,0.0,5.74458603487e-19
0.0,0.0,2.92931192713e-25
0.0,0.0,1.76699207899e-18
0.0,0.0,7.50829948037e-28
0.0,0.0,1.47881233799e-29
0.0,0.0,7.30534883465e-31
0.0,0.0,9.64886579822e-24
0.0,0.0,6.77596190648e-30
0.0,0.0,1.22085608358e-07
0.0,0.0,1.59405906454e-19
0.0,1.0,0.999995874006
0.0,0.0,1.80311792982e-27
0.0,0.0,7.12226310681e-17
0.0,0.0,2.46049361616e-21
0.0,0.0,6.92900949677e-24
0.0,0.0,0.430797507328
0.0,0.0,6.31446182476e-18
0.0,0.0,3.01114990491e-28
0.0,0.0,2.01264072224e-31
0.0,0.0,3.96210483017e-14
0.0,0.0,7.10036971379e-31
0.0,0.0,3.7697770671e-30
0.0,0.0,3.11942317802e-27
0.0,0.0,1.64796473974e-07
0.0,0.0,2.59006371385e-23
0.0,0.0,3.97890079231e-07
0.0,0.0,1.71601303801e-26
0.0,0.0,9.57250470428e-22
0.0,0.0,5.67126690155e-22
0.0,0.0,2.87423417584e-28
0.0,1.0,0.997149181376
0.0,1.0,1.0
0.0,0.0,1.3504807255e-14
0.0,0.0,9.84130298736e-25
0.0,0.0,3.51923080575e-22
0.0,0.0,3.83748411889e-22
0.0,0.0,5.62808435179e-21
0.0,0.0,1.55162530722e-23
0.0,0.0,5.90949858044e-29
0.0,0.0,6.61751275359e-08
0.0,0.0,3.95764683504e-24
0.0,0.0,1.56730831941e-30
0.0,0.0,3.31643108814e-30
0.0,0.0,8.63240921775e-24
0.0,0.0,2.33881103837e-29
0.0,0.0,1.65266229884e-28
0.0,0.0,6.05183649218e-29
0.0,0.0,5.73311730232e-31
0.0,0.0,5.52641443066e-20
0.0,0.0,1.82122368954e-25
0.0,0.0,7.12493580419e-08
0.0,0.0,1.40528721366e-26
0.0,0.0,7.35013249273e-28
0.0,0.0,9.41961423547e-14
0.0,0.0,5.37693607104e-24
0.0,0.0,1.87513113351e-06
0.0,0.0,1.00986325915e-29
0.0,0.0,2.91298159711e-29
0.0,0.0,4.09961210021e-25
0.0,0.0,2.03631120688e-23
0.0,0.0,2.06536359978e-10
0.0,1.0,1.0
0.0,0.0,4.50414317567e-07
0.0,0.0,9.2876954849e-23
0.0,0.0,3.62102863008e-30
0.0,0.0,2.36076822088e-31
0.0,0.0,1.64794294674e-22
0.0,0.0,1.66838655066e-28
0.0,0.0,3.38754011651e-27
0.0,0.0,0.000201659448494
0.0,0.0,1.3975862145e-30
0.0,0.0,7.1206840012e-22
0.0,0.0,5.41935951624e-17
0.0,0.0,2.72511270789e-31
0.0,0.0,1.55070382452e-12
0.0,0.0,1.04607089109e-28
0.0,0.0,3.17473337579e-19
0.0,0.0,2.75250749543e-22
0.0,0.0,1.5855248713e-05
0.0,0.0,2.83122146967e-24
0.0,0.0,2.26379024141e-11
0.0,1.0,1.0
0.0,0.0,1.38467747893e-24
0.0,0.0,9.0618792967e-28
0.0,0.0,1.27785299473e-13
0.0,0.0,1.04041162081e-27
0.0,0.0,2.91350644129e-24
0.0,1.0,0.999999808937
0.0,0.0,1.4973172318e-27
0.0,0.0,2.98421072223e-19
0.0,0.0,1.12794638707e-30
0.0,0.0,7.81881270808e-19
0.0,0.0,2.06871303639e-09
0.0,0.0,7.88736544886e-29
0.0,0.0,9.46174480775e-27
0.0,0.0,2.50425508285e-28
0.0,1.0,1.0
0.0,0.0,3.32088475959e-11
0.0,0.0,2.50067155922e-16
0.0,0.0,7.9399831764e-30
0.0,0.0,7.933202031e-32
0.0,0.0,3.02267466488e-22
0.0,0.0,2.40847424791e-22
0.0,0.0,2.84700656153e-31
0.0,0.0,1.56988127627e-28
0.0,0.0,0.000257542273615
0.0,0.0,4.0532201248e-11
0.0,0.0,4.19564953488e-28
0.0,0.0,7.38555839879e-22
0.0,0.0,9.45266758791e-24
0.0,0.0,4.73959259742e-30
0.0,0.0,1.01446799422e-06
0.0,0.0,5.41075304473e-18
0.0,0.0,6.27252418318e-06
0.0,0.0,4.33655846979e-23
0.0,0.0,3.9196877238e-24
0.0,0.0,2.54967866088e-17
0.0,0.0,1.4198895241e-23
0.0,0.0,8.65968232222e-08
0.0,0.0,2.90711077988e-31
0.0,0.0,6.08325546953e-30
0.0,0.0,1.01095538024e-21
0.0,0.0,1.55184138324e-09
0.0,0.0,3.09819694216e-24
0.0,0.0,1.12890445615e-12
0.0,0.0,7.50882671589e-27
0.0,0.0,5.86082923637e-30
0.0,0.0,5.51596562296e-30
0.0,0.0,6.09270324607e-27
0.0,0.0,2.33281226981e-30
0.0,0.0,9.77991012325e-31
0.0,0.0,1.29239570069e-29
0.0,0.0,9.51311625894e-26
0.0,1.0,1.0
0.0,0.0,3.0791174041e-12
0.0,0.0,9.48421941124e-28
0.0,0.0,2.43092057215e-28
0.0,0.0,4.40257954862e-23
0.0,0.0,1.36182665059e-17
0.0,0.0,8.97019961912e-30
0.0,0.0,4.56206763194e-28
0.0,0.0,6.91514723816e-24
0.0,0.0,1.52253370003e-28
0.0,1.0,1.0
0.0,0.0,8.53107242943e-15
0.0,0.0,2.11089338166e-17
0.0,0.0,0.0477719860339
0.0,0.0,1.58167880726e-19
0.0,0.0,6.73600390397e-20
0.0,0.0,9.66113885356e-09
0.0,0.0,1.84350919757e-29
0.0,0.0,7.38301515694e-26
0.0,1.0,0.999999998365
0.0,0.0,2.20783573687e-21
0.0,0.0,1.4157916362e-07
0.0,0.0,3.20747099763e-28
0.0,0.0,1.33089861896e-26
0.0,1.0,0.999994299032
0.0,0.0,5.97351701227e-30
0.0,0.0,1.35544512851e-18
0.0,0.0,2.22600745788e-30
0.0,0.0,9.67873258629e-24
0.0,1.0,1.0
0.0,0.0,0.000147836104088
0.0,0.0,1.71464191602e-29
0.0,0.0,1.92556215983e-30
0.0,1.0,1.0
0.0,1.0,0.999999606069
0.0,0.0,1.31451516662e-17
0.0,0.0,1.72174004826e-12
0.0,0.0,4.24190723884e-16
0.0,0.0,4.84709155111e-24
0.0,0.0,1.81080050065e-25
0.0,0.0,1.07615163874e-30
0.0,0.0,2.41319324894e-16
0.0,0.0,1.17661681937e-20
0.0,0.0,2.97947382189e-17
0.0,1.0,1.0
0.0,0.0,1.63504352445e-15
0.0,0.0,8.95190362285e-28
0.0,0.0,2.29909044653e-30
0.0,0.0,2.88546193899e-24
0.0,0.0,1.42358452303e-18
0.0,0.0,2.81271944721e-16
0.0,0.0,1.15851284744e-20
0.0,0.0,1.07785671591e-20
0.0,0.0,5.96743379873e-26
0.0,0.0,2.15268838335e-26
0.0,0.0,6.48975232965e-21
0.0,0.0,2.90237212857e-27
0.0,0.0,5.67335208892e-26
0.0,0.0,1.50800884362e-27
0.0,0.0,1.29916824411e-30
0.0,0.0,1.69823607529e-30
0.0,0.0,2.11128826745e-11
0.0,0.0,4.07288411487e-25
0.0,0.0,0.0504845936957
0.0,0.0,1.51411326814e-28
0.0,0.0,3.71559038779e-16
0.0,0.0,1.51598108221e-22
0.0,0.0,5.25178767978e-27
0.0,0.0,9.10317283787e-27
0.0,0.0,1.07248909223e-30
0.0,0.0,8.86548783074e-25
0.0,0.0,1.24592874506e-30
0.0,0.0,0.281906207581
0.0,0.0,2.72339071384e-30
0.0,0.0,0.0389229622508
0.0,0.0,4.40878139806e-21
0.0,0.0,7.75925383562e-29
0.0,0.0,6.28915683012e-13
0.0,0.0,6.30909487306e-23
0.0,0.0,6.64442167323e-23
0.0,0.0,7.20398218942e-29
0.0,0.0,1.92601927783e-08
0.0,0.0,1.95410390302e-25
0.0,0.0,4.72763066261e-30
0.0,0.0,1.82087541987e-27
0.0,0.0,1.87050958467e-12
0.0,0.0,2.93254582562e-21
0.0,0.0,2.58712945704e-29
0.0,0.0,1.08670719248e-29
0.0,0.0,7.46365318106e-25
0.0,0.0,3.90393840387e-29
0.0,0.0,1.05245881142e-20
0.0,0.0,1.57440669678e-24
0.0,0.0,3.9180884741e-13
0.0,0.0,1.45919711249e-27
0.0,1.0,0.986278795229
0.0,0.0,5.72633809184e-27
0.0,0.0,1.59786741483e-30
0.0,0.0,2.97450282663e-24
0.0,0.0,7.338085282e-30
0.0,0.0,1.85090056297e-27
0.0,0.0,1.30700755017e-15
0.0,0.0,9.76364804522e-27
0.0,0.0,9.75574392368e-30
0.0,0.0,5.5380499396e-31
0.0,0.0,2.29635504558e-19
0.0,0.0,2.52019423336e-06
0.0,0.0,7.73424871591e-05
0.0,0.0,1.29954716018e-25
0.0,0.0,8.9978391785e-12
0.0,0.0,2.15103128527e-29
0.0,0.0,1.38646877455e-09
0.0,0.0,2.28111624883e-24
0.0,0.0,1.07611329912e-27
0.0,0.0,4.47399415332e-14
0.0,1.0,0.959708481134
0.0,0.0,8.67350718146e-07
0.0,0.0,2.82005331774e-27
0.0,0.0,3.75492942701e-28
0.0,0.0,9.06547441821e-26
0.0,0.0,2.88974256e-30
0.0,0.0,4.10022311844e-20
0.0,0.0,1.40326388448e-27
0.0,0.0,2.01938438201e-14
0.0,0.0,1.66336977758e-25
0.0,0.0,1.27076895203e-26
0.0,0.0,1.42011622413e-23
0.0,0.0,5.36075123736e-31
0.0,0.0,2.15103889568e-30
0.0,0.0,8.52291701194e-12
0.0,0.0,1.08713432618e-22
0.0,0.0,0.0425537461681
0.0,0.0,1.30781100856e-29
0.0,0.0,3.10307086153e-25
0.0,0.0,1.56373930345e-30
0.0,0.0,4.51137993813e-30
0.0,0.0,2.32301801637e-29
0.0,0.0,2.94700419548e-05
0.0,0.0,8.7918817898e-30
0.0,0.0,2.53701749698e-28
0.0,0.0,1.73708950174e-21
0.0,0.0,1.50950389309e-20
0.0,0.0,5.11141420341e-30
0.0,0.0,9.63699082072e-21
0.0,0.0,5.84315479111e-27
0.0,0.0,1.20424745941e-29
0.0,0.0,5.10909026369e-19
0.0,0.0,3.40058431491e-23
0.0,0.0,2.77398899239e-27
0.0,0.0,1.69186342717e-17
0.0,0.0,1.14142114477e-23
0.0,0.0,4.4635583439e-24
0.0,0.0,4.30450812586e-28
0.0,0.0,1.69772029162e-09
0.0,0.0,2.39264555021e-29
0.0,0.0,7.08203475809e-31
0.0,1.0,1.0
0.0,0.0,1.67790110657e-29
0.0,0.0,1.11063880284e-27
0.0,0.0,2.62350422652e-24
0.0,0.0,5.65289688712e-30
0.0,0.0,4.79322049005e-29
0.0,0.0,1.48234407301e-25
0.0,0.0,1.3409659381e-28
0.0,0.0,0.00167586393094
0.0,0.0,6.71191662847e-30
0.0,0.0,2.0068523231e-27
0.0,0.0,1.54714451677e-29
0.0,0.0,2.32347547485e-11
0.0,0.0,7.97827056827e-20
0.0,0.0,4.38261216603e-16
0.0,0.0,3.69672736355e-26
0.0,0.0,2.1383244124e-23
0.0,0.0,4.40292781163e-25
0.0,0.0,4.79502112588e-20
0.0,0.0,1.60872509953e-17
0.0,0.0,5.55382508854e-12
0.0,0.0,3.2598633665e-25
0.0,0.0,3.88296385507e-29
0.0,0.0,3.18625600869e-23
0.0,0.0,8.80948368037e-29
0.0,0.0,4.49034489515e-20
0.0,1.0,0.999999999974
0.0,1.0,1.0
0.0,0.0,5.64029190989e-29
0.0,0.0,2.57752907711e-26
0.0,0.0,6.30238393963e-28
0.0,0.0,2.02871314925e-20
0.0,0.0,8.85427597595e-30
0.0,0.0,4.043522599e-30
0.0,0.0,4.90896064002e-13
0.0,0.0,1.8907697215e-23
0.0,0.0,1.52585613471e-25
0.0,0.0,6.34843817015e-24
0.0,1.0,0.999845307381
0.0,0.0,6.63288279107e-25
0.0,0.0,7.09095724975e-26
0.0,0.0,7.97238071954e-31
0.0,0.0,3.59120806033e-16
0.0,0.0,8.8426639983e-31
0.0,0.0,1.2899582865e-14
0.0,0.0,8.19010596647e-29
0.0,0.0,1.99791870797e-27
0.0,0.0,1.48935449605e-29
0.0,0.0,1.18577356017e-26
0.0,0.0,0.432642185196
0.0,1.0,1.0
0.0,0.0,4.96261004842e-10
0.0,0.0,2.76341457809e-21
0.0,0.0,1.73207864705e-24
0.0,0.0,3.49600596072e-22
0.0,0.0,2.7302719258e-25
0.0,0.0,1.63633844679e-28
0.0,0.0,6.2151960372e-31
0.0,0.0,2.65761803478e-23
0.0,0.0,3.62609527811e-22
0.0,0.0,1.46481977066e-30
0.0,0.0,0.00824316679113
0.0,0.0,2.95620923509e-28
0.0,0.0,2.3303791721e-17
0.0,0.0,5.46500576937e-26
0.0,0.0,4.24491908586e-29
0.0,0.0,1.06039023184e-09
0.0,0.0,2.77385218452e-22
0.0,0.0,7.44916778404e-31
0.0,0.0,1.12418413008e-28
0.0,1.0,0.999999999563
0.0,1.0,0.999999999951
0.0,0.0,1.96153269908e-24
0.0,0.0,4.04605885811e-24
0.0,0.0,1.05010778694e-17
0.0,0.0,1.59061941413e-29
0.0,0.0,9.09546279779e-22
0.0,0.0,2.15583581203e-20
0.0,0.0,1.07305073569e-30
0.0,0.0,3.87440099996e-16
0.0,0.0,1.1553401999e-27
0.0,0.0,5.68608549345e-30
0.0,0.0,1.27412720533e-28
0.0,0.0,2.48777769563e-20
0.0,0.0,4.79784654894e-26
0.0,0.0,1.92561610393e-23
0.0,0.0,7.16425651544e-16
0.0,0.0,1.44252604399e-29
0.0,0.0,4.96845497221e-31
0.0,0.0,8.07151078386e-30
0.0,0.0,1.33018646934e-16
0.0,0.0,1.31732230056e-29
0.0,0.0,1.14243386992e-19
0.0,0.0,1.87573077239e-26
0.0,0.0,1.53876691401e-29
0.0,0.0,5.67290069889e-29
0.0,0.0,0.00383983941164
0.0,0.0,4.40537696402e-14
0.0,0.0,4.10922144813e-24
0.0,0.0,3.81869709756e-25
0.0,0.0,1.45618838325e-23
0.0,0.0,5.128204888e-25
0.0,0.0,5.38438561918e-05
0.0,0.0,2.84530168491e-16
0.0,0.0,3.01635932629e-22
0.0,0.0,6.02568893752e-28
0.0,0.0,1.47272189073e-24
0.0,0.0,2.73236892494e-19
0.0,0.0,7.25920867592e-17
0.0,0.0,3.57478665596e-13
0.0,0.0,2.80265799663e-23
0.0,1.0,0.999999999984
0.0,0.0,1.41324083959e-24
0.0,0.0,9.63129262812e-17
0.0,0.0,1.01856920124e-23
0.0,0.0,3.61457615043e-14
0.0,0.0,1.29602149686e-16
0.0,0.0,3.41485602169e-27
0.0,0.0,1.21597081225e-27
0.0,0.0,2.61279956115e-29
0.0,0.0,2.33116504879e-29
0.0,0.0,3.0494488752e-23
0.0,0.0,4.04501398165e-29
0.0,0.0,1.68678394842e-18
0.0,0.0,1.18237370148e-17
0.0,0.0,3.40112028099e-06
0.0,0.0,1.5543185683e-24
0.0,0.0,2.39286327757e-21
0.0,0.0,9.92078934514e-23
0.0,1.0,1.0
0.0,0.0,1.28063902497e-07
0.0,0.0,5.49515893272e-21
0.0,0.0,7.16111402844e-31
0.0,1.0,0.999999970252
0.0,0.0,7.07156761688e-30
0.0,0.0,5.71725147194e-29
0.0,0.0,9.83522892812e-18
0.0,0.0,8.8219456113e-20
0.0,0.0,9.95121713608e-26
0.0,0.0,5.54011212697e-10
0.0,0.0,2.31279644868e-24
0.0,0.0,1.00351881599e-17
0.0,0.0,2.43963823938e-24
0.0,1.0,0.999999999985
0.0,0.0,1.08759657346e-23
0.0,0.0,3.11815472538e-17
0.0,0.0,3.89455377162e-07
0.0,0.0,1.26750303153e-14
0.0,0.0,2.71673455161e-26
0.0,0.0,1.58686997025e-28
0.0,1.0,0.999837991185
0.0,1.0,1.0
0.0,0.0,2.69699516269e-30
0.0,0.0,5.82296409833e-23
0.0,0.0,1.28411439672e-29
0.0,0.0,5.54592370108e-29
0.0,0.0,1.10927235743e-18
0.0,0.0,7.33386423849e-20
0.0,0.0,8.11302606874e-28
0.0,0.0,8.46379738023e-28
0.0,0.0,0.166296683997
0.0,0.0,2.05168443514e-12
0.0,0.0,1.22217870062e-27
0.0,0.0,1.21349618321e-25
0.0,0.0,1.80755144067e-29
0.0,0.0,4.52798602766e-10
0.0,0.0,1.19046869462e-24
0.0,0.0,4.21461446811e-21
0.0,0.0,1.8011963884e-30
0.0,0.0,1.03616300941e-27
0.0,0.0,2.18904360117e-07
0.0,0.0,1.25376462728e-28
0.0,0.0,1.73000549586e-29
0.0,0.0,2.10804318594e-31
0.0,0.0,5.88504165595e-28
0.0,0.0,2.70609196943e-16
0.0,0.0,1.66863669519e-23
0.0,0.0,7.32861414188e-18
0.0,0.0,3.69968867414e-28
0.0,0.0,2.8315123344e-31
0.0,0.0,1.0001750377e-24
0.0,0.0,1.95570120618e-16
0.0,0.0,1.68020341223e-24
0.0,0.0,7.7778779372e-30
0.0,0.0,1.54231232067e-29
0.0,0.0,4.38303755239e-30
0.0,1.0,0.991344105519
0.0,0.0,2.39648758721e-30
0.0,0.0,4.04191383361e-30
0.0,0.0,2.08670785508e-31
0.0,0.0,1.75864474738e-24
0.0,0.0,1.27236805525e-29
0.0,1.0,0.99999384122
0.0,0.0,2.4841121431e-28
0.0,0.0,2.94031132619e-22
0.0,0.0,1.5169825028e-14
0.0,0.0,8.27897723318e-25
0.0,0.0,3.42674638797e-27
0.0,0.0,4.8715908108e-26
0.0,1.0,0.863341076934
0.0,1.0,0.99913955982
0.0,0.0,1.95693776401e-30
0.0,0.0,0.000484214158935
0.0,0.0,4.01057811162e-09
0.0,0.0,3.86793694254e-23
0.0,1.0,1.0
0.0,0.0,5.03844809829e-23
0.0,0.0,1.21766059131e-28
0.0,0.0,1.20033675568e-27
0.0,0.0,1.05889514346e-16
0.0,0.0,9.26891306582e-15
0.0,0.0,5.8485690654e-25
0.0,0.0,2.84528037222e-29
0.0,0.0,1.75759234206e-10
0.0,0.0,4.30837492301e-22
0.0,1.0,0.987862656341
0.0,0.0,3.5448735264e-25
0.0,0.0,9.06631715166e-23
0.0,0.0,2.09588456519e-13
0.0,0.0,1.54681615222e-06
0.0,0.0,1.03421866258e-30
0.0,0.0,2.35041560749e-05
0.0,0.0,1.08046607541e-28
0.0,0.0,3.54018861655e-10
0.0,0.0,1.14328133759e-29
0.0,0.0,2.86694658507e-21
0.0,1.0,0.997175922862
0.0,0.0,1.2337737585e-28
0.0,0.0,2.5196978035e-30
0.0,0.0,1.69073145686e-09
0.0,0.0,9.73417080844e-12
0.0,0.0,5.12077787132e-25
0.0,0.0,7.95046267512e-25
0.0,0.0,2.65705384059e-16
0.0,0.0,1.76088209162e-30
0.0,0.0,3.12786598895e-29
0.0,0.0,2.26241090575e-18
0.0,0.0,1.78718363956e-27
0.0,0.0,2.99295845283e-30
0.0,0.0,3.29887547175e-14
0.0,0.0,5.58523364725e-14
0.0,0.0,1.76986334057e-07
0.0,0.0,4.89532266184e-24
0.0,0.0,2.07841531597e-24
0.0,0.0,3.35486111036e-27
0.0,0.0,1.81791351584e-30
0.0,0.0,6.83647342216e-11
0.0,0.0,5.08205259618e-17
0.0,0.0,0.0041676091177
0.0,0.0,1.36511577339e-27
0.0,0.0,2.63984582723e-09
0.0,0.0,2.08701912572e-26
0.0,0.0,5.36583436154e-23
0.0,0.0,2.62494134912e-20
0.0,0.0,1.27093089454e-29
0.0,0.0,2.92621477954e-22
0.0,1.0,1.0
0.0,1.0,0.79923055854
0.0,0.0,4.88186355931e-31
0.0,0.0,0.00391326475254
0.0,0.0,5.7070655219e-17
0.0,0.0,1.06334047281e-30
0.0,0.0,1.00541872976e-22
0.0,0.0,8.28270805412e-30
0.0,0.0,1.37387591432e-29
0.0,0.0,3.44850724635e-12
0.0,0.0,5.08289035101e-30
0.0,1.0,1.0
0.0,1.0,0.999999999707
0.0,0.0,1.24201808612e-29
0.0,0.0,4.52161873739e-29
0.0,0.0,3.56478516468e-29
0.0,0.0,1.09514202166e-17
0.0,0.0,1.61564148445e-12
0.0,0.0,6.79936926885e-29
0.0,0.0,4.05006451282e-11
0.0,0.0,2.51667739689e-15
0.0,0.0,9.14361594507e-14
0.0,1.0,1.0
0.0,0.0,1.26335539522e-21
0.0,0.0,3.09222469878e-25
0.0,0.0,2.28371194478e-29
0.0,0.0,1.85211767296e-29
0.0,0.0,1.93926778644e-14
0.0,0.0,3.36522518038e-12
0.0,1.0,1.0
0.0,0.0,3.12229049658e-29
0.0,0.0,2.67486125202e-09
0.0,0.0,2.99999641368e-24
0.0,0.0,9.36354402136e-30
0.0,0.0,8.74053448764e-20
0.0,1.0,0.999999999375
0.0,0.0,3.3821940361e-13
0.0,0.0,6.27980430422e-14
0.0,0.0,7.86549119617e-28
0.0,0.0,2.69011773794e-30
0.0,0.0,1.15946061289e-17
0.0,0.0,1.00296491985e-21
0.0,0.0,3.41640076824e-16
0.0,0.0,3.82808602077e-15
0.0,0.0,1.75979221779e-27
0.0,0.0,1.97952843986e-13
0.0,0.0,1.42967066976e-16
0.0,0.0,1.89402687699e-13
0.0,0.0,1.61979732813e-20
0.0,0.0,4.0435559724e-28
0.0,0.0,5.57058903945e-22
0.0,0.0,4.9594010404e-10
0.0,0.0,2.77299268826e-20
0.0,1.0,0.999999999999
0.0,0.0,1.03888602249e-14
0.0,0.0,7.23639037212e-28
0.0,0.0,2.19377167078e-15
0.0,0.0,4.27988176147e-21
0.0,0.0,2.42239718056e-22
0.0,0.0,1.40065283781e-09
0.0,0.0,7.55192549863e-25
0.0,1.0,1.0
0.0,1.0,1.0
0.0,0.0,2.18275921948e-11
0.0,0.0,5.78267756432e-19
0.0,0.0,2.13619016411e-25
0.0,0.0,2.40993318632e-23
0.0,0.0,8.71905978893e-29
0.0,1.0,1.0
0.0,0.0,8.51664377202e-30
0.0,0.0,6.39279755216e-20
0.0,0.0,3.72077414889e-29
0.0,0.0,5.96001597431e-17
0.0,0.0,8.5602127122e-29
0.0,0.0,2.80695454443e-24
0.0,0.0,2.41741219624e-27
0.0,0.0,7.54478520626e-31
0.0,0.0,2.97942994654e-29
0.0,0.0,1.81217325656e-26
0.0,0.0,6.4282087584e-09
0.0,0.0,3.34441554224e-20
0.0,0.0,1.39127621702e-22
0.0,0.0,6.94852567119e-17
0.0,0.0,1.01587123709e-25
0.0,0.0,2.5660226751e-29
0.0,0.0,4.61258010628e-30
0.0,0.0,2.73833054525e-30
0.0,0.0,3.27554462154e-20
0.0,0.0,4.65792255456e-31
0.0,1.0,1.0
0.0,0.0,1.50419500156e-12
0.0,0.0,1.00927178009e-28
0.0,0.0,0.0110859249019
0.0,0.0,5.01188981027e-21
0.0,0.0,1.5577864107e-31
0.0,0.0,3.8618085534e-20
0.0,0.0,4.9124636498e-26
0.0,0.0,3.05321406991e-06
0.0,0.0,1.83084073895e-25
0.0,0.0,2.36097856465e-29
0.0,0.0,2.01152616135e-23
0.0,0.0,0.0156826572202
0.0,0.0,3.28295423583e-29
0.0,0.0,4.50721534713e-18
0.0,0.0,5.63422160032e-31
0.0,0.0,2.40274771205e-29
0.0,0.0,4.7252833628e-29
0.0,0.0,9.47712007665e-13
0.0,0.0,2.99980220955e-30
0.0,0.0,1.28099217524e-27
0.0,0.0,0.248507312263
0.0,0.0,8.99746491601e-08
0.0,0.0,3.30011252623e-13
0.0,0.0,8.84126903881e-25
0.0,0.0,3.61558940331e-11
0.0,0.0,0.486860864116
0.0,0.0,9.40037642418e-18
0.0,0.0,0.383057558538
0.0,0.0,7.13907890258e-27
0.0,0.0,5.84927637036e-26
0.0,0.0,5.82013742895e-21
0.0,0.0,1.36055003138e-25
0.0,0.0,1.49576168742e-23
0.0,0.0,1.40527617137e-18
0.0,0.0,8.58923124078e-24
0.0,0.0,1.54688077964e-15
0.0,0.0,6.34001179089e-11
0.0,0.0,1.6816351939e-28
0.0,0.0,0.00326439968089
0.0,0.0,6.60843827883e-23
0.0,0.0,1.04668031749e-23
0.0,0.0,3.27233670463e-31
0.0,0.0,1.58830927783e-24
0.0,0.0,1.06756414735e-13
0.0,0.0,8.60804654443e-13
0.0,0.0,2.64925389463e-30
0.0,0.0,8.50939740974e-15
0.0,1.0,1.0
0.0,0.0,7.18547770628e-22
0.0,0.0,1.8170832588e-23
0.0,0.0,1.20138123049e-30
0.0,0.0,6.67883771478e-20
0.0,0.0,2.5325551744e-31
0.0,0.0,2.73975673006e-18
0.0,1.0,0.999999991205
0.0,0.0,1.38298350059e-11
0.0,0.0,1.21363461683e-30
0.0,1.0,1.0
0.0,0.0,1.19041186433e-26
0.0,0.0,2.78892495974e-31
0.0,0.0,1.06516858252e-28
0.0,0.0,6.33841710355e-30
0.0,0.0,0.000984308182509
0.0,0.0,1.05173066585e-25
0.0,0.0,5.98456579207e-27
0.0,0.0,3.26510704183e-27
0.0,1.0,0.994601292237
0.0,0.0,2.56307421093e-31
0.0,0.0,1.75431205819e-29
0.0,0.0,2.1788733857e-31
0.0,1.0,0.999999999901
0.0,0.0,3.54838162143e-26
0.0,0.0,1.44983797484e-24
0.0,0.0,3.19432717016e-08
0.0,0.0,7.41587861598e-23
0.0,0.0,3.54022792325e-27
0.0,0.0,3.00628403285e-27
0.0,0.0,1.66371950604e-28
0.0,0.0,1.44518749293e-25
0.0,0.0,1.05675105552e-10
0.0,0.0,1.4841033692e-15
0.0,1.0,1.0
0.0,0.0,1.72679149041e-08
0.0,0.0,4.92470320759e-17
0.0,0.0,3.30007753972e-23
0.0,0.0,8.74607767049e-24
0.0,0.0,4.16545130687e-18
0.0,1.0,0.860129665842
0.0,0.0,1.2996004071e-26
0.0,1.0,1.0
0.0,0.0,2.40575036026e-29
0.0,1.0,1.0
0.0,0.0,1.15180425914e-30
0.0,0.0,2.753983425e-30
0.0,0.0,1.77627257843e-05
0.0,0.0,5.69936619948e-25
0.0,0.0,3.1903202783e-18
0.0,0.0,5.97018158968e-16
0.0,0.0,1.37768770695e-11
0.0,0.0,2.5868467089e-27
0.0,0.0,4.8510767899e-10
0.0,0.0,2.48831129277e-27
0.0,0.0,3.65171098473e-26
0.0,0.0,3.04439349587e-19
0.0,0.0,1.80911310869e-28
0.0,0.0,2.26146144211e-30
0.0,0.0,6.07320683001e-13
0.0,0.0,1.27898453761e-09
0.0,0.0,4.47112202731e-24
0.0,1.0,1.0
0.0,1.0,1.0
0.0,0.0,1.60803283596e-22
0.0,0.0,8.24301410993e-30
0.0,0.0,2.53511185103e-18
0.0,1.0,0.999999999998
0.0,0.0,0.00414214208017
0.0,0.0,2.30382747035e-27
0.0,0.0,9.3733850706e-27
0.0,0.0,2.08469796483e-28
0.0,0.0,9.98874153323e-28
0.0,0.0,3.67826719159e-30
0.0,0.0,1.57745726494e-16
0.0,0.0,3.78921238356e-28
0.0,0.0,7.42977532828e-30
0.0,0.0,1.03775585238e-16
0.0,0.0,1.14609772023e-25
0.0,0.0,1.83053895979e-09
0.0,0.0,9.59408965419e-21
0.0,0.0,8.37375998117e-27
0.0,0.0,5.21748421104e-29
0.0,0.0,4.03292065514e-28
0.0,1.0,1.0
0.0,0.0,3.0706955128e-11
0.0,0.0,1.82972655444e-10
0.0,0.0,2.27166126533e-17
0.0,0.0,8.53825154954e-28
0.0,1.0,0.998298719288
0.0,0.0,2.901941702e-24
0.0,0.0,2.39688530635e-28
0.0,0.0,1.26345077931e-26
0.0,0.0,7.76289890333e-22
0.0,0.0,1.32710888197e-27
0.0,0.0,2.21761117561e-25
0.0,0.0,2.33482686462e-17
0.0,0.0,3.3954852293e-27
0.0,0.0,1.99290568078e-28
0.0,1.0,0.999937245435
0.0,0.0,1.92837293294e-20
0.0,0.0,2.06337105504e-26
0.0,0.0,2.2561237693e-18
0.0,0.0,3.13905677495e-29
0.0,0.0,1.52746283749e-20
0.0,0.0,3.38464850344e-28
0.0,0.0,1.93025274857e-21
0.0,0.0,1.20913424368e-15
0.0,0.0,3.24426086213e-30
0.0,1.0,1.0
0.0,0.0,2.82355732928e-25
0.0,0.0,2.04407115677e-29
0.0,1.0,0.999999998899
0.0,0.0,1.62137227183e-18
0.0,0.0,7.28338071828e-15
0.0,0.0,7.68797009631e-26
0.0,0.0,1.28574397639e-30
0.0,0.0,6.60874490753e-17
0.0,0.0,1.56682272069e-29
0.0,0.0,4.1636512178e-18
0.0,0.0,1.05447780413e-20
0.0,0.0,6.9410518239e-06
0.0,0.0,4.93046217047e-28
0.0,0.0,1.36647577159e-28
0.0,0.0,2.14934593901e-29
0.0,0.0,1.74841436204e-26
0.0,0.0,9.87518927308e-21
0.0,0.0,4.01693348195e-21
0.0,0.0,5.29921067156e-22
0.0,0.0,1.0370246049e-23
0.0,0.0,4.35282533702e-14
0.0,0.0,8.40757719777e-29
0.0,0.0,3.15792995852e-19
0.0,0.0,2.44848313762e-12
0.0,0.0,8.95085893376e-28
0.0,0.0,7.27982690658e-22
0.0,0.0,1.84972245804e-22
0.0,0.0,1.14905954432e-26
0.0,0.0,5.44118319168e-27
0.0,0.0,1.11007090554e-23
0.0,0.0,7.4402796236e-20
0.0,0.0,4.15490412861e-29
0.0,0.0,1.62540218271e-22
0.0,0.0,2.09419973167e-29
0.0,0.0,9.84997421438e-25
0.0,0.0,1.86552838644e-29
0.0,0.0,1.92291042983e-27
0.0,0.0,3.32611618694e-30
0.0,0.0,5.84848483274e-28
0.0,0.0,8.30461337071e-29
0.0,0.0,1.50147373969e-24
0.0,0.0,1.6950886759e-20
0.0,0.0,2.06029960986e-26
0.0,0.0,6.25866520234e-31
0.0,0.0,2.58496767111e-27
0.0,0.0,2.43159358074e-30
0.0,0.0,1.98914113203e-11
0.0,0.0,1.45398631709e-24
0.0,0.0,6.47824287351e-28
0.0,0.0,4.30615278046e-20
0.0,0.0,6.71481798715e-19
0.0,0.0,1.5692110064e-29
0.0,0.0,1.62451961141e-27
0.0,0.0,5.24030199042e-27
0.0,0.0,5.70571883124e-13
0.0,1.0,1.0
0.0,0.0,2.85911346341e-26
0.0,0.0,2.54439260587e-29
0.0,0.0,6.38887608779e-26
0.0,0.0,7.26759820857e-13
0.0,0.0,1.06297432298e-24
0.0,0.0,8.82464811689e-29
0.0,0.0,6.07245543489e-26
0.0,0.0,1.8842058105e-26
0.0,0.0,2.06910874764e-28
0.0,0.0,3.264078225e-25
0.0,0.0,1.85097304045e-13
0.0,0.0,1.2198773666e-20
0.0,0.0,6.86941976292e-22
0.0,0.0,1.7560657106e-18
0.0,0.0,2.43140340266e-24
0.0,0.0,2.11597900618e-25
0.0,0.0,3.20400455418e-29
0.0,0.0,1.8000468395e-23
0.0,1.0,0.997497959033
0.0,0.0,7.86363056976e-31
0.0,0.0,4.63114872316e-27
0.0,0.0,5.15015987051e-28
0.0,0.0,6.46645562105e-27
0.0,0.0,9.47055712957e-29
0.0,0.0,1.36546202372e-20
0.0,0.0,4.28980923338e-29
