1.0,0.0,0.00278203277398
1.0,1.0,0.999870077236
1.0,1.0,0.999659661877
1.0,1.0,0.81335058852
1.0,1.0,0.999434227092
1.0,0.0,0.0386644406155
1.0,0.0,0.048636289725
1.0,1.0,0.999999999979
1.0,1.0,0.784973067854
1.0,0.0,0.266870890176
1.0,1.0,0.96985047792
1.0,0.0,0.283468416194
1.0,0.0,0.383094233273
1.0,0.0,0.000929814751444
1.0,0.0,0.157927283929
1.0,0.0,0.101573574181
1.0,1.0,0.992541096013
1.0,0.0,0.206652256656
1.0,0.0,0.000456275204381
1.0,0.0,0.0553434501655
1.0,0.0,0.00592079690917
1.0,0.0,0.00535383199081
1.0,0.0,0.0309014851442
1.0,0.0,0.0575911158717
1.0,1.0,0.999997710029
1.0,0.0,0.00148087259142
1.0,0.0,1.19985795064e-06
1.0,0.0,0.000112024523225
1.0,0.0,0.456253343906
1.0,1.0,0.999990249967
1.0,0.0,0.0586035312002
1.0,0.0,0.0120099209007
1.0,1.0,0.999874281982
1.0,0.0,4.35556716154e-05
1.0,0.0,0.0151078486582
1.0,1.0,0.806117990481
1.0,0.0,0.098485264786
1.0,0.0,0.0160616847628
1.0,1.0,0.99973058658
1.0,1.0,0.913770732423
1.0,0.0,0.0152659867066
1.0,1.0,0.999107579311
1.0,1.0,0.999947275456
1.0,1.0,0.998673592385
1.0,1.0,0.999901817767
1.0,0.0,0.00898367574835
1.0,0.0,0.0873862747693
1.0,1.0,0.987689770353
1.0,0.0,0.49424995012
1.0,1.0,0.832076336798
1.0,1.0,0.623188986806
1.0,0.0,0.0769764862586
1.0,0.0,0.0321493564725
1.0,1.0,0.994638102523
1.0,0.0,0.100112365666
1.0,0.0,0.0307731883594
1.0,1.0,0.758623784847
1.0,1.0,0.974257726119
1.0,0.0,0.178018057884
1.0,0.0,3.08729139488e-05
1.0,1.0,0.985167504007
1.0,0.0,0.00368429450837
1.0,1.0,0.876467990987
1.0,1.0,0.999987248049
1.0,1.0,0.974080756636
1.0,1.0,0.997778066261
1.0,1.0,0.53533957477
1.0,0.0,0.000123544312584
1.0,0.0,0.00220024063521
1.0,0.0,0.0354439589234
1.0,0.0,0.0253045289044
1.0,1.0,0.646744241357
1.0,0.0,0.111540870465
1.0,0.0,0.00838213376142
1.0,0.0,0.0271044011172
1.0,1.0,0.733445292831
1.0,1.0,0.991224720584
1.0,1.0,0.906096218396
1.0,1.0,0.998661573805
1.0,0.0,0.0304516367747
1.0,1.0,0.99995572733
1.0,1.0,1.0
1.0,1.0,1.0
1.0,1.0,0.99999998911
1.0,1.0,0.999998900143
1.0,1.0,0.999970678072
1.0,0.0,0.338227231868
1.0,1.0,0.999814722292
1.0,1.0,0.999925653261
1.0,1.0,0.999930550445
1.0,1.0,0.936412192216
1.0,1.0,0.999877334326
1.0,1.0,0.99993961964
1.0,1.0,0.999910845281
1.0,1.0,0.999999852062
1.0,1.0,0.683005548059
1.0,1.0,0.999999852155
1.0,0.0,0.00110153647553
1.0,1.0,0.999323353619
1.0,1.0,0.976985904084
1.0,1.0,1.0
1.0,1.0,0.999999865048
1.0,1.0,0.991004865271
1.0,0.0,0.106581568313
1.0,1.0,0.983122283315
1.0,1.0,0.999999253813
1.0,1.0,0.999754039922
1.0,1.0,0.919135919611
1.0,1.0,0.848249258112
1.0,1.0,0.999999987586
1.0,1.0,0.999999898642
1.0,1.0,1.0
1.0,1.0,0.970479997976
1.0,1.0,0.999680766506
1.0,0.0,0.048697791493
1.0,1.0,0.999344873807
1.0,1.0,0.999998439011
1.0,0.0,0.00934056383787
1.0,1.0,0.866229398855
1.0,1.0,0.999999002548
1.0,1.0,0.999991505401
1.0,1.0,0.999999974795
1.0,1.0,0.998982466482
1.0,1.0,0.999879324546
1.0,1.0,0.999999937232
1.0,1.0,0.999998936842
1.0,1.0,0.999998525348
1.0,0.0,0.00636820984283
1.0,1.0,0.999980502727
1.0,0.0,0.0256271826323
1.0,1.0,0.999998952423
1.0,1.0,0.999999995323
1.0,1.0,0.982491375898
1.0,0.0,0.000219019720262
1.0,0.0,0.0054550271777
1.0,1.0,0.999999999989
1.0,0.0,0.0429229785559
1.0,1.0,0.995887508098
1.0,0.0,5.14738155147e-06
1.0,1.0,0.984029379385
1.0,1.0,0.999999904111
1.0,1.0,0.999993818648
1.0,0.0,0.0430447636393
1.0,0.0,0.411885817484
1.0,1.0,0.999999992283
1.0,1.0,0.929906777928
1.0,0.0,0.000531205815804
1.0,0.0,0.0418663573783
1.0,0.0,0.146467695308
1.0,0.0,3.84101904504e-05
1.0,1.0,0.755555870071
1.0,0.0,0.022429026638
1.0,0.0,0.000200571010455
1.0,0.0,0.280742209515
1.0,1.0,0.64188698787
1.0,1.0,1.0
1.0,1.0,0.685194466425
1.0,0.0,0.00295234866099
1.0,1.0,0.869289321501
1.0,0.0,0.406720920625
1.0,1.0,0.640720368299
1.0,1.0,0.997512976273
1.0,1.0,0.993270253982
1.0,1.0,0.999994839903
1.0,0.0,0.120951691652
1.0,0.0,0.000106583054435
1.0,0.0,0.000543513341974
1.0,0.0,0.390116640509
1.0,1.0,0.999825215619
1.0,1.0,0.998998667118
1.0,0.0,1.27498362361e-05
1.0,0.0,0.362029732839
1.0,1.0,0.999999995792
1.0,1.0,0.848423994252
1.0,1.0,0.578746997639
1.0,1.0,0.993343190693
1.0,0.0,0.0362685286259
1.0,1.0,0.895174334848
1.0,0.0,0.00325250755282
1.0,0.0,0.000186623314149
1.0,0.0,0.00576297387905
1.0,1.0,0.810998202062
1.0,0.0,0.0319218414766
1.0,0.0,0.0514450522096
1.0,1.0,0.992450374794
1.0,0.0,0.00500898543634
1.0,1.0,0.532438191491
1.0,0.0,0.0233248216679
1.0,1.0,0.980028177904
1.0,1.0,0.999999058204
1.0,1.0,0.930045389088
1.0,1.0,0.996870382222
1.0,1.0,0.985854081517
1.0,1.0,0.930571176415
1.0,1.0,0.513402882255
1.0,0.0,0.137190645624
1.0,1.0,0.911532166929
1.0,1.0,0.725264023864
1.0,1.0,0.864215762074
1.0,1.0,0.99999062302
1.0,0.0,0.0424186061238
1.0,0.0,0.000703303641282
1.0,1.0,0.990935984398
1.0,0.0,0.229781884917
1.0,1.0,0.965050681969
1.0,1.0,0.999839831803
1.0,0.0,0.0393727911989
1.0,0.0,0.325035092795
1.0,0.0,0.31967310704
1.0,1.0,0.9999999871
1.0,1.0,0.999999999345
1.0,0.0,0.112108286052
1.0,1.0,0.999999974049
1.0,1.0,0.576470054689
1.0,1.0,0.999765276608
1.0,1.0,0.99202302295
1.0,1.0,0.988169710884
1.0,1.0,0.996033455721
1.0,1.0,0.773671866801
1.0,0.0,0.154857234968
1.0,1.0,0.597127084576
1.0,0.0,0.012376947859
1.0,0.0,0.0924147352485
1.0,0.0,0.363204329123
1.0,1.0,0.919552715413
1.0,1.0,0.99960144595
1.0,1.0,0.990534378551
1.0,0.0,0.161127129614
1.0,1.0,0.880169298508
1.0,0.0,0.00291074259357
1.0,0.0,0.17097160972
1.0,1.0,0.858000898718
1.0,1.0,0.984014976572
1.0,1.0,0.978143512252
1.0,1.0,0.504551699862
1.0,1.0,0.560906085188
1.0,1.0,0.621983670957
1.0,0.0,0.0674913705792
1.0,1.0,0.999841071731
1.0,1.0,0.999999998433
1.0,1.0,0.999958768306
1.0,1.0,0.989866631152
1.0,0.0,0.0331703758738
1.0,1.0,0.997781824696
1.0,1.0,0.880441921299
1.0,1.0,0.982893438073
1.0,1.0,0.998873469471
1.0,0.0,0.0395138150116
1.0,0.0,0.0561425786946
1.0,1.0,0.833882085258
1.0,1.0,0.997244310271
1.0,0.0,0.0479299944526
1.0,0.0,0.06768976539
1.0,0.0,0.00570260426252
1.0,0.0,0.00403310101411
1.0,1.0,0.998394274011
1.0,0.0,0.0452296424512
1.0,1.0,0.710279371047
1.0,0.0,0.429461126259
1.0,1.0,0.987943141812
1.0,0.0,0.00424198489123
1.0,1.0,0.921353746112
1.0,1.0,0.875695611401
1.0,1.0,0.837460149465
1.0,0.0,0.0256541688559
1.0,1.0,0.99993482363
1.0,1.0,0.94460248279
1.0,1.0,0.999910222388
1.0,1.0,0.999999462885
1.0,0.0,0.155158798449
1.0,0.0,0.00305514315263
1.0,1.0,0.998250190798
1.0,0.0,0.0215335899306
1.0,1.0,0.996541474685
1.0,1.0,0.99904771943
1.0,0.0,0.317045173187
1.0,1.0,0.995638843599
1.0,1.0,0.999815762512
1.0,1.0,0.835509195177
1.0,0.0,0.0289085501264
1.0,1.0,0.999609296416
1.0,0.0,0.00316978461427
1.0,0.0,0.142121274679
1.0,1.0,0.915511589006
1.0,0.0,0.100921215501
1.0,0.0,0.00499277866914
1.0,1.0,0.999940585252
1.0,0.0,0.117305245124
1.0,1.0,0.997762102149
1.0,1.0,0.997395132461
1.0,1.0,0.936291208748
1.0,0.0,0.26145707341
1.0,1.0,0.959048678137
1.0,0.0,0.0588322616896
1.0,0.0,1.28757367098e-05
1.0,0.0,0.117809583498
1.0,1.0,1.0
1.0,0.0,0.241230160182
1.0,0.0,0.285573803381
1.0,1.0,0.998864784824
1.0,0.0,0.000805800884004
1.0,1.0,0.999999932142
1.0,1.0,0.999999999773
1.0,0.0,0.0292377161651
1.0,1.0,0.719903543819
1.0,0.0,0.00145811902787
1.0,0.0,0.0166957777886
1.0,1.0,0.999984849197
1.0,1.0,0.996500637444
1.0,1.0,0.700221512421
1.0,0.0,0.0325000912852
1.0,1.0,0.603652324285
1.0,0.0,0.00534795866051
1.0,0.0,0.0827813621421
1.0,0.0,0.0245644699839
1.0,0.0,0.361063272842
1.0,0.0,0.000108783260031
1.0,0.0,0.0104791759657
1.0,0.0,0.000389226767402
1.0,0.0,3.26953069094e-05
1.0,0.0,0.00200361612453
1.0,0.0,0.36815850872
1.0,1.0,0.978019566583
1.0,1.0,0.567062809753
1.0,0.0,0.291675553256
1.0,0.0,0.340133023997
1.0,1.0,0.998202103164
1.0,0.0,0.109536601984
1.0,0.0,3.99891787019e-06
1.0,1.0,0.755842231244
1.0,0.0,0.00565109265636
1.0,0.0,0.00732290550982
1.0,1.0,0.51019527143
1.0,1.0,0.952791521179
1.0,1.0,0.829850601974
1.0,1.0,0.999021569181
1.0,0.0,7.47127308006e-05
1.0,0.0,0.296897175202
1.0,1.0,0.927101335891
1.0,0.0,0.444930864347
1.0,0.0,0.0132439827592
1.0,1.0,0.997512208162
1.0,1.0,0.999634764311
1.0,1.0,0.999804168526
1.0,0.0,0.117070985754
1.0,0.0,0.00724134576372
1.0,0.0,0.00764411350574
1.0,0.0,0.0472460497596
1.0,1.0,0.999979977706
1.0,1.0,0.999626446681
1.0,0.0,0.250935554841
1.0,0.0,0.264776849481
1.0,0.0,0.00172694009086
1.0,0.0,0.00773853586465
1.0,0.0,0.155346269589
1.0,1.0,0.695841644384
1.0,1.0,1.0
1.0,1.0,0.983461591607
1.0,0.0,0.131592165574
1.0,1.0,0.999999610264
1.0,1.0,0.871676098348
1.0,0.0,0.0889288197478
1.0,0.0,9.52271818139e-05
1.0,0.0,0.00295430546601
1.0,0.0,0.0465187520178
1.0,1.0,0.818970696265
1.0,0.0,0.294314515072
1.0,1.0,0.969049929167
1.0,1.0,0.999983267881
1.0,1.0,0.980812221874
1.0,1.0,0.936088188599
1.0,1.0,0.993142252169
1.0,1.0,0.993457488133
1.0,0.0,0.000204881808004
1.0,1.0,0.996817852878
1.0,1.0,0.99346499224
1.0,0.0,0.122845573275
1.0,1.0,0.781896354711
1.0,0.0,0.47559383274
1.0,1.0,0.980820817712
1.0,0.0,0.0893440849868
1.0,0.0,0.0219388339299
1.0,0.0,0.00141589244258
1.0,0.0,0.433371964661
1.0,1.0,0.983954589176
1.0,1.0,0.706089526827
1.0,0.0,0.033031082507
1.0,1.0,0.999352401819
1.0,1.0,0.920813007873
1.0,1.0,0.999981228131
1.0,0.0,0.00329837823805
1.0,0.0,0.318620637785
1.0,0.0,0.00447083766755
1.0,0.0,0.0158891347655
1.0,0.0,0.000353901764641
1.0,1.0,0.98885337509
1.0,1.0,0.999998453136
1.0,0.0,0.00267435937075
1.0,0.0,0.00176643773178
1.0,0.0,0.0861273046101
1.0,0.0,0.384773209625
1.0,1.0,0.962681440371
1.0,1.0,0.998792476247
1.0,1.0,0.902518092902
1.0,1.0,0.99943858547
1.0,1.0,0.547147496935
1.0,0.0,0.00594505864375
1.0,0.0,0.00727040381387
1.0,1.0,0.988699249198
1.0,1.0,0.997789750236
1.0,1.0,0.87325423115
1.0,0.0,0.343259893917
1.0,1.0,0.992012793448
1.0,0.0,3.2965534695e-05
1.0,0.0,0.000348102287884
1.0,0.0,0.356910219744
1.0,1.0,0.98649240352
1.0,1.0,0.989510571676
1.0,1.0,0.944796688738
1.0,0.0,0.221679029831
1.0,1.0,0.999999954815
1.0,0.0,0.0354194931385
1.0,0.0,0.157441855799
1.0,0.0,0.0038459136292
1.0,1.0,0.999999992767
1.0,1.0,0.974425758191
1.0,1.0,0.999979972689
1.0,1.0,0.999999638367
1.0,0.0,0.000815692334286
1.0,0.0,0.0500350037219
1.0,0.0,0.000824785123776
1.0,0.0,0.00221618370008
1.0,0.0,0.0191454548465
1.0,0.0,0.0024773202422
1.0,0.0,0.00235962897233
1.0,1.0,0.577204835355
1.0,1.0,0.999732174215
1.0,1.0,1.0
1.0,1.0,0.999098061023
1.0,0.0,0.0695837626098
1.0,0.0,0.00502851446813
1.0,0.0,0.0143620178946
1.0,0.0,0.000326476381304
1.0,0.0,0.00612227076269
1.0,0.0,0.0283380358679
1.0,1.0,0.959290827359
1.0,1.0,0.999999165614
1.0,0.0,0.00278005398481
1.0,1.0,0.999999986455
1.0,0.0,0.0283556031368
1.0,0.0,7.10167995691e-05
1.0,1.0,0.999986097537
1.0,0.0,0.0179080846409
1.0,1.0,0.806529945854
1.0,0.0,0.0667733378256
1.0,0.0,0.0022364033547
1.0,1.0,0.999999999994
1.0,1.0,0.999326380903
1.0,0.0,0.0034309322272
1.0,1.0,0.767190038139
1.0,0.0,0.338465407545
1.0,0.0,0.000514495015283
1.0,1.0,0.997166725879
1.0,1.0,0.998400064309
1.0,0.0,4.93833281444e-05
1.0,0.0,0.000117331496485
1.0,0.0,0.466672275281
1.0,0.0,0.213947856524
1.0,0.0,0.067302173069
1.0,0.0,0.0266028223024
1.0,0.0,0.0519481871158
1.0,0.0,0.00256584637789
1.0,0.0,0.338974361566
1.0,0.0,0.00112977936173
1.0,0.0,0.0326871519373
1.0,0.0,0.0409546922154
1.0,0.0,0.0224553585403
1.0,1.0,0.804981526186
1.0,0.0,0.0566255589454
1.0,0.0,0.0578040860101
1.0,0.0,0.00985717626223
1.0,1.0,0.532167161152
1.0,0.0,0.021141352565
1.0,0.0,0.251707733427
1.0,0.0,0.377541439488
1.0,0.0,0.0263960500962
1.0,0.0,0.108833870112
1.0,0.0,0.00877873450137
1.0,0.0,0.0363952833755
1.0,0.0,0.0229397879472
1.0,0.0,7.91926752437e-05
1.0,1.0,0.999999993564
1.0,1.0,0.999876125037
1.0,0.0,0.298731259708
1.0,0.0,0.34444862061
1.0,0.0,0.000884992464082
1.0,0.0,0.0210173680507
1.0,1.0,0.98233604481
1.0,0.0,0.278069436545
1.0,0.0,0.096796637262
1.0,1.0,0.999999995332
1.0,0.0,0.00341725001056
1.0,1.0,0.579676311814
1.0,0.0,0.00369632780331
1.0,0.0,0.170357938612
1.0,0.0,0.236417313268
1.0,0.0,0.00173679370613
1.0,1.0,0.999999939609
1.0,1.0,0.928708356775
1.0,0.0,0.423906598965
1.0,1.0,0.999999998141
1.0,0.0,0.429426626298
1.0,0.0,0.264278238439
1.0,1.0,0.985463885376
1.0,0.0,0.000304248626679
1.0,0.0,0.0156459535074
1.0,1.0,0.919466488765
1.0,1.0,0.974689565707
1.0,0.0,0.0268241707725
1.0,1.0,0.654836165163
1.0,1.0,0.999823066293
1.0,1.0,0.999545838749
1.0,1.0,0.921882403681
1.0,1.0,0.997840582704
1.0,1.0,0.690335689849
1.0,0.0,0.147107912904
1.0,0.0,0.0812998208735
1.0,1.0,0.999931904074
1.0,0.0,0.292005515007
1.0,0.0,0.438706532321
1.0,0.0,0.042208794461
1.0,0.0,0.0241489332491
1.0,0.0,0.127515361007
1.0,1.0,0.992839358398
1.0,1.0,0.934297866812
1.0,1.0,0.999868015928
1.0,1.0,0.971125264261
1.0,1.0,0.999999949615
1.0,1.0,0.945624591387
1.0,0.0,0.492890251897
1.0,0.0,0.116189680962
1.0,0.0,0.015854363669
1.0,1.0,0.999999989469
1.0,0.0,0.0508347800009
1.0,0.0,0.410211453379
1.0,1.0,0.906074755779
1.0,0.0,0.00108190309748
1.0,0.0,0.00131658060324
1.0,0.0,4.6040139952e-05
1.0,0.0,0.000616425438424
1.0,0.0,0.00377414158321
1.0,1.0,0.707237174603
1.0,1.0,1.0
1.0,1.0,0.999970489418
1.0,0.0,0.0926272166141
1.0,1.0,0.982868675972
1.0,0.0,0.0206563198463
1.0,0.0,0.00282369018967
1.0,1.0,0.999999640735
1.0,0.0,0.00588185489589
1.0,1.0,0.660074949662
1.0,1.0,0.863652511919
1.0,1.0,0.999974896015
1.0,0.0,0.0172457345198
1.0,0.0,1.44692972002e-05
1.0,0.0,0.000808956480389
1.0,1.0,0.752266098815
1.0,0.0,0.000617164678055
1.0,0.0,0.0682067305536
1.0,1.0,0.999572845657
1.0,0.0,0.000438762746476
1.0,0.0,0.000646126296573
1.0,1.0,0.999986217542
1.0,1.0,0.917164735637
1.0,0.0,0.153160366249
1.0,1.0,0.999011585485
1.0,0.0,0.0188207037694
1.0,0.0,0.0915539254627
1.0,0.0,0.0481515566483
1.0,1.0,0.997442752109
1.0,0.0,0.00169378234091
1.0,0.0,9.17464368426e-06
1.0,1.0,0.999999829146
1.0,0.0,0.000165676589249
1.0,1.0,0.953441611033
1.0,0.0,0.000662243404764
1.0,0.0,0.00667003144665
1.0,0.0,0.000666575913213
1.0,1.0,0.999976416805
1.0,1.0,0.659520908217
1.0,0.0,0.00900516605262
1.0,0.0,0.013469182522
1.0,1.0,0.896821390057
1.0,0.0,0.00713316537674
1.0,0.0,0.00449637987731
1.0,1.0,0.872617044335
1.0,0.0,0.0781119575425
1.0,1.0,1.0
1.0,1.0,0.999999936921
1.0,1.0,0.936266264802
1.0,0.0,0.00949558400621
1.0,1.0,0.851429867511
1.0,1.0,0.625978651293
1.0,1.0,0.615771045041
1.0,0.0,0.00200365146498
1.0,0.0,0.0348006652558
1.0,1.0,0.999999997166
1.0,0.0,0.160229044949
1.0,0.0,0.176469241937
1.0,1.0,0.999166758447
1.0,0.0,0.0736234123695
1.0,1.0,0.927285593863
1.0,0.0,0.000203662005075
1.0,1.0,0.998835419714
1.0,0.0,0.00256997182619
1.0,0.0,0.00128133726228
1.0,1.0,0.825337652277
1.0,0.0,0.181612908189
1.0,1.0,0.951203373238
1.0,0.0,0.357872451803
1.0,1.0,0.950854974158
1.0,0.0,0.227348027408
1.0,1.0,0.693252843996
1.0,1.0,0.908990040339
1.0,1.0,0.995446935239
1.0,0.0,0.00020796515971
1.0,1.0,0.999999710088
1.0,0.0,0.445802066626
1.0,1.0,0.999999880419
1.0,1.0,0.999999999889
1.0,1.0,0.999989579771
1.0,1.0,0.991745972365
1.0,0.0,0.0110205099666
1.0,0.0,0.30107421719
1.0,0.0,0.282948451025
1.0,1.0,0.925567418998
1.0,0.0,0.0500963584557
1.0,1.0,0.529948556448
1.0,0.0,0.340742611126
1.0,1.0,0.999327951513
1.0,0.0,0.00466946664513
1.0,0.0,0.189490039468
1.0,1.0,0.97911892394
1.0,1.0,0.999999996811
1.0,0.0,0.0121627812963
1.0,1.0,1.0
1.0,1.0,0.999996478324
1.0,0.0,0.213851712133
1.0,0.0,0.000127635791714
1.0,1.0,1.0
1.0,0.0,0.00020002775985
1.0,0.0,0.000137085539106
1.0,0.0,0.333546503354
1.0,1.0,1.0
1.0,1.0,0.954020080899
1.0,1.0,0.999933304783
1.0,0.0,0.000907059380754
1.0,0.0,0.00311687167617
1.0,1.0,0.99195570697
1.0,1.0,0.999992534029
1.0,1.0,0.999999364145
1.0,1.0,0.999485191578
1.0,1.0,0.999773107439
1.0,1.0,0.639022675321
1.0,0.0,0.0153258873513
1.0,0.0,0.279649609082
1.0,1.0,0.81406174994
1.0,0.0,0.286348500599
1.0,0.0,0.200734832249
1.0,0.0,0.0136578205352
1.0,1.0,0.507207627135
1.0,0.0,0.199944240721
1.0,0.0,0.000518580051264
1.0,0.0,0.41905028216
1.0,1.0,0.997797929851
1.0,1.0,0.999997341546
1.0,0.0,0.194734033082
1.0,0.0,0.00120560955601
1.0,0.0,3.53904215861e-05
1.0,0.0,0.0254214071359
1.0,1.0,0.999611395021
1.0,0.0,0.00716564386273
1.0,0.0,0.000857859074169
1.0,0.0,0.00129628887955
1.0,1.0,0.967486091897
1.0,0.0,3.78760469511e-06
1.0,0.0,0.000341360669071
1.0,0.0,0.00666847165559
1.0,0.0,0.000216415597321
1.0,0.0,0.0890509168421
1.0,0.0,0.00607949741202
1.0,0.0,0.105718169944
1.0,0.0,0.0184144593743
1.0,0.0,0.000627239910575
1.0,1.0,0.999999858583
1.0,1.0,0.96279521914
1.0,0.0,0.00623440404267
1.0,1.0,0.999726182689
1.0,1.0,0.999999998323
1.0,0.0,0.0812150860483
1.0,0.0,0.00147389789715
1.0,0.0,0.0348662469079
1.0,1.0,0.603866305818
1.0,1.0,0.962343487438
1.0,1.0,0.73928354285
1.0,1.0,0.999999999996
1.0,0.0,0.0130969488407
1.0,0.0,0.00305591865333
1.0,1.0,0.99705711321
1.0,0.0,0.0335669540616
1.0,0.0,0.0160323760627
1.0,1.0,0.999984890646
1.0,1.0,0.881375843565
1.0,0.0,0.00143552653906
1.0,1.0,0.562495305367
1.0,1.0,0.991205759836
1.0,1.0,0.910013202757
1.0,0.0,0.108632988584
1.0,1.0,0.99832370219
1.0,0.0,0.250971994135
1.0,0.0,0.00345035797434
1.0,1.0,0.999467263715
1.0,0.0,0.00143100556937
1.0,0.0,0.213984812472
1.0,0.0,0.140766856352
1.0,1.0,0.983681176768
1.0,0.0,0.00603862342353
1.0,0.0,0.0844813237799
1.0,1.0,0.999142735149
1.0,0.0,0.00411559128214
1.0,1.0,0.99999849632
1.0,1.0,0.999191334413
1.0,1.0,0.989469411617
1.0,0.0,0.410383828543
1.0,1.0,1.0
1.0,1.0,0.998191513126
1.0,0.0,0.415259913249
1.0,0.0,0.0152746546404
1.0,0.0,0.233952089736
1.0,0.0,0.0191704033231
1.0,1.0,0.947527748023
1.0,1.0,0.84734318197
1.0,1.0,0.945035389314
1.0,1.0,0.9909420453
1.0,1.0,0.544807575501
1.0,0.0,0.181651765907
1.0,0.0,0.00496530008321
1.0,0.0,0.00429898651593
1.0,1.0,0.974782851238
1.0,1.0,0.999985114397
1.0,0.0,0.337540776152
1.0,1.0,0.999928025847
1.0,0.0,0.00349743522424
1.0,1.0,0.985126847356
1.0,1.0,0.980689733009
1.0,1.0,0.99999998427
1.0,0.0,0.170600693414
1.0,1.0,0.999973957299
1.0,1.0,0.906966963374
1.0,0.0,0.0013157287923
1.0,0.0,0.201510017302
1.0,0.0,0.00920560985534
1.0,0.0,0.000168832461891
1.0,0.0,0.00477498229019
1.0,0.0,0.00876138005647
1.0,0.0,1.8098168378e-06
1.0,1.0,0.971589802374
1.0,1.0,0.999963160559
1.0,0.0,0.376329713154
1.0,0.0,0.00569386432043
1.0,0.0,0.0312401556211
1.0,1.0,0.884127263926
1.0,0.0,0.180199659121
1.0,1.0,0.999995535202
1.0,1.0,0.577153153978
1.0,0.0,0.199005087452
1.0,1.0,0.927570463052
1.0,0.0,0.00102956982013
1.0,1.0,0.999846257892
1.0,0.0,0.0154552143722
1.0,0.0,0.00202400974374
1.0,1.0,0.999999999998
1.0,0.0,0.0339754964689
1.0,1.0,0.99137282884
1.0,0.0,0.000128866696899
1.0,1.0,0.997583678188
1.0,1.0,0.998868347695
1.0,1.0,0.966502772539
1.0,0.0,0.000809744218802
1.0,1.0,0.772199286214
1.0,1.0,0.996833782586
1.0,0.0,0.0312920266828
1.0,1.0,0.996062830759
1.0,0.0,0.00229218190775
1.0,0.0,0.0218082751654
1.0,1.0,0.775061698724
1.0,1.0,0.958771382298
1.0,0.0,0.0114907715829
1.0,1.0,0.999869609323
1.0,1.0,0.999209640814
1.0,0.0,7.03986821553e-06
1.0,0.0,0.0221507165031
1.0,1.0,0.951244000048
1.0,1.0,0.83451254019
1.0,0.0,0.0067429630661
1.0,1.0,0.999925234649
1.0,0.0,5.58557526626e-06
1.0,0.0,0.0409652146942
1.0,0.0,0.00400143013826
1.0,0.0,0.0578161725883
1.0,1.0,0.74209958512
1.0,1.0,0.99941863742
1.0,1.0,0.993421949966
1.0,0.0,0.0250891386296
1.0,1.0,0.995853258874
1.0,0.0,0.405683330727
1.0,0.0,0.161094992768
1.0,1.0,0.996737028038
1.0,0.0,0.000569336794052
1.0,1.0,0.929763431267
1.0,1.0,0.999987258125
1.0,0.0,0.420958439716
1.0,1.0,0.999999999383
1.0,1.0,0.999792485323
1.0,1.0,0.999887638176
1.0,0.0,0.000179115068437
1.0,0.0,0.00032473316777
1.0,0.0,0.199318697646
1.0,1.0,0.999870115342
1.0,1.0,0.989699053337
1.0,1.0,0.77929043675
1.0,0.0,0.159688988242
1.0,0.0,0.00160233002429
1.0,0.0,0.0886915700939
1.0,0.0,0.0141761193081
1.0,1.0,1.0
1.0,1.0,0.999092311841
1.0,1.0,0.999999999997
1.0,0.0,0.0324381985148
1.0,1.0,0.853615501618
1.0,1.0,0.568149065262
1.0,0.0,0.000458869457628
1.0,1.0,0.99531326837
1.0,1.0,0.999998095533
1.0,1.0,0.998400910317
1.0,0.0,0.370944448637
1.0,1.0,0.999832803983
1.0,1.0,0.996442691982
1.0,0.0,0.129145013502
1.0,1.0,0.898329047838
1.0,0.0,0.0126499031404
1.0,1.0,0.998081050398
1.0,1.0,0.605169439813
1.0,1.0,0.999998992786
1.0,1.0,0.998225982101
1.0,0.0,0.0097195920537
1.0,0.0,0.496453728416
1.0,1.0,0.877660560083
1.0,1.0,0.999999999906
1.0,1.0,0.999999930016
1.0,0.0,4.20453130418e-06
1.0,1.0,0.998964817245
1.0,0.0,0.00359863209514
1.0,1.0,0.554175846095
1.0,0.0,0.0103494495495
1.0,0.0,0.110821394497
1.0,1.0,0.999789143732
1.0,0.0,0.425364750329
1.0,0.0,0.0474506994567
1.0,1.0,0.99999963656
1.0,1.0,0.999999985505
1.0,1.0,0.999998732233
1.0,1.0,0.99863295994
1.0,0.0,0.101795121847
1.0,1.0,0.952436086386
1.0,1.0,0.999998279925
1.0,1.0,0.940046558008
1.0,1.0,0.999998892877
1.0,0.0,0.166064243463
1.0,0.0,0.16645245767
1.0,0.0,0.247430250272
1.0,0.0,0.0180644153458
1.0,0.0,0.375803335873
1.0,1.0,0.97176099444
1.0,1.0,0.977511154016
1.0,1.0,1.0
1.0,1.0,0.999999998202
1.0,1.0,0.748693268513
1.0,1.0,0.995405146303
1.0,0.0,3.82183974816e-06
1.0,1.0,0.998529713719
1.0,1.0,0.999999952837
1.0,1.0,0.672955811396
1.0,0.0,0.112370027657
1.0,1.0,0.572883332018
1.0,1.0,1.0
1.0,1.0,0.999999930454
1.0,1.0,0.773111842874
1.0,1.0,0.93151207171
1.0,1.0,0.999999998948
1.0,1.0,0.994226564728
1.0,1.0,0.990474086554
1.0,0.0,0.311755363225
1.0,0.0,0.00301432544226
1.0,1.0,0.988776035617
1.0,1.0,0.727952158619
1.0,1.0,0.983301327255
1.0,0.0,0.140069565486
1.0,1.0,0.985546222189
1.0,1.0,0.999429728899
1.0,0.0,0.184877209389
1.0,0.0,0.00495294843372
1.0,1.0,0.998872954527
1.0,1.0,0.999999999923
1.0,1.0,0.997476746626
1.0,1.0,0.995384110525
1.0,0.0,0.0442373653268
1.0,1.0,0.999999999996
1.0,1.0,0.999866128792
1.0,1.0,0.999990539644
1.0,1.0,0.993397476134
1.0,1.0,0.569124287392
1.0,0.0,0.0308229496484
1.0,1.0,0.917040560336
1.0,0.0,0.0126497632686
1.0,1.0,0.555656165523
1.0,1.0,0.999999996188
1.0,1.0,0.938914794026
1.0,0.0,0.102176688481
1.0,1.0,0.999999997733
1.0,0.0,0.0423630843538
1.0,1.0,1.0
1.0,0.0,0.258191660852
1.0,0.0,0.39048843365
1.0,1.0,0.999994015186
1.0,0.0,0.000748760309717
1.0,1.0,0.999999835549
1.0,1.0,0.992058362367
1.0,1.0,0.995251912634
1.0,0.0,8.814723247e-05
1.0,0.0,0.00251330691547
1.0,0.0,0.0242603161851
1.0,0.0,0.0285860397849
1.0,0.0,0.0438051615594
1.0,0.0,0.481707900569
1.0,0.0,0.00474045337711
1.0,1.0,0.76886429491
1.0,1.0,0.992670357835
1.0,0.0,0.000767823287956
1.0,1.0,0.999791246318
1.0,0.0,0.000368391707534
1.0,0.0,0.0111609645253
1.0,0.0,0.0581866970485
1.0,1.0,0.998828736155
1.0,0.0,0.0274807587569
1.0,1.0,0.991729231192
1.0,1.0,0.999992982456
1.0,0.0,5.38613551356e-06
1.0,0.0,0.109002761934
1.0,1.0,0.999999965824
1.0,0.0,0.110130333798
1.0,0.0,0.0197655219664
1.0,1.0,0.997033468
1.0,0.0,0.018086004908
1.0,0.0,0.0444058100795
1.0,1.0,0.999999999993
1.0,1.0,0.938961198974
1.0,0.0,0.00179748238261
1.0,0.0,0.0805361183032
1.0,0.0,0.00133467543905
1.0,1.0,0.972688641764
1.0,1.0,0.899147731124
1.0,1.0,0.765301030552
1.0,0.0,0.0640998686309
1.0,1.0,0.999999996455
1.0,0.0,0.00123544147649
1.0,1.0,0.999952410385
1.0,0.0,0.0229675410718
1.0,1.0,0.999999764962
1.0,1.0,0.741308317172
1.0,1.0,0.939849428084
1.0,1.0,0.990674471392
1.0,1.0,0.999999647908
1.0,1.0,0.580249025728
1.0,1.0,1.0
1.0,1.0,0.993971341577
1.0,0.0,1.75973186349e-05
1.0,1.0,0.966564871325
1.0,1.0,0.999999999856
1.0,1.0,0.998762288598
1.0,1.0,0.923268842337
1.0,0.0,0.0199191359353
1.0,1.0,0.929265624774
1.0,0.0,0.237196962744
1.0,0.0,0.00111929035191
1.0,1.0,1.0
1.0,1.0,1.0
1.0,0.0,0.164110627656
1.0,0.0,0.00785811659264
1.0,0.0,0.159677250736
1.0,0.0,0.0114747272784
1.0,1.0,0.999442953658
1.0,1.0,0.943374953681
1.0,0.0,1.6302284513e-05
1.0,1.0,0.911500708031
1.0,1.0,0.999896350425
1.0,1.0,0.7981887833
1.0,0.0,0.0117743666111
1.0,0.0,0.00468964987731
1.0,1.0,0.985713955182
1.0,1.0,0.997335741099
1.0,1.0,0.999998135813
1.0,1.0,0.999827576606
1.0,1.0,0.791368775755
1.0,1.0,0.867379804681
1.0,1.0,0.590134866723
1.0,0.0,0.0621948902566
1.0,1.0,0.999999466782
1.0,0.0,0.00296846725191
1.0,0.0,1.84731961739e-05
1.0,1.0,0.999999999975
1.0,1.0,0.523651110268
1.0,1.0,0.504815767911
1.0,0.0,0.184007183923
1.0,1.0,0.985604858732
1.0,0.0,0.00030286122406
1.0,1.0,0.913016673866
1.0,0.0,0.27929318948
1.0,0.0,0.00875126279533
1.0,0.0,0.00430566349211
1.0,0.0,0.000112716389506
1.0,1.0,0.980663425357
1.0,0.0,9.31017705976e-05
1.0,0.0,3.05750098617e-05
1.0,0.0,0.16084850264
1.0,0.0,0.0003382328711
1.0,0.0,0.0193411212752
1.0,0.0,0.0100964968
1.0,0.0,0.000112803772472
1.0,0.0,2.34421814474e-06
1.0,0.0,0.0346960832846
1.0,1.0,0.964280766404
1.0,0.0,0.482707696361
1.0,1.0,0.92069746149
1.0,1.0,0.998778551528
1.0,1.0,0.543579566659
1.0,0.0,0.000929056213119
1.0,0.0,0.008161996227
1.0,0.0,0.000613505963935
1.0,1.0,0.929762189622
1.0,1.0,0.710122204126
1.0,0.0,0.228733497238
1.0,0.0,0.000778068410603
1.0,1.0,0.999728866282
1.0,0.0,0.293956754079
1.0,0.0,0.0806260551461
1.0,0.0,0.350892077083
1.0,1.0,0.970054984586
1.0,0.0,0.240034891049
1.0,0.0,0.00913579324365
1.0,0.0,0.0169598801125
1.0,1.0,0.65327610411
1.0,1.0,0.98364394563
1.0,0.0,0.023139888345
1.0,0.0,0.408533084569
1.0,1.0,0.99999989399
1.0,1.0,0.999759402249
1.0,1.0,0.996670420837
1.0,1.0,0.817281248497
1.0,0.0,0.442219915719
1.0,1.0,0.98211405326
1.0,1.0,0.944543702555
1.0,0.0,0.000414675974033
1.0,1.0,0.950855958391
1.0,1.0,1.0
1.0,0.0,1.8345976728e-07
1.0,1.0,0.998512706003
1.0,0.0,0.460169588646
1.0,0.0,0.00333173857582
1.0,1.0,0.997247567689
1.0,1.0,1.0
1.0,1.0,0.994713447894
1.0,0.0,0.0251219528157
1.0,1.0,0.90485848204
1.0,0.0,3.80271338572e-05
1.0,0.0,4.15890194613e-05
1.0,1.0,0.938826447225
1.0,1.0,0.970387931618
1.0,1.0,0.999995791173
1.0,1.0,0.950644978843
1.0,0.0,0.006993842031
1.0,1.0,0.999354549324
1.0,0.0,2.91091912187e-05
1.0,1.0,0.999978276906
1.0,1.0,0.506080421212
1.0,1.0,0.970999148492
1.0,1.0,0.977074419344
1.0,0.0,0.189431756162
1.0,0.0,2.57662787741e-05
1.0,1.0,0.967437904587
1.0,0.0,0.0157416446091
1.0,1.0,0.831931998551
1.0,1.0,0.999419906975
1.0,1.0,0.83431470623
1.0,1.0,0.928163184943
1.0,0.0,0.0430978123063
1.0,1.0,0.99915055113
1.0,0.0,0.0224087402783
1.0,1.0,0.966755280093
1.0,1.0,0.999891727514
1.0,1.0,0.999978349388
1.0,0.0,0.000331956746177
1.0,0.0,0.260140387521
1.0,0.0,0.000796090815388
1.0,0.0,0.0709536927533
1.0,1.0,0.994107802325
1.0,1.0,0.99999872562
1.0,0.0,0.000321747681842
1.0,1.0,0.960946745568
1.0,1.0,0.999999922195
1.0,0.0,0.118293923189
1.0,0.0,0.000469457542848
1.0,1.0,0.954853234777
1.0,1.0,0.993681898292
1.0,1.0,0.999950316663
1.0,0.0,0.000731131329132
1.0,1.0,0.999966896473
1.0,0.0,0.0295076964598
1.0,0.0,0.174226483745
1.0,0.0,0.397012842045
0.0,0.0,0.409693328558
0.0,0.0,0.233156249084
0.0,1.0,0.545987570814
0.0,1.0,0.792536407235
0.0,0.0,2.2679385326e-05
0.0,1.0,0.851242706472
0.0,1.0,0.954783406027
0.0,0.0,0.00422220905147
0.0,0.0,0.00184950397211
0.0,0.0,0.161785443694
0.0,0.0,0.0601525225356
0.0,0.0,0.0532784557312
0.0,0.0,0.0243714655834
0.0,0.0,0.00136009343458
0.0,0.0,0.0499426506133
0.0,0.0,0.00861066085236
0.0,1.0,0.982848880773
0.0,1.0,0.919045545911
0.0,0.0,0.00421261437406
0.0,1.0,0.808264862564
0.0,0.0,0.0994300677536
0.0,0.0,0.0553630921378
0.0,0.0,0.00236614056232
0.0,0.0,0.0304520405191
0.0,0.0,0.000341366598705
0.0,0.0,0.00760861340815
0.0,1.0,0.952302579779
0.0,0.0,0.000170553158398
0.0,0.0,0.00127585232978
0.0,1.0,0.923033321402
0.0,1.0,0.970217070634
0.0,0.0,0.0445681748898
0.0,0.0,0.00807828663965
0.0,0.0,0.000774615839253
0.0,0.0,0.000184048564049
0.0,0.0,0.0706844950449
0.0,0.0,0.00296556549395
0.0,0.0,0.0521125938509
0.0,0.0,0.061114290162
0.0,1.0,0.535594634445
0.0,1.0,0.8951723493
0.0,0.0,0.00403212217171
0.0,0.0,4.86272428865e-05
0.0,0.0,0.0820245058514
0.0,1.0,0.711711798168
0.0,0.0,0.00373490718432
0.0,1.0,0.699541542996
0.0,1.0,0.999999946369
0.0,0.0,0.0121059149691
0.0,1.0,0.994176245641
0.0,1.0,0.574569917609
0.0,0.0,0.216865693128
0.0,0.0,0.133968670725
0.0,0.0,0.00546275185309
0.0,0.0,0.00275392084221
0.0,1.0,0.989921405039
0.0,1.0,0.977892105908
0.0,0.0,6.14444124819e-05
0.0,0.0,0.148257443186
0.0,1.0,0.999029744885
0.0,0.0,9.21180219367e-06
0.0,0.0,0.00150298891029
0.0,0.0,0.0116937390455
0.0,0.0,0.00955922661915
0.0,0.0,2.68885127676e-05
0.0,0.0,0.012444236179
0.0,0.0,0.000966776005113
0.0,0.0,0.0285436119863
0.0,0.0,0.00334863710287
0.0,1.0,0.563046807662
0.0,0.0,0.258934896996
0.0,0.0,0.0486511503618
0.0,0.0,0.0684262813594
0.0,0.0,0.233510947779
0.0,1.0,0.829388667254
0.0,0.0,0.00025460700192
0.0,1.0,0.979013957037
0.0,0.0,0.000944727514255
0.0,1.0,0.589409192842
0.0,1.0,0.994148954049
0.0,1.0,0.813059309055
0.0,1.0,0.746676164424
0.0,0.0,1.50479895628e-05
0.0,0.0,3.60237083033e-05
0.0,0.0,0.00881725015424
0.0,0.0,0.246463161647
0.0,0.0,0.00617079622006
0.0,1.0,0.821884674781
0.0,0.0,0.00301735651832
0.0,0.0,0.135055198839
0.0,0.0,0.0345039521356
0.0,0.0,0.013808411068
0.0,0.0,0.00266618613654
0.0,0.0,0.00210658812536
0.0,0.0,3.0905334641e-05
0.0,1.0,0.915104958139
0.0,0.0,0.100428579637
0.0,0.0,0.00636644304235
0.0,0.0,0.0172515057577
0.0,0.0,0.149354976425
0.0,0.0,0.0915793549703
0.0,0.0,0.00670018522244
0.0,0.0,0.0145261281687
0.0,0.0,0.0956629757826
0.0,0.0,0.0110134820663
0.0,0.0,0.000100477840784
0.0,1.0,0.996421443224
0.0,0.0,0.0864978078672
0.0,1.0,0.997888915579
0.0,0.0,0.455700411742
0.0,0.0,0.011612412457
0.0,0.0,0.32439513489
0.0,0.0,0.00625730925661
0.0,0.0,0.000815719596374
0.0,0.0,0.000102313750844
0.0,1.0,0.9029999755
0.0,0.0,0.0486692610997
0.0,0.0,0.0333479349838
0.0,1.0,0.511434822117
0.0,0.0,2.19603027552e-05
0.0,0.0,0.00278466755792
0.0,0.0,0.00167839693397
0.0,1.0,0.778466045433
0.0,0.0,0.00171392190223
0.0,1.0,0.766405571267
0.0,0.0,0.101998273774
0.0,1.0,0.573498378145
0.0,0.0,1.57602364601e-05
0.0,1.0,0.999999827072
0.0,1.0,0.990375005555
0.0,0.0,0.0218539017237
0.0,0.0,0.0241079843813
0.0,0.0,0.0082037074895
0.0,0.0,0.322548219161
0.0,0.0,0.413515411407
0.0,0.0,0.00224398097943
0.0,0.0,0.0339385796716
0.0,0.0,0.00138315895152
0.0,0.0,0.110221253476
0.0,0.0,0.110761668631
0.0,0.0,0.308669635411
0.0,0.0,0.0886599962923
0.0,0.0,0.000577916462402
0.0,0.0,0.0011051860581
0.0,0.0,0.00139043569938
0.0,1.0,0.999999999764
0.0,1.0,0.949202492829
0.0,0.0,0.0499509393398
0.0,1.0,0.659118574139
0.0,0.0,0.000195974809722
0.0,0.0,0.0155796287068
0.0,0.0,0.000333578882491
0.0,0.0,0.0144547472979
0.0,1.0,0.975333880548
0.0,0.0,0.107154654415
0.0,0.0,0.0458983171795
0.0,0.0,0.00216782600282
0.0,0.0,0.0087562584451
0.0,0.0,0.0752669950536
0.0,0.0,0.000136517365467
0.0,1.0,0.950720465304
0.0,0.0,5.78284926663e-05
0.0,1.0,0.99999726876
0.0,1.0,0.999919482158
0.0,1.0,0.94240756294
0.0,0.0,0.259804662699
0.0,0.0,0.177399225954
0.0,0.0,0.139197181615
0.0,1.0,0.925448532592
0.0,1.0,0.703429287737
0.0,0.0,0.00239608591007
0.0,0.0,0.134837121797
0.0,0.0,0.000937609166513
0.0,0.0,0.0798401180241
0.0,0.0,0.000386292240055
0.0,0.0,0.0225904447608
0.0,0.0,0.468898359403
0.0,1.0,0.895985975863
0.0,0.0,0.175999284111
0.0,1.0,0.999187663353
0.0,0.0,0.00523136762525
0.0,1.0,0.991235016056
0.0,1.0,0.999998865898
0.0,0.0,0.34114202805
0.0,0.0,0.202490264038
0.0,0.0,0.00270606216541
0.0,0.0,0.000573531479765
0.0,1.0,0.528270696712
0.0,1.0,0.999994530045
0.0,1.0,0.990805205474
0.0,0.0,0.479851815885
0.0,1.0,0.772868904909
0.0,1.0,0.992212650288
0.0,0.0,0.0860157725852
0.0,1.0,0.97879582653
0.0,0.0,0.469943450425
0.0,1.0,0.995846502953
0.0,1.0,0.991977238114
0.0,0.0,0.166210459508
0.0,0.0,0.0949533514875
0.0,0.0,0.00266422968993
0.0,0.0,0.167924975805
0.0,1.0,0.950334923987
0.0,1.0,0.520175356702
0.0,0.0,0.0822366778993
0.0,1.0,0.956192304005
0.0,1.0,0.987616637812
0.0,0.0,0.0242572663695
0.0,0.0,0.00139657731988
0.0,0.0,0.0970239238742
0.0,0.0,0.00914537571938
0.0,1.0,0.827027962485
0.0,0.0,0.0893746883806
0.0,0.0,0.00163043425107
0.0,0.0,1.05557939198e-06
0.0,1.0,0.537410892707
0.0,0.0,0.0953299449713
0.0,0.0,0.000263079848809
0.0,0.0,0.00642610709909
0.0,1.0,0.945277552505
0.0,1.0,0.787255910387
0.0,0.0,6.82481973564e-05
0.0,1.0,0.995090355745
0.0,1.0,0.544803443193
0.0,0.0,0.00943440376851
0.0,0.0,9.54519670684e-08
0.0,0.0,0.000138030468765
0.0,0.0,0.00391740408218
0.0,0.0,0.000504371773064
0.0,1.0,0.92010785041
0.0,0.0,0.0176755813656
0.0,0.0,0.0034957438201
0.0,0.0,0.000462595795882
0.0,0.0,0.00526407946024
0.0,1.0,0.511757866646
0.0,0.0,0.000961140028813
0.0,0.0,0.366107350924
0.0,1.0,0.831908521177
0.0,0.0,3.42301583824e-05
0.0,0.0,0.0936276471487
0.0,0.0,0.123315693825
0.0,1.0,0.999966192865
0.0,1.0,0.984426269984
0.0,0.0,3.51217973454e-05
0.0,1.0,0.711627024544
0.0,0.0,0.152069861627
0.0,1.0,0.952809011029
0.0,0.0,0.00228514685027
0.0,1.0,0.999981990678
0.0,0.0,0.00612251939449
0.0,0.0,0.000429240675388
0.0,1.0,0.590683505946
0.0,0.0,0.0150777326212
0.0,0.0,0.000751541711889
0.0,0.0,0.192905987172
0.0,0.0,0.00321153302603
0.0,0.0,0.075074669521
0.0,1.0,0.529673181638
0.0,1.0,0.979957960435
0.0,0.0,0.000671553715241
0.0,1.0,0.989574771644
0.0,0.0,6.85307585458e-05
0.0,0.0,0.00250165575944
0.0,0.0,0.00021136212049
0.0,1.0,0.77382682076
0.0,0.0,0.0108747757592
0.0,1.0,0.996618725087
0.0,0.0,0.0205165914562
0.0,0.0,0.312471719984
0.0,0.0,0.0514319679661
0.0,0.0,0.000334011093565
0.0,1.0,0.543930014406
0.0,0.0,0.0121809089076
0.0,0.0,0.222073136277
0.0,0.0,0.0163258597486
0.0,0.0,0.000783419921455
0.0,0.0,0.00908007308866
0.0,0.0,0.00575601271802
0.0,0.0,0.262283780076
0.0,0.0,0.0130663603641
0.0,1.0,0.999966311394
0.0,1.0,0.999839694875
0.0,0.0,0.325287637995
0.0,1.0,0.591604624361
0.0,1.0,0.949690382733
0.0,0.0,0.000215017575205
0.0,1.0,0.999934683828
0.0,1.0,0.999999999991
0.0,1.0,0.87297048787
0.0,0.0,0.0166132659346
0.0,1.0,0.974969089387
0.0,0.0,0.0271548483621
0.0,0.0,0.00173300099896
0.0,0.0,3.71024982871e-06
0.0,0.0,0.0206540653895
0.0,1.0,0.701409454929
0.0,0.0,0.261685203573
0.0,0.0,0.137863369775
0.0,0.0,0.0401895071145
0.0,0.0,0.000184674086607
0.0,0.0,6.47231953251e-05
0.0,0.0,2.19823511661e-05
0.0,0.0,0.0113173145012
0.0,0.0,0.283099036533
0.0,0.0,0.225897241944
0.0,1.0,0.952345896495
0.0,0.0,0.00253873596128
0.0,0.0,0.0334488677669
0.0,0.0,0.00209187991235
0.0,0.0,0.432764275994
0.0,0.0,0.174531171061
0.0,1.0,0.999961584601
0.0,0.0,0.0497482769963
0.0,1.0,0.943048977943
0.0,0.0,0.00356856164784
0.0,0.0,0.253598393545
0.0,1.0,0.999422429261
0.0,0.0,0.12966012105
0.0,0.0,0.00407535551113
0.0,1.0,0.960236020203
0.0,0.0,0.0161731671362
0.0,0.0,4.53871166688e-05
0.0,0.0,0.0469393322924
0.0,0.0,0.0804820688095
0.0,0.0,8.8681092125e-06
0.0,1.0,0.999978284601
0.0,0.0,0.00117594575011
0.0,0.0,0.418089491847
0.0,0.0,0.01927047152
0.0,0.0,0.00348426043849
0.0,0.0,0.00143010142229
0.0,0.0,0.22739332517
0.0,0.0,0.0697592970468
0.0,0.0,0.2083130022
0.0,1.0,0.999993292419
0.0,0.0,0.00312615949117
0.0,0.0,8.98836871116e-05
0.0,1.0,0.999999987547
0.0,0.0,0.0119279395558
0.0,0.0,0.199353429748
0.0,0.0,0.138048597181
0.0,0.0,0.19003433392
0.0,1.0,0.999666048092
0.0,1.0,0.927263726929
0.0,0.0,0.0024073684146
0.0,0.0,3.39710160132e-05
0.0,0.0,0.421872253688
0.0,0.0,0.046686947118
0.0,0.0,0.0339924875572
0.0,0.0,0.0306364785644
0.0,0.0,0.159708514352
0.0,0.0,0.00513959529166
0.0,1.0,0.857610576025
0.0,1.0,0.780506423053
0.0,0.0,0.0270396794224
0.0,0.0,0.0439889752467
0.0,0.0,0.0646565494091
0.0,0.0,0.0204144870374
0.0,0.0,0.00380452924938
0.0,1.0,0.995048536244
0.0,0.0,3.34023813433e-05
0.0,0.0,0.00169371597617
0.0,1.0,0.999343764418
0.0,0.0,0.498839720821
0.0,1.0,0.999480922198
0.0,1.0,0.996398609969
0.0,0.0,0.00780655097337
0.0,0.0,0.000225208823483
0.0,1.0,0.938595001975
0.0,0.0,0.00076240767293
0.0,0.0,2.00576169202e-05
0.0,1.0,0.9873021477
0.0,1.0,0.999947897862
0.0,0.0,1.77801041185e-06
0.0,1.0,0.944943812086
0.0,0.0,0.00101355924786
0.0,1.0,0.701983404607
0.0,0.0,0.110872133531
0.0,0.0,0.345136862354
0.0,0.0,0.00320146379573
0.0,1.0,0.992645951699
0.0,0.0,0.0118322243996
0.0,1.0,0.925557643163
0.0,1.0,0.962326013863
0.0,1.0,0.850113753385
0.0,0.0,0.000441178674129
0.0,0.0,0.0120241744171
0.0,0.0,0.000791559409837
0.0,1.0,0.971424493878
0.0,1.0,0.999999365504
0.0,1.0,1.0
0.0,0.0,0.239568210982
0.0,0.0,0.362345563173
0.0,0.0,0.00494896508076
0.0,1.0,0.994833979539
0.0,0.0,0.000133925645649
0.0,0.0,0.0232809686545
0.0,1.0,0.999116121188
0.0,0.0,0.0172819372815
0.0,1.0,0.977351425054
0.0,1.0,0.738142003903
0.0,0.0,0.176089619073
0.0,1.0,0.999987888171
0.0,1.0,0.986779338607
0.0,1.0,0.879248077506
0.0,1.0,0.999456374588
0.0,0.0,0.237305174184
0.0,0.0,3.01197511769e-06
0.0,1.0,0.533376554501
0.0,1.0,0.999999948223
0.0,1.0,0.941646770113
0.0,0.0,0.0666108349254
0.0,0.0,0.0357155907827
0.0,1.0,0.998806189878
0.0,0.0,7.73898579236e-06
0.0,1.0,0.518799822307
0.0,0.0,0.00234598302209
0.0,0.0,0.00268162365949
0.0,1.0,0.999999999992
0.0,1.0,0.96799185804
0.0,0.0,0.0780176158934
0.0,0.0,0.0610061613036
0.0,1.0,1.0
0.0,1.0,0.999460316682
0.0,1.0,0.951228939157
0.0,0.0,0.445202050528
0.0,0.0,0.075805196642
0.0,0.0,0.0869104278045
0.0,0.0,0.0295180377253
0.0,0.0,0.0273133789132
0.0,1.0,0.999960875519
0.0,1.0,0.997783683549
0.0,1.0,0.606610036435
0.0,1.0,0.65355737323
0.0,0.0,0.460491900299
0.0,1.0,0.698169849588
0.0,0.0,0.00520564838034
0.0,0.0,0.00129935816106
0.0,0.0,0.205266037593
0.0,1.0,0.981563467251
0.0,0.0,0.0013444215891
0.0,0.0,0.353927159142
0.0,0.0,0.0178635077708
0.0,1.0,0.822713699806
0.0,0.0,0.0097416861294
0.0,0.0,0.00187921508125
0.0,1.0,0.97867955288
0.0,0.0,8.97836499502e-08
0.0,0.0,1.59020126834e-05
0.0,1.0,0.952613828017
0.0,1.0,0.994891537601
0.0,0.0,0.0664867025653
0.0,1.0,0.999977012722
0.0,0.0,0.00119977861709
0.0,0.0,0.24231049195
0.0,1.0,0.503339460172
0.0,1.0,0.896062135127
0.0,1.0,0.76796320959
0.0,0.0,0.00253950029722
0.0,0.0,0.0226514770533
0.0,0.0,0.00088489732589
0.0,1.0,0.593209852418
0.0,0.0,0.00160975751861
0.0,1.0,0.671315990706
0.0,1.0,0.896667553286
0.0,0.0,0.219943337499
0.0,1.0,0.988754753386
0.0,1.0,0.993324539894
0.0,1.0,0.948853119156
0.0,1.0,0.651338731601
0.0,0.0,0.0318079043135
0.0,0.0,0.00107140962063
0.0,0.0,1.38965177464e-07
0.0,0.0,0.00186165411411
0.0,1.0,0.500799660373
0.0,1.0,0.998113033733
0.0,0.0,0.00723202641477
0.0,1.0,0.90668155251
0.0,1.0,0.929659757608
0.0,0.0,0.0038384647581
0.0,0.0,0.0597469682028
0.0,0.0,0.00139651238844
0.0,1.0,0.868330073872
0.0,0.0,0.00882233663595
0.0,1.0,0.913657910903
0.0,1.0,0.591750332271
0.0,0.0,0.497576836014
0.0,0.0,0.0189432428226
0.0,0.0,0.004519051457
0.0,0.0,0.0779805669894
0.0,0.0,0.0327942564472
0.0,1.0,0.727613359229
0.0,0.0,0.156975884167
0.0,0.0,0.0559332482735
0.0,0.0,0.292491400912
0.0,0.0,0.0642629997535
0.0,0.0,0.0559046151301
0.0,0.0,0.145240338399
0.0,0.0,0.270077894466
0.0,0.0,0.301516922374
0.0,0.0,0.0293386655523
0.0,0.0,0.000302853531932
0.0,0.0,2.67275396733e-07
0.0,0.0,0.283865199249
0.0,0.0,0.0309049052234
0.0,0.0,0.000130827217803
0.0,0.0,7.07416698221e-05
0.0,0.0,1.53332489126e-05
0.0,0.0,0.00450500417798
0.0,1.0,0.998818866177
0.0,0.0,0.0162341563719
0.0,0.0,7.37502158762e-06
0.0,0.0,0.000657244904347
0.0,0.0,1.92517938139e-05
0.0,0.0,0.0158885362677
0.0,0.0,0.486424561679
0.0,0.0,3.02267644606e-05
0.0,0.0,0.000154435810204
0.0,1.0,0.688316977595
0.0,0.0,0.00185306042924
0.0,0.0,0.0165841730277
0.0,1.0,0.955781352536
0.0,0.0,0.00807364741082
0.0,0.0,0.0833762479394
0.0,0.0,0.183400617946
0.0,0.0,0.013898025034
0.0,1.0,0.814815428809
0.0,0.0,0.000630756198355
0.0,0.0,8.96375447431e-05
0.0,0.0,0.00355111464653
0.0,0.0,0.000148110775352
0.0,0.0,0.00687796586272
0.0,1.0,0.901045372912
0.0,1.0,0.833108705252
0.0,1.0,0.938752190783
0.0,1.0,0.999102083681
0.0,0.0,0.181706778601
0.0,1.0,0.762396494864
0.0,0.0,4.15389839937e-06
0.0,0.0,0.0015871443386
0.0,0.0,0.400998035278
0.0,0.0,0.205809677387
0.0,1.0,0.952237970929
0.0,0.0,0.00106146537238
0.0,0.0,0.0164957019069
0.0,0.0,0.10505061736
0.0,0.0,0.00146946774008
0.0,0.0,8.19222516413e-06
0.0,0.0,0.467686444872
0.0,0.0,0.030819765296
0.0,0.0,0.00769328888265
0.0,0.0,3.90206797657e-05
0.0,1.0,0.802488482177
0.0,0.0,0.270561679974
0.0,0.0,0.000274893797498
0.0,1.0,0.993763201854
0.0,0.0,0.00467537888065
0.0,0.0,0.259179480287
0.0,0.0,0.00860822115805
0.0,0.0,0.134314827281
0.0,0.0,0.0417039732075
0.0,0.0,0.194388372074
0.0,0.0,7.10174276648e-05
0.0,0.0,0.450984556992
0.0,0.0,0.0310342054628
0.0,1.0,0.998534604447
0.0,1.0,0.866980426131
0.0,0.0,0.0344140569057
0.0,1.0,0.784308865803
0.0,0.0,0.00146672572651
0.0,1.0,0.976296159332
0.0,1.0,0.999679544898
0.0,1.0,0.999999999124
0.0,0.0,0.00358063884965
0.0,0.0,0.000162105854534
0.0,0.0,0.235767504295
0.0,1.0,0.57724455135
0.0,0.0,0.000774458005147
0.0,0.0,0.0137157517161
0.0,1.0,0.648109680564
0.0,0.0,0.000104257285687
0.0,0.0,0.00193459502227
0.0,0.0,0.0108719843516
0.0,1.0,0.928758816498
0.0,0.0,0.0281457201308
0.0,0.0,1.9631725462e-06
0.0,0.0,0.00111590049794
0.0,1.0,0.982540759181
0.0,0.0,0.000573085460413
0.0,1.0,0.998067653786
0.0,0.0,0.00124774542353
0.0,1.0,0.732018048741
0.0,0.0,0.029619562564
0.0,0.0,0.42208578986
0.0,0.0,0.212082717504
0.0,0.0,0.488718650901
0.0,0.0,0.00809293439449
0.0,0.0,0.00805012376602
0.0,1.0,0.928524982617
0.0,0.0,0.0107226704502
0.0,0.0,0.276680507621
0.0,0.0,0.00566772036432
0.0,0.0,0.00163379452753
0.0,0.0,4.97275382682e-06
0.0,1.0,0.784585804085
0.0,0.0,0.084404167288
0.0,0.0,0.335955855305
0.0,0.0,0.0260380973735
0.0,1.0,0.848531452243
0.0,0.0,0.00575713779099
0.0,0.0,0.000223346185903
0.0,1.0,0.995295081206
0.0,0.0,0.00911820527839
0.0,0.0,0.080526290621
0.0,0.0,0.0538326036014
0.0,0.0,0.483842459681
0.0,1.0,0.991082575297
0.0,0.0,4.18883676991e-06
0.0,0.0,0.00633842429016
0.0,1.0,0.999999976925
0.0,0.0,3.17422701986e-06
0.0,1.0,0.992413622512
0.0,0.0,0.0366768877343
0.0,0.0,0.00133005096957
0.0,0.0,0.000668574992725
0.0,0.0,0.0828965601776
0.0,0.0,0.00255426932034
0.0,0.0,0.0175839430386
0.0,1.0,0.643435724322
0.0,0.0,0.478291883931
0.0,0.0,6.29368755096e-05
0.0,0.0,0.0161092787977
0.0,0.0,0.0303239463528
0.0,0.0,0.0252258830985
0.0,0.0,0.26762666017
0.0,0.0,0.281779103117
0.0,0.0,0.00188425281361
0.0,0.0,0.0160007396427
0.0,1.0,0.826846609679
0.0,0.0,0.00534161226996
0.0,0.0,0.0124050907598
0.0,0.0,0.439486210913
0.0,0.0,1.52415808841e-06
0.0,0.0,8.6281948672e-05
0.0,0.0,5.20251144547e-05
0.0,1.0,0.869607597058
0.0,0.0,0.00378442052528
0.0,0.0,0.20228910003
0.0,0.0,0.0136908813715
0.0,0.0,0.00167926857193
0.0,0.0,0.000378819256433
0.0,0.0,0.000884537126767
0.0,0.0,0.0677875016545
0.0,0.0,0.00204576239654
0.0,1.0,0.930334943471
0.0,0.0,0.00149781388715
0.0,1.0,0.994029620588
0.0,1.0,0.998886163385
0.0,1.0,0.997333730792
0.0,0.0,0.00129925547906
0.0,1.0,0.997609617668
0.0,0.0,3.77784426798e-05
0.0,0.0,0.00438974935415
0.0,0.0,0.143402210037
0.0,1.0,0.660049294287
0.0,1.0,0.961287518046
0.0,0.0,0.000397990806238
0.0,0.0,0.00439531452963
0.0,0.0,0.00656786273602
0.0,0.0,0.0208716489005
0.0,0.0,0.288817451458
0.0,0.0,0.00130496361502
0.0,1.0,0.927108650067
0.0,1.0,0.713268446393
0.0,1.0,0.85168228858
0.0,1.0,0.999988222484
0.0,1.0,0.911809175765
0.0,1.0,0.92760956076
0.0,1.0,0.940048052509
0.0,0.0,0.00331423304707
0.0,0.0,0.0710088892333
0.0,1.0,0.998382649291
0.0,1.0,0.999881255559
0.0,0.0,6.35830361362e-06
0.0,0.0,3.76538608992e-05
0.0,0.0,0.282716227529
0.0,0.0,0.117522548266
0.0,1.0,0.776731127505
0.0,1.0,0.919195443568
0.0,0.0,0.202989928555
0.0,1.0,0.956612952817
0.0,1.0,0.999857772874
0.0,1.0,0.858720400781
0.0,1.0,0.999940128408
0.0,0.0,0.158180805847
0.0,0.0,0.136460530502
0.0,1.0,0.881333913391
0.0,0.0,0.267088292118
0.0,0.0,0.195068726158
0.0,0.0,0.000636249164866
0.0,0.0,8.46439749746e-05
0.0,1.0,0.822314214871
0.0,0.0,5.18119656655e-05
0.0,0.0,0.184581438738
0.0,0.0,0.00557782245074
0.0,1.0,0.590056967014
0.0,0.0,0.499986961199
0.0,0.0,0.00707507752001
0.0,0.0,0.010999022892
0.0,0.0,0.000241915732966
0.0,0.0,0.0107005002488
0.0,0.0,0.00660191411607
0.0,1.0,0.99963934474
0.0,0.0,0.000563983150763
0.0,0.0,2.64830383838e-05
0.0,1.0,0.771368612307
0.0,0.0,9.9777168419e-07
0.0,0.0,0.191116869831
0.0,0.0,0.00055770372926
0.0,1.0,0.562141025876
0.0,1.0,0.609954340976
0.0,1.0,0.830842271481
0.0,1.0,0.999999898237
0.0,0.0,2.64410616369e-05
0.0,0.0,0.00456800346842
0.0,0.0,0.00202839335619
0.0,1.0,0.693776284155
0.0,0.0,0.000562094231676
0.0,0.0,0.019407297775
0.0,1.0,0.526478805058
0.0,0.0,0.000716099136944
0.0,0.0,0.000661327615402
0.0,0.0,2.97765969353e-05
0.0,0.0,0.00238581083767
0.0,0.0,0.214445154069
0.0,0.0,0.000915296427271
0.0,0.0,0.088888747199
0.0,1.0,0.559241728866
0.0,0.0,1.49144024579e-06
0.0,0.0,0.000455789715882
0.0,1.0,0.61899642842
0.0,0.0,0.084638279635
0.0,0.0,0.000100917623327
0.0,0.0,0.460287733832
0.0,1.0,0.702814669705
0.0,1.0,0.999998598877
0.0,0.0,0.023096623327
0.0,1.0,0.53852772577
0.0,0.0,0.0363013532543
0.0,0.0,0.000791117483608
0.0,0.0,0.0384513045363
0.0,0.0,0.274453510745
0.0,1.0,0.644260253947
0.0,0.0,0.0660104992553
0.0,0.0,0.132960692581
0.0,0.0,0.000643142439635
0.0,0.0,0.194377137756
0.0,0.0,0.0076417045806
0.0,1.0,0.643155597971
0.0,1.0,0.545769162954
0.0,1.0,0.999661374862
0.0,0.0,0.0148312797307
0.0,0.0,0.000183800987327
0.0,1.0,0.998616724842
0.0,1.0,0.997336106544
0.0,0.0,0.193605464941
0.0,1.0,0.751899643901
0.0,0.0,0.000198080894036
0.0,0.0,0.205856102394
0.0,0.0,0.00297589249805
0.0,1.0,0.59373702111
0.0,1.0,0.999651863966
0.0,0.0,2.07273025027e-06
0.0,0.0,0.00175401333137
0.0,1.0,0.981817903556
0.0,0.0,0.305263595764
0.0,0.0,0.00016701499039
0.0,0.0,0.125907277438
0.0,1.0,0.644812723006
0.0,0.0,0.000693099260273
0.0,0.0,0.220427536379
0.0,0.0,0.00437926738691
0.0,0.0,0.101467135932
0.0,1.0,0.952119327192
0.0,0.0,0.0025872931249
0.0,1.0,0.79849789956
0.0,1.0,0.998931009054
0.0,0.0,0.30165577308
0.0,0.0,0.0361289851934
0.0,0.0,0.00386693277779
0.0,0.0,2.96464462137e-05
0.0,1.0,0.999485318851
0.0,0.0,3.92390571971e-05
0.0,1.0,0.977940918618
0.0,0.0,0.200732852328
0.0,1.0,0.836468588777
0.0,0.0,0.00809990747577
0.0,0.0,0.197257373765
0.0,1.0,0.900947625135
0.0,0.0,6.17522026037e-05
0.0,0.0,0.0168847245463
0.0,1.0,0.999999998648
0.0,0.0,0.492805100306
0.0,0.0,0.00540592518983
0.0,1.0,0.999180232015
0.0,0.0,0.00384917482693
0.0,0.0,0.000412834734041
0.0,0.0,0.269975209825
0.0,0.0,0.000896185674422
0.0,0.0,0.0287736488926
0.0,1.0,0.99999611317
0.0,1.0,0.991241514057
0.0,1.0,0.99999999531
0.0,0.0,0.00698669427163
0.0,0.0,0.000303084989626
0.0,0.0,0.0465157339861
0.0,0.0,0.00128490073118
0.0,0.0,0.26107392479
0.0,1.0,0.997952712734
0.0,0.0,0.149273790586
0.0,1.0,0.988692327703
0.0,1.0,0.999599171559
0.0,0.0,0.391266360472
0.0,1.0,0.999549126644
0.0,0.0,0.00133343967349
0.0,1.0,0.97320699976
0.0,0.0,0.0424840952154
0.0,0.0,0.42457893363
0.0,0.0,0.36482077257
0.0,1.0,0.994320199093
0.0,1.0,0.99945418661
0.0,0.0,0.197994437064
0.0,1.0,0.849343608693
0.0,0.0,0.0286612963665
0.0,1.0,0.999391068641
0.0,0.0,0.00626059398587
0.0,1.0,0.64629330137
0.0,0.0,0.0408422919549
0.0,1.0,0.999999988441
0.0,0.0,0.163939211357
0.0,0.0,0.11357307722
0.0,0.0,0.00420959022448
0.0,1.0,0.999209120393
0.0,0.0,0.0254299903731
0.0,1.0,0.892657789971
0.0,0.0,0.000820796547401
0.0,0.0,0.00864658741692
0.0,1.0,0.999485319884
0.0,0.0,0.381898116451
0.0,0.0,0.118243988844
0.0,0.0,0.00326643134386
0.0,1.0,0.852532331675
0.0,1.0,0.70544230124
0.0,0.0,0.0981567432096
0.0,0.0,0.187016585685
0.0,0.0,0.00161038701444
0.0,1.0,0.999883110223
0.0,1.0,0.861086213465
0.0,0.0,0.442937776581
0.0,0.0,0.0147272165422
0.0,0.0,0.0120300278571
0.0,1.0,0.999938058465
0.0,1.0,0.999999999984
0.0,1.0,0.512232338918
0.0,0.0,0.48878646936
0.0,1.0,0.99999811584
0.0,0.0,0.00421982694931
0.0,0.0,4.24428589423e-05
0.0,0.0,0.108180343828
0.0,0.0,0.00738912092429
0.0,0.0,0.329782168157
0.0,0.0,0.00825329578571
0.0,0.0,0.00326174518942
0.0,1.0,0.84765434923
0.0,0.0,0.0119003896842
0.0,0.0,0.235158167356
0.0,0.0,0.378422622347
0.0,0.0,5.69631940664e-05
0.0,1.0,0.973728150047
0.0,0.0,0.0119854845226
0.0,0.0,0.342017791165
0.0,0.0,0.357183335261
0.0,1.0,0.965402836558
0.0,0.0,0.176639069359
0.0,0.0,0.00365200739009
0.0,0.0,0.000551247448415
0.0,0.0,1.25459548031e-05
0.0,1.0,0.698782690018
0.0,0.0,0.000663891323786
0.0,0.0,0.0539838290236
0.0,0.0,0.200972147658
0.0,1.0,0.999999530097
0.0,0.0,0.000325352131395
0.0,1.0,0.999999996004
0.0,0.0,0.00189300406381
0.0,0.0,0.0152846453655
0.0,1.0,0.999814257503
0.0,0.0,0.00301225747082
0.0,0.0,0.000102752912876
0.0,1.0,0.654096478738
0.0,0.0,0.00267485044653
0.0,1.0,0.99435036582
0.0,1.0,0.98433064172
0.0,0.0,0.274400458024
0.0,0.0,0.262470328257
0.0,0.0,0.00102625641625
0.0,0.0,0.0228755564181
0.0,0.0,0.176303096389
0.0,1.0,0.999999861053
0.0,0.0,0.288350057397
0.0,1.0,0.617933421986
0.0,1.0,0.628489431694
0.0,0.0,0.0148345753566
0.0,1.0,0.999315785995
0.0,0.0,0.000680033852722
0.0,0.0,0.14501100462
0.0,1.0,0.981072851263
0.0,1.0,0.99979298773
0.0,0.0,0.00326948481937
0.0,0.0,0.0172709626014
0.0,0.0,0.41797105911
0.0,0.0,0.000472879768156
0.0,0.0,7.47993153306e-05
0.0,1.0,0.511911894903
0.0,1.0,0.999866318217
0.0,0.0,0.15877848796
0.0,1.0,0.999999999609
0.0,1.0,0.989145215056
0.0,0.0,9.5961479006e-05
0.0,0.0,0.270189995418
0.0,0.0,0.000263540794234
0.0,0.0,0.00198548544429
0.0,0.0,0.0032980160344
0.0,1.0,0.997273779019
0.0,1.0,0.995817061598
0.0,0.0,0.00344766328471
0.0,0.0,0.00042819277297
0.0,1.0,0.942548796868
0.0,1.0,0.999999991472
0.0,1.0,0.966833215412
0.0,0.0,0.00709162462477
0.0,0.0,0.378309315755
0.0,1.0,0.719518856665
0.0,0.0,0.00196534913618
0.0,0.0,0.186652906616
0.0,1.0,0.997490974339
0.0,0.0,0.000190118046992
0.0,0.0,0.000839807285789
0.0,1.0,0.556256427444
0.0,0.0,0.430020229193
0.0,0.0,0.0288776854553
0.0,1.0,0.911721606489
0.0,1.0,0.99964856869
0.0,0.0,0.22413394024
0.0,1.0,0.801924100398
0.0,1.0,0.993580723875
0.0,0.0,0.243397422307
0.0,0.0,0.0224799194776
0.0,0.0,0.00146187999991
0.0,0.0,8.35299671907e-07
0.0,0.0,0.00213452744685
0.0,1.0,0.999999921348
0.0,1.0,0.606133272431
0.0,0.0,0.00537794181817
0.0,1.0,0.99999938872
0.0,0.0,3.2681180819e-06
0.0,0.0,0.0167000017984
0.0,0.0,0.00258320976148
0.0,1.0,0.884164531451
0.0,1.0,0.601365013638
0.0,1.0,0.989126532288
0.0,0.0,0.0225279884501
0.0,1.0,1.0
0.0,1.0,0.99998659854
0.0,0.0,0.00425418550318
0.0,0.0,0.000981304219945
0.0,1.0,0.575043242961
0.0,0.0,0.20531714743
0.0,1.0,0.999998939795
0.0,0.0,0.034813137349
0.0,1.0,0.999976420037
0.0,1.0,0.943481370733
0.0,1.0,0.999999999995
0.0,0.0,0.10546034071
0.0,0.0,0.000199976739828
0.0,1.0,0.882304862016
0.0,0.0,0.176801390089
0.0,1.0,0.566258747053
0.0,1.0,0.998589962422
0.0,0.0,0.00226437235844
0.0,0.0,0.0383218379514
0.0,1.0,0.815754557452
0.0,0.0,0.107722850016
0.0,0.0,0.000638079974486
0.0,0.0,0.000684693463841
0.0,0.0,0.416655200185
0.0,1.0,0.65466152959
0.0,1.0,0.999934865353
0.0,1.0,0.999999507376
0.0,1.0,0.766426134964
0.0,0.0,0.0723230318609
0.0,1.0,0.999999999992
0.0,1.0,0.999879596154
0.0,1.0,0.993123818026
0.0,1.0,0.746635046484
0.0,1.0,0.999999997425
0.0,1.0,0.995880005779
0.0,0.0,0.00701811185219
0.0,0.0,0.000974919365227
0.0,0.0,0.00781529349046
0.0,0.0,0.00677908692747
0.0,0.0,0.00515452604047
0.0,0.0,0.0512897536269
0.0,0.0,0.00139004140285
0.0,0.0,0.00264431804803
0.0,1.0,0.999452984637
0.0,0.0,0.000400866326684
0.0,0.0,0.00908712937349
0.0,1.0,0.998359908395
0.0,0.0,0.00793978434109
0.0,1.0,0.506693481593
0.0,0.0,0.0483326504756
0.0,1.0,0.992189956341
0.0,0.0,0.001520360746
0.0,0.0,0.000170703573264
0.0,0.0,0.00110884091076
0.0,0.0,0.253894731664
0.0,1.0,0.999709026782
0.0,0.0,0.00793988487453
0.0,0.0,0.170722789352
0.0,0.0,0.00427262082089
0.0,0.0,0.0141831022713
0.0,0.0,0.0591086004124
0.0,0.0,0.00322928173036
0.0,1.0,0.613314745725
0.0,0.0,0.00247403778151
0.0,0.0,1.48840208879e-05
0.0,1.0,0.705591291621
0.0,1.0,0.780754355218
0.0,0.0,0.0865084889957
0.0,0.0,0.241014138105
0.0,0.0,0.000106601678402
0.0,0.0,0.000682828894825
0.0,0.0,0.190599525324
0.0,0.0,0.000127704805168
0.0,1.0,0.997371135743
0.0,1.0,0.993034769524
0.0,1.0,0.999982433068
0.0,0.0,0.0227159002214
0.0,0.0,0.0164479084067
0.0,0.0,0.0296474959034
0.0,0.0,0.0344286009565
0.0,1.0,0.785448763677
0.0,0.0,0.00279627341851
0.0,0.0,0.124321736214
0.0,1.0,0.99991600348
0.0,0.0,0.0248155453045
0.0,0.0,0.499617397694
0.0,1.0,0.996768469981
0.0,1.0,0.743941758153
0.0,0.0,0.306827990167
0.0,0.0,3.25236759986e-05
0.0,0.0,0.000390564405329
0.0,0.0,0.159029226629
0.0,0.0,0.00394208638423
0.0,1.0,0.957880808143
0.0,0.0,1.1183622719e-06
0.0,0.0,0.0436132470701
0.0,0.0,0.198770523748
0.0,0.0,0.000537005911319
0.0,0.0,6.86908829779e-05
0.0,0.0,0.111811444655
0.0,1.0,0.501644500863
0.0,0.0,0.180702759096
0.0,0.0,0.00751476748207
0.0,0.0,0.0113384496416
0.0,0.0,0.00037320632996
0.0,0.0,0.000348390483672
0.0,0.0,0.388229208933
0.0,0.0,0.112689217692
0.0,0.0,0.030517076264
0.0,0.0,0.000865782766457
0.0,0.0,0.0993823863765
0.0,0.0,0.000573672969785
0.0,0.0,1.78435056005e-05
0.0,0.0,8.32372077594e-05
0.0,0.0,0.0332922548249
0.0,1.0,0.963199804675
0.0,0.0,0.00525458922786
0.0,0.0,2.57789157149e-05
0.0,0.0,5.94047373636e-05
0.0,0.0,0.0673067582439
0.0,0.0,0.389212903298
0.0,1.0,0.983105413426
0.0,0.0,0.187988160201
0.0,0.0,0.160207067472
0.0,0.0,0.00574569362573
0.0,0.0,0.41728048173
0.0,1.0,0.998800611762
0.0,0.0,0.0313759325705
0.0,0.0,0.32624310332
0.0,1.0,0.982308843271
0.0,0.0,0.0205359614642
0.0,0.0,0.164248382218
0.0,0.0,0.000145428690597
0.0,0.0,0.000715298050625
0.0,0.0,0.255479360592
0.0,1.0,0.990917196714
0.0,0.0,0.214395127976
0.0,0.0,0.00824290476836
0.0,0.0,0.000408451144848
0.0,0.0,0.00114862111168
0.0,0.0,0.0304338080711
0.0,0.0,0.0362512721412
0.0,0.0,0.0191555483086
0.0,0.0,0.00553890304968
0.0,0.0,0.00011943873408
0.0,0.0,0.0206582105982
0.0,1.0,0.924377915051
0.0,0.0,0.0169742505613
0.0,0.0,0.10587142277
0.0,0.0,0.00363268810391
0.0,0.0,0.0294848972643
0.0,0.0,0.0349985451202
0.0,0.0,0.000643706304779
0.0,0.0,0.000586394156252
0.0,0.0,1.8197401862e-05
0.0,0.0,0.264095603677
0.0,0.0,1.32429073549e-06
0.0,0.0,0.0118436506422
