1,0,2.1000022876038085e-08
1,1,1.0
1,0,4.457538931055573e-06
1,1,1.0
1,1,1.0
1,0,1.4775318735377563e-08
1,0,3.9141042313909576e-07
1,1,1.0
1,0,1.2389297376409804e-07
1,0,3.4281331875195705e-07
1,1,1.0
1,0,1.4957992372217621e-06
1,0,1.5960661946546582e-06
1,1,1.0
1,1,1.0
1,0,1.445159759328698e-08
1,1,1.0
1,1,1.0
1,1,1.0
1,0,1.6382449562491398e-08
1,1,1.0
1,1,1.0
1,1,1.0
1,0,6.793084823720159e-08
1,1,1.0
1,1,1.0
1,1,1.0
1,1,0.9999999999999858
1,1,1.0
1,1,1.0
1,1,1.0
1,1,1.0
1,1,1.0
1,1,1.0
1,1,1.0
1,0,4.121253572012602e-07
1,0,6.142913990327701e-08
1,1,1.0
1,1,1.0
1,1,1.0
1,1,1.0
1,0,1.1137313653824307e-07
1,0,9.0193148776505e-06
1,1,1.0
1,1,1.0
1,1,1.0
1,1,1.0
1,1,1.0
1,1,1.0
1,1,1.0
1,1,1.0
1,1,1.0
1,1,1.0
1,1,1.0
1,1,1.0
1,1,1.0
1,1,1.0
1,1,1.0
1,1,1.0
1,1,1.0
1,1,1.0
1,1,1.0
1,1,1.0
1,0,9.264536076769324e-07
1,0,4.5111974127333895e-06
1,1,1.0
1,1,1.0
1,1,1.0
1,1,1.0
1,0,7.028571902038704e-09
1,1,1.0
1,0,1.2303672663070926e-07
1,0,6.959480382629894e-08
1,1,1.0
1,1,1.0
1,0,5.057088013067862e-08
1,1,1.0
1,1,1.0
1,1,1.0
1,1,1.0
1,1,1.0
1,1,1.0
1,1,1.0
1,0,8.185225036980579e-07
1,1,1.0
1,1,1.0
1,1,1.0
1,1,1.0
1,1,1.0
1,1,1.0
1,1,1.0
1,0,6.264812142677779e-07
1,1,1.0
1,1,1.0
1,0,3.19082842520134e-06
1,1,1.0
1,1,1.0
1,0,2.8168540224284728e-09
1,1,1.0
1,1,1.0
1,1,1.0
1,1,1.0
1,1,1.0
1,1,1.0
1,1,1.0
1,1,1.0
1,0,2.1572803001683405e-07
1,1,1.0
1,1,1.0
1,1,1.0
1,1,1.0
1,1,0.9999079325103383
1,0,3.073605999053639e-07
0,0,8.349625585931968e-08
0,0,1.3400231964182167e-08
0,0,8.151891532037962e-07
0,0,1.5706222077289013e-07
0,0,1.0174517638783228e-09
0,0,9.526439872849092e-08
0,0,7.657988663599534e-08
0,0,5.887161497333603e-09
0,0,1.8724945826950146e-08
0,0,3.3952503086874184e-09
0,0,3.596035600420165e-09
0,0,8.109794410897974e-09
0,0,2.3362467240252692e-09
0,0,6.7972603245570045e-09
0,0,4.964962959004669e-09
0,0,3.3250703207209146e-08
0,0,2.8897775129594413e-07
0,0,1.8549955074909562e-08
0,0,6.613803459954666e-07
0,0,5.348386868976341e-08
0,0,5.8617011375234975e-08
0,0,7.070824342560823e-07
0,0,2.662546493163017e-07
0,0,1.3269335420683816e-07
0,0,2.159701460887595e-08
0,0,6.583726318852598e-09
0,0,7.646606706895378e-07
0,0,2.6625676957162483e-09
0,0,7.508861422910203e-09
0,0,1.7334629767133506e-07
0,0,1.3595653434859348e-07
0,0,2.8083373300498674e-07
0,0,9.38914094760039e-08
0,0,1.1817192934500387e-07
0,0,1.3363848932291542e-07
0,0,1.427816462868231e-07
0,0,7.480270004474008e-09
0,0,3.788658041705333e-08
0,0,1.771544972925528e-08
0,0,3.2789726030026805e-08
0,0,1.1177964945092107e-07
0,0,4.538636197512645e-09
0,0,6.884714712262794e-08
0,0,2.6899400429488467e-07
0,0,4.718267941305194e-07
0,0,2.206384111135655e-08
0,0,2.9372890008839354e-08
0,0,1.3396471186161852e-07
0,0,4.4153056141434383e-07
0,0,1.0800444272059884e-05
0,0,1.5685446474154417e-08
0,0,3.430750238353345e-08
0,0,1.5946066661281622e-07
0,0,6.6338999688975925e-09
0,0,9.283523105307253e-08
0,0,6.00686060210246e-07
0,0,1.703019189949948e-08
0,0,2.1569843309303213e-08
0,0,4.832058842914723e-08
0,0,4.1672521548344835e-07
0,0,3.2020337546191018e-09
0,0,5.1897481135675345e-08
0,0,7.59643284562563e-07
0,0,1.6883674040111023e-08
0,0,3.11240339386749e-08
0,0,1.2958466234836012e-08
0,0,1.6864496873419976e-08
0,0,1.171987760544298e-08
0,0,1.3395268229097557e-08
0,0,1.829032274367587e-06
0,0,1.293208595725289e-07
0,0,9.757700475971391e-08
0,0,4.057944778124938e-08
0,0,2.3783669199548204e-07
0,0,1.225580650495937e-07
0,0,1.1537489542397681e-08
0,0,4.334352230806623e-06
0,0,8.857626007109309e-08
0,0,4.2298037690419764e-09
0,0,1.5772396071564202e-07
0,0,5.495592490496649e-07
0,0,8.650831551421549e-08
0,0,1.0293229547824837e-09
0,0,4.176348725893448e-09
0,0,3.620385382107052e-08
0,0,2.8208259312466957e-07
0,0,7.714375648126527e-08
0,0,1.1973503631517302e-07
0,0,4.224584331985629e-08
0,0,3.78954346102559e-09
0,0,2.84673345577289e-09
0,0,3.3207213163224464e-07
0,0,5.426224072304594e-08
0,0,3.126933916368049e-09
0,0,1.0337477589071908e-09
0,0,3.877536847856804e-08
0,0,1.920828896154953e-08
0,0,1.5862792833622015e-08
0,0,2.545934071455066e-09
0,0,3.5858066788163523e-09
0,0,3.4986218757214924e-07
0,0,2.144170415151111e-08
0,0,1.096635333556528e-09
0,0,8.908814359003234e-09
0,0,4.752347457944893e-08
0,0,1.2733714993714432e-08
0,0,4.369811462599659e-08
0,0,5.585610044623801e-08
0,0,2.401622100005343e-06
0,0,1.6044791573686801e-06
0,0,1.2706991806756025e-07
0,0,4.908953902287161e-08
0,0,1.5385976186093465e-08
1,0,2.2962603498173536e-07
1,0,8.381322299927398e-09
1,1,1.0
1,1,1.0
1,1,1.0
1,0,5.9508480957754295e-08
1,1,1.0
1,0,4.303469139083446e-06
1,1,0.9999999998580194
1,1,1.0
1,1,1.0
1,1,1.0
1,1,0.9999999999801474
1,1,1.0
1,0,2.6800901777181546e-06
1,1,1.0
1,1,1.0
1,1,0.9999999999854197
1,1,1.0
1,1,1.0
1,0,3.4096361353296584e-08
1,1,1.0
1,1,1.0
1,1,1.0
1,1,0.9999999999998863
1,1,1.0
1,1,1.0
1,1,1.0
1,1,1.0
1,1,1.0
1,1,1.0
1,0,1.0400932668803378e-06
1,0,4.409699597564587e-06
1,1,1.0
1,1,1.0
1,0,1.293809636279754e-07
1,1,1.0
1,0,2.2015316294777966e-07
1,0,9.003199756588953e-09
1,1,0.9999999951689347
1,1,1.0
1,1,1.0
1,1,1.0
1,1,1.0
1,0,3.865441634853808e-09
1,0,2.566649025779357e-07
1,0,6.625095779222574e-08
1,0,6.191105097831727e-08
1,1,1.0
1,1,1.0
1,1,1.0
1,1,0.9999999999997584
1,1,1.0
1,0,2.3766587824268822e-08
1,1,1.0
1,1,1.0
1,1,1.0
1,1,1.0
1,1,1.0
1,1,1.0
1,0,3.6404430771580735e-07
1,1,1.0
1,0,2.188060389132169e-07
1,1,0.9999999993711555
1,0,2.2029863665357743e-07
1,1,1.0
1,1,0.9999999802280117
1,0,2.699893425114678e-08
1,0,2.4196334974328327e-07
1,1,1.0
1,0,1.0977041917361918e-09
1,1,1.0
1,0,1.29726662480722e-08
1,1,1.0
1,0,2.416216492580027e-08
1,0,8.421341073584387e-06
1,1,1.0
1,1,1.0
1,1,1.0
1,1,1.0
1,1,1.0
1,1,0.9995457750869744
1,1,1.0
1,1,0.9999999725621794
1,0,2.3059314997236376e-08
1,0,1.4472149807396833e-08
1,1,1.0
1,1,1.0
1,1,1.0
1,1,1.0
1,1,1.0
1,1,1.0
1,0,1.879497196540346e-08
1,1,1.0
1,1,1.0
1,1,1.0
1,1,1.0
1,1,1.0
1,0,1.4065802501939292e-07
1,1,1.0
1,1,0.9999999996039008
1,0,2.813336885965586e-05
1,1,1.0
1,1,1.0
1,1,0.99999999999838
1,1,1.0
1,0,1.5186242180493362e-07
1,0,3.548843734950792e-08
1,1,1.0
1,1,0.9999983880193984
1,1,0.8957610347187491
1,1,1.0
1,0,3.417550045192448e-08
0,0,1.0252269480195954e-08
0,0,4.4507870420601246e-08
0,0,4.3105727295974376e-07
0,0,2.416557256524755e-06
0,0,2.2004901230903823e-07
0,0,1.4588469084790446e-07
0,0,1.4688131255277006e-08
0,0,3.2540423055813176e-08
0,0,1.7309475621539256e-08
0,0,5.391122671023849e-07
0,0,1.5475042336394026e-07
0,0,6.612967783152421e-08
0,0,6.010081573297271e-10
0,0,3.241304679611253e-08
0,0,6.092330077339145e-09
0,0,5.351388012266987e-06
0,0,1.8635748293004766e-07
0,0,1.7025630863351633e-08
0,0,3.129563036808193e-08
0,0,4.5591933524475866e-10
0,0,2.3991395622335215e-07
0,0,1.883295592140378e-08
0,0,8.260745485302784e-09
0,0,2.578139285018058e-08
0,0,7.438859814975684e-10
0,0,2.7651219189711656e-07
0,0,4.6654153227557824e-08
0,0,7.782098442776547e-09
0,0,1.561795961222418e-07
0,0,2.3373608695345315e-07
0,0,1.0459600495472709e-07
0,0,2.100698417331454e-09
0,0,1.1126887898757578e-06
0,0,9.214834455714665e-07
0,0,3.8382794049288483e-07
0,0,1.7583020886626752e-07
0,0,4.39499469463456e-09
0,0,8.142719723985097e-09
0,0,6.777905490444811e-08
0,0,4.151486819381167e-07
0,0,1.3467283441839175e-07
0,0,4.2977523871235444e-08
0,0,1.4743616990783689e-06
0,0,1.801210694719949e-08
0,0,1.1631500832603074e-09
0,0,5.329497454194742e-09
0,0,4.2431910882964743e-08
0,0,2.9756497092938415e-08
0,0,3.057623527058858e-08
0,0,7.851727160126535e-08
0,0,1.877554530008279e-06
0,0,1.3709501598938963e-06
0,0,3.340184062659781e-08
0,0,1.7068925858115276e-08
0,0,1.4470691127194397e-07
0,0,1.5248952949999185e-07
0,0,3.844159868533212e-08
0,0,2.8021712251422803e-07
0,0,2.4283389364422755e-08
0,0,2.8581601396285944e-09
0,0,7.215690061968149e-09
0,0,9.5454803930811e-09
0,0,2.1064486392512314e-08
0,0,3.1085208404601275e-06
0,0,7.340872354188175e-08
0,0,1.0219256943816583e-07
0,0,5.103290363338205e-06
0,0,1.0655735799438091e-08
0,0,3.2913071910865436e-06
0,0,4.125295393768023e-06
0,0,5.372710675836593e-07
0,0,1.3416341519272192e-07
0,0,5.313870640493028e-09
0,0,4.022430231700016e-08
0,0,1.1863360426359845e-07
0,0,2.9899453195863116e-07
0,0,1.835553153915941e-07
0,0,2.61606436211187e-08
0,0,5.477589855087603e-07
0,0,2.563630079913111e-07
0,0,1.6013947555286344e-07
0,0,1.8360438582472718e-07
0,0,1.308290145134984e-07
0,0,1.8827593234218601e-07
0,0,3.4594858981855243e-07
0,0,8.271136690341895e-08
0,0,2.643322921980904e-07
0,0,2.1444634368950413e-08
0,0,8.977814335834538e-08
0,0,1.7278755358486894e-06
0,0,2.0704181977670847e-07
0,0,4.0568142476640834e-08
0,0,5.4368472707886794e-08
0,0,8.072936546422615e-07
0,0,8.721657026719689e-07
0,0,3.093629999391062e-08
0,0,8.965583950693584e-09
0,0,6.366193618028523e-09
0,0,5.796567359695398e-08
0,0,1.0822274916612688e-07
0,0,2.1143689314028049e-07
0,0,4.462731087157307e-10
0,0,2.9497342054125186e-08
0,0,1.1971268252922012e-07
0,0,3.485532248423561e-09
0,0,5.97205495959761e-10
0,0,1.2412029884038487e-06
0,0,2.3160244012853275e-06
0,0,1.2410887952521696e-08
0,0,2.566067124815775e-06
0,0,4.090606963920258e-08
0,0,9.845197531758203e-09
0,0,1.6183902231466384e-08
1,1,1.0
1,1,1.0
1,0,1.0743435917596924e-07
1,1,1.0
1,0,3.728129754877402e-07
1,0,1.1682906544043934e-08
1,1,1.0
1,1,1.0
1,1,1.0
1,0,1.6239231726835105e-07
1,1,0.9987221691141166
1,1,1.0
1,1,1.0
1,1,0.9999999586606956
1,1,1.0
1,1,1.0
1,1,0.9999999999941309
1,1,1.0
1,0,9.470526842883155e-07
1,1,1.0
1,1,1.0
1,1,1.0
1,1,1.0
1,1,1.0
1,1,0.9999999999999147
1,1,1.0
1,1,0.9825399807041776
1,1,1.0
1,0,2.413100879121651e-08
1,1,1.0
1,1,1.0
1,0,0.04083213139743995
1,0,3.527020272425548e-07
1,1,1.0
1,1,1.0
1,1,1.0
1,1,1.0
1,1,1.0
1,0,3.2337806885697936e-08
1,1,1.0
1,1,1.0
1,1,1.0
1,1,1.0
1,1,1.0
1,1,1.0
1,0,1.093025158691547e-06
1,0,5.0740737413929076e-08
1,1,1.0
1,1,1.0
1,1,1.0
1,1,1.0
1,1,1.0
1,1,1.0
1,0,8.194799778270056e-08
1,1,1.0
1,1,1.0
1,1,1.0
1,1,1.0
1,0,3.5598884669178335e-07
1,1,0.9999999999993463
1,1,1.0
1,1,1.0
1,0,0.0015738950027557523
1,1,1.0
1,1,1.0
1,1,1.0
1,1,1.0
1,1,1.0
1,1,1.0
1,1,1.0
1,1,0.999999985105248
1,1,1.0
1,1,1.0
1,1,1.0
1,1,1.0
1,1,1.0
1,0,3.901368579286876e-06
1,0,2.4538997388543017e-08
1,1,1.0
1,1,0.999999999999929
1,1,0.9999999999988489
1,0,1.766524174284706e-06
1,1,1.0
1,1,1.0
1,1,1.0
1,1,0.999999999999929
1,0,1.2584487584041117e-08
1,1,1.0
1,0,1.322267675631035e-07
1,1,1.0
1,1,1.0
1,1,1.0
1,1,0.9999999999999574
1,1,1.0
1,1,1.0
1,0,4.839466961512462e-08
1,1,1.0
1,0,1.7247520116508854e-06
1,1,1.0
1,1,1.0
1,1,1.0
1,1,1.0
1,1,1.0
1,1,1.0
1,0,4.191426122740222e-08
1,1,1.0
1,1,1.0
1,1,1.0
1,1,1.0
1,0,1.7207356498936655e-08
1,0,8.324233122372708e-10
1,0,2.454851387825982e-07
1,1,0.9999999999998721
0,0,2.6722534576789313e-08
0,0,1.8248702018454061e-06
0,0,3.475547469123365e-08
0,0,5.5132960620274e-07
0,0,2.750006705258955e-08
0,0,1.5492634729682774e-08
0,0,4.462736482463413e-09
0,0,3.936245636381517e-09
0,0,2.3054694184524647e-08
0,0,1.063093594827733e-08
0,0,7.467380872545244e-06
0,0,1.264407838517674e-07
0,0,1.1700556487997797e-08
0,0,5.156128224648805e-08
0,0,4.730753049656063e-08
0,0,4.0319997725849867e-05
0,0,2.6274339361381477e-07
0,0,3.1650673038620025e-08
0,0,9.97115371928473e-07
0,0,1.663012002238088e-06
0,0,1.7902888265867964e-07
0,0,5.162680333952056e-09
0,0,6.592651905132822e-07
0,0,3.205276244029307e-08
0,0,1.9842232856093326e-08
0,0,4.119827802954695e-06
0,0,3.169510522490637e-09
0,0,2.727213875677966e-07
0,0,5.253374762654186e-06
0,0,4.43739956963736e-09
0,0,1.0110961923272957e-07
0,0,2.91732353049816e-06
0,0,3.6208685039568376e-08
0,0,4.598220356849092e-10
0,0,5.1629339174572045e-08
0,0,4.1840111651923125e-09
0,0,1.885292876571112e-06
0,0,1.5543329671521578e-08
0,0,6.690835115828915e-08
0,0,1.7388468448261397e-08
0,0,2.3673798417054853e-06
0,0,2.409291036613836e-06
0,0,1.5975075362371379e-06
0,0,8.447016736622242e-08
0,0,2.2013827722706956e-08
0,0,1.52766454118654e-07
0,0,1.5578503626132228e-08
0,0,1.3042068963198042e-07
0,0,5.878358760050653e-07
0,0,1.0305149988419751e-08
0,0,9.101401329654846e-08
0,0,7.008875143886439e-07
0,0,3.258391995309509e-07
0,0,2.1569017057958484e-07
0,0,1.261529988235248e-05
0,0,7.357824229473734e-07
0,0,1.0795071919184153e-06
0,0,3.927396061307408e-07
0,0,1.2152262637706544e-06
0,0,2.059681854288482e-08
0,0,1.572834727879225e-05
0,0,1.7615546887085938e-06
0,0,5.5578707160910856e-08
0,0,1.3624795176830427e-08
0,0,5.61051771544129e-08
0,0,5.690966276211808e-08
0,0,7.782412900411767e-08
0,0,2.9527700714717822e-09
0,0,1.5529737076026814e-07
0,0,4.204275517064344e-06
0,0,5.7199013655373256e-08
0,0,4.154691437271062e-08
0,0,1.2674596666341304e-07
0,0,1.5319936372536923e-06
0,0,2.6878938390490873e-09
0,0,3.2576232485775657e-09
0,0,1.3086707803691938e-08
0,0,9.17275150015453e-07
0,0,9.014057267041811e-07
0,0,6.702734264639677e-07
0,0,1.1388628240463709e-06
0,0,2.470426676572749e-08
0,0,1.225352431395855e-07
0,0,2.652094249430023e-07
0,0,1.860376280879511e-07
0,0,7.377125884861344e-05
0,0,5.260099549036089e-06
0,0,9.737284354245979e-08
0,0,1.5801725008875498e-07
0,0,1.4340527007397377e-05
0,0,1.7037044947925415e-07
0,0,2.4467446707833033e-06
0,0,5.803039559214529e-08
0,0,2.1068638207677993e-07
0,0,3.788958685898613e-08
0,0,1.5011999076040775e-09
0,0,2.7251043847837775e-08
0,0,1.3463809507581082e-07
0,0,8.68980473706778e-10
0,0,5.360238612586805e-07
0,0,2.7417163959112786e-08
0,0,2.8942303892614278e-08
0,0,3.103765014362025e-08
0,0,3.5143879108734114e-08
0,0,2.2629834806073612e-08
0,0,1.1382236319537295e-07
0,0,4.833530327793077e-07
0,0,1.1253208144066285e-07
0,0,9.009030203862338e-07
0,0,1.6782208061718177e-07
0,0,7.948036763695761e-08
0,0,6.544125987549451e-05
0,0,3.2562105152401913e-07
1,0,3.021097723808723e-07
1,0,7.417124123128236e-08
1,0,1.3519551675881338e-06
1,1,0.9999999977074623
1,1,1.0
1,1,1.0
1,1,0.9999999999937472
1,1,1.0
1,1,1.0
1,1,1.0
1,1,1.0
1,0,0.049881698635287304
1,1,1.0
1,0,0.0017799661619683756
1,0,4.2840955759026014e-07
1,0,8.619344896786158e-08
1,1,1.0
1,1,1.0
1,1,1.0
1,1,1.0
1,1,1.0
1,1,1.0
1,1,1.0
1,1,0.9999999889522259
1,1,1.0
1,1,1.0
1,1,1.0
1,0,3.3260943025306176e-05
1,1,1.0
1,1,0.9999999999999858
1,1,1.0
1,1,1.0
1,1,1.0
1,0,1.2766456868358569e-06
1,1,0.9999951048068585
1,1,1.0
1,1,1.0
1,1,0.9999999893119594
1,1,1.0
1,0,0.08399742919324261
1,1,1.0
1,1,1.0
1,1,1.0
1,1,0.9999999998918128
1,0,1.0763916598874713e-06
1,1,1.0
1,1,1.0
1,0,2.692769695018077e-08
1,0,0.05665226347862639
1,1,0.9999999999405702
1,0,6.742412311199428e-06
1,1,1.0
1,1,1.0
1,0,3.8894903608341787e-08
1,1,1.0
1,0,6.904036720609076e-08
1,0,0.0006388989621644713
1,1,1.0
1,1,1.0
1,1,1.0
1,1,1.0
1,1,1.0
1,1,1.0
1,1,1.0
1,1,1.0
1,1,0.9999999996052793
1,1,1.0
1,1,0.9999999999311484
1,0,7.17414930162845e-08
1,0,3.0470074074690357e-06
1,1,1.0
1,0,7.481737012657023e-05
1,0,1.3207299907874666e-07
1,1,1.0
1,0,7.806471693181198e-08
1,1,0.9999994965001366
1,0,1.4008006298937975e-07
1,1,1.0
1,1,1.0
1,1,1.0
1,1,1.0
1,1,1.0
1,1,1.0
1,1,1.0
1,1,1.0
1,1,1.0
1,1,1.0
1,0,0.17453120333240957
1,1,1.0
1,0,2.235493744034361e-09
1,0,9.193761748477666e-09
1,0,2.3694197453590736e-07
1,1,1.0
1,1,1.0
1,1,0.9999999506001996
1,1,1.0
1,0,0.1465046489498816
1,1,1.0
1,1,1.0
1,1,0.9999999999524789
1,1,0.9999999999746763
1,1,1.0
1,1,1.0
1,0,0.0002983929529434979
1,1,1.0
1,1,1.0
1,1,1.0
1,1,1.0
1,1,1.0
1,1,1.0
1,1,1.0
1,0,7.413727697599634e-08
1,1,1.0
0,0,1.97660433113811e-07
0,0,2.167215917880848e-07
0,0,2.2187461285033773e-08
0,0,2.3071941594482275e-07
0,0,4.745795910120821e-06
0,0,1.746825184749258e-08
0,0,1.5055447895540533e-07
0,0,2.5128231279510954e-07
0,0,2.7547308426164557e-06
0,0,5.4745522075385104e-08
0,0,5.4544047137647036e-08
0,0,2.4777468578497456e-06
0,0,1.8799963455827923e-06
0,0,3.613642282216921e-07
0,0,9.385181930115062e-08
0,0,9.38376257918754e-09
0,0,2.8261994633699263e-07
0,0,1.859890482255077e-08
0,0,1.625103741519667e-06
0,0,8.218869427932158e-08
0,0,2.5696159245302135e-06
0,0,3.7808509841437595e-07
0,0,8.423164809155335e-08
0,0,3.3110085890830086e-05
0,0,1.2880089510920116e-07
0,0,1.674810310928632e-06
0,0,7.160696659638688e-09
0,0,1.7738140946135494e-07
0,0,2.6289049232041894e-07
0,0,3.9094400779662237e-07
0,0,3.203983510382781e-08
0,0,6.846954345588038e-09
0,0,5.522502930627495e-07
0,0,1.2207687581929151e-05
0,0,5.137861652012364e-10
0,0,5.279901895190068e-07
0,0,2.3625048723189827e-09
0,0,2.3357933065454821e-07
0,0,4.358205909985837e-08
0,0,1.1557038829713764e-07
0,0,1.356587181389128e-07
0,0,1.748250059785885e-05
0,0,8.177314128197949e-08
0,0,8.168756886176243e-08
0,0,7.054985675777332e-08
0,0,9.057649610997423e-08
0,0,1.4649130339621666e-08
0,0,9.971932967349563e-08
0,0,1.661716357288488e-08
0,0,2.2968344781960065e-06
0,0,1.8101018587009947e-06
0,0,1.0024945614404828e-05
0,0,2.628456994861166e-07
0,0,4.961310776111074e-08
0,0,2.057723624621361e-08
0,0,4.0270563594595907e-07
0,0,6.640911516450615e-09
0,0,1.7329519851694748e-08
0,0,7.148164660787374e-06
0,0,5.345529765867218e-08
0,0,2.1320670127137462e-05
0,0,6.884670096026972e-07
0,0,2.9894951597083396e-07
0,0,1.0487844634809365e-06
0,0,4.764259697763444e-06
0,0,7.889464895327621e-07
0,0,7.028391759069848e-07
0,0,8.022173926237684e-08
0,0,2.8801765967713887e-08
0,0,1.904534344440407e-06
0,0,3.233689702751881e-07
0,0,2.724161055775536e-07
0,0,6.1985430290481e-08
0,0,6.149668777598086e-08
0,0,1.212227190452898e-05
0,0,1.3059097337473374e-08
0,0,8.057472930182068e-07
0,0,3.1905983366449825e-09
0,0,8.23004936653044e-08
0,0,3.604512023464405e-05
0,0,2.2439815655056833e-06
0,0,2.242613232072637e-07
0,0,6.013539215388891e-08
0,0,0.00015582404139246014
0,0,7.430645609718104e-06
0,0,8.887018090000438e-08
0,0,2.581729282362446e-06
0,0,1.1554037762902345e-07
0,0,2.216735391919269e-07
0,0,3.953872119248711e-07
0,0,6.545342697649663e-07
0,0,5.491013438349955e-07
0,0,1.283236638479377e-05
0,0,3.735443438274641e-07
0,0,2.642204689308317e-07
0,0,2.4968081498084398e-06
0,0,5.783144712774177e-08
0,0,6.4500618539532266e-09
0,0,1.1397051823685726e-08
0,0,4.919738497036297e-07
0,0,8.106090044888647e-07
0,0,6.764699859566747e-08
0,0,4.8847233788268745e-08
0,0,8.497145718924313e-09
0,0,1.855764935362629e-08
0,0,1.8621116548565614e-08
0,0,3.506286457985421e-08
0,0,1.1730843452074412e-06
0,0,4.2135911189593854e-10
0,0,3.592323587067059e-09
0,0,4.126055136973913e-06
0,0,2.90267305291445e-07
0,0,5.635544976307379e-08
1,1,1.0
1,1,1.0
1,1,1.0
1,1,1.0
1,1,1.0
1,1,1.0
1,0,1.601170149152451e-07
1,1,1.0
1,1,1.0
1,0,5.562230838997425e-09
1,1,1.0
1,1,1.0
1,1,1.0
1,1,1.0
1,1,1.0
1,1,1.0
1,1,1.0
1,1,0.9999999999989342
1,0,1.1132436944424619e-07
1,0,1.0107468505668724e-07
1,0,1.105085978443022e-07
1,0,2.770187210437704e-07
1,1,1.0
1,1,1.0
1,1,1.0
1,1,1.0
1,1,1.0
1,1,1.0
1,1,1.0
1,1,1.0
1,0,2.5716746613776958e-08
1,0,5.694806032900926e-09
1,1,1.0
1,0,6.139691626878387e-07
1,1,1.0
1,1,1.0
1,1,1.0
1,1,1.0
1,1,0.9999999999999716
1,0,1.3485607890636343e-06
1,1,1.0
1,0,0.02931815336212953
1,1,1.0
1,1,1.0
1,1,1.0
1,0,1.0838666928136913e-05
1,1,0.9991419823927324
1,0,2.9063881538846456e-07
1,1,1.0
1,1,0.9999999999993463
1,1,0.9999999999999716
1,1,1.0
1,1,1.0
1,1,1.0
1,1,0.9999999999986784
1,1,1.0
1,0,1.5392707528048499e-06
1,1,1.0
1,1,0.726091983026047
1,1,1.0
1,1,1.0
1,1,1.0
1,1,1.0
1,1,1.0
1,0,1.1848574971645354e-07
1,1,1.0
1,1,1.0
1,1,1.0
1,1,1.0
1,1,1.0
1,1,1.0
1,1,0.9999999999999858
1,1,1.0
1,0,1.67402752971711e-07
1,1,1.0
1,0,4.969653831456371e-07
1,0,4.588904385717565e-07
1,1,1.0
1,1,1.0
1,1,0.9999999999996874
1,0,3.815645410387563e-07
1,1,0.9999999999999574
1,1,1.0
1,1,0.9999313864975649
1,1,1.0
1,0,2.8747115544126435e-06
1,1,1.0
1,1,1.0
1,1,1.0
1,0,5.4979235836728544e-08
1,1,0.9691751920765337
1,1,1.0
1,1,1.0
1,1,1.0
1,0,0.016285011790748122
1,1,1.0
1,1,1.0
1,1,1.0
1,1,1.0
1,0,3.5083730460874816e-06
1,1,1.0
1,1,1.0
1,1,1.0
1,1,1.0
1,1,1.0
1,1,1.0
1,1,1.0
1,1,1.0
1,1,1.0
1,1,1.0
1,0,2.8122167240459434e-07
1,0,1.6722279448750522e-07
1,1,1.0
0,0,1.033628751084406e-06
0,0,2.547771814340123e-09
0,0,3.731736294983989e-06
0,0,3.5300378900841655e-08
0,0,4.7218747120645383e-07
0,0,1.240283822291923e-07
0,0,3.1889851375948265e-07
0,0,3.374416562144861e-07
0,0,1.7253123113066542e-08
0,0,7.171897321691302e-06
0,0,3.2893895362887938e-09
0,0,5.851515180470897e-07
0,0,2.0690527612414335e-06
0,0,2.217522130682182e-07
0,0,7.568915381519656e-07
0,0,2.502797140521619e-06
0,0,7.983189508031972e-07
0,0,3.683742254581938e-08
0,0,7.767340255293228e-07
0,0,2.6503033139679313e-08
0,0,6.460698491422442e-09
0,0,1.464998738488611e-07
0,0,9.316432929505603e-08
0,0,9.544004666014125e-08
0,0,4.994135921498532e-10
0,0,5.220572341493174e-08
0,0,3.542115020716473e-07
0,0,4.444484034172424e-08
0,0,1.7091378948472914e-08
0,0,4.7440862678026075e-08
0,0,5.816256510404027e-07
0,0,5.7614986873101715e-08
0,0,3.2470699857403213e-06
0,0,1.5233181356522869e-07
0,0,1.5254386588797218e-08
0,0,1.984877386381248e-07
0,0,3.507819595770111e-09
0,0,5.833827530914092e-07
0,0,4.850822950376719e-07
0,0,1.823840399665302e-07
0,0,7.688833157940907e-09
0,0,2.0335624323123375e-09
0,0,2.4770401687132413e-06
0,0,6.417081743561293e-06
0,0,2.827549925858166e-07
0,0,2.1695137470656068e-08
0,0,5.54281048930865e-07
0,0,7.020737135904877e-07
0,0,9.435986176779564e-08
0,0,3.832644541251325e-09
0,0,1.9956937292025922e-08
0,0,7.272696709270871e-08
0,0,8.327942006724128e-07
0,0,4.883858091310874e-08
0,0,6.148695504195726e-09
0,0,1.5340967728326432e-08
0,0,3.547975727139697e-08
0,0,5.920707243643116e-08
0,0,1.3047573955959507e-08
0,0,1.2129196271108221e-08
0,0,2.3690986424870166e-07
0,0,4.726797564005337e-08
0,0,4.0076615543771047e-08
0,0,5.63799609614331e-08
0,0,2.391421555739199e-09
0,0,3.4991848475307044e-08
0,0,1.4219473401472055e-06
0,0,5.853113735457874e-08
0,0,2.864415352352597e-06
0,0,1.5196122613899254e-07
0,0,5.275504540726892e-09
0,0,1.0735716099625256e-08
0,0,1.535296223192436e-08
0,0,1.172998298540108e-07
0,0,3.469849464272023e-06
0,0,2.453986405475948e-09
0,0,3.9659343635739515e-09
0,0,1.17158024981424e-07
0,0,6.426373064981403e-08
0,0,3.861177982597793e-08
0,0,1.0651173995435502e-06
0,0,2.521971797487853e-08
0,0,2.937144765677958e-06
0,0,3.199754833360274e-07
0,0,9.497799955441267e-08
0,0,2.3737035725001667e-06
0,0,1.6320651398093464e-08
0,0,9.846001029161364e-09
0,0,2.027858397885987e-09
0,0,3.146742545266239e-07
0,0,4.9552790874282224e-06
0,0,1.2684872897658712e-08
0,0,2.4695413485357293e-07
0,0,7.151897592723149e-08
0,0,1.4104191151653921e-09
0,0,2.4686673131245035e-08
0,0,2.7817500334458105e-07
0,0,4.38549313654377e-09
0,0,2.4828530247658067e-09
0,0,1.381202089153798e-08
0,0,3.288933723600076e-08
0,0,2.3546721556905162e-07
0,0,8.987779562632157e-09
0,0,1.0239904933221103e-06
0,0,1.9754681877901159e-07
0,0,2.571298048271415e-06
0,0,1.9994311123923974e-08
0,0,5.793203915002435e-08
0,0,1.06609627881559e-07
0,0,5.791051715362259e-07
0,0,4.7446986390862364e-08
0,0,6.335138085375206e-08
0,0,1.420199397207549e-07
1,0,2.7096314561955968e-09
1,1,1.0
1,0,7.767720592400084e-10
1,1,1.0
1,1,1.0
1,1,1.0
1,0,5.515147195834714e-08
1,1,1.0
1,1,0.9999995700106369
1,1,1.0
1,1,1.0
1,1,1.0
1,1,1.0
1,1,1.0
1,1,1.0
1,1,1.0
1,1,1.0
1,1,1.0
1,0,1.1709087303348034e-08
1,1,0.9999999996203428
1,1,0.9999999994162323
1,1,1.0
1,1,0.9999999999782005
1,1,1.0
1,1,1.0
1,1,1.0
1,0,1.5178875510692758e-07
1,1,1.0
1,1,1.0
1,1,1.0
1,0,1.6423172628277573e-07
1,0,1.9403192907730248e-07
1,1,1.0
1,1,1.0
1,1,1.0
1,1,1.0
1,1,1.0
1,0,8.242062714120017e-07
1,1,1.0
1,0,1.4963788645018677e-09
1,0,6.265085230262326e-08
1,1,1.0
1,0,4.345423449989296e-07
1,1,1.0
1,1,1.0
1,1,1.0
1,1,1.0
1,1,1.0
1,1,1.0
1,1,0.999999999895806
1,1,1.0
1,1,1.0
1,1,0.999999996569187
1,0,1.7677451447220748e-07
1,1,1.0
1,1,1.0
1,1,1.0
1,1,1.0
1,1,1.0
1,1,1.0
1,1,1.0
1,1,1.0
1,1,1.0
1,1,1.0
1,1,1.0
1,1,1.0
1,0,4.894200278426001e-07
1,1,0.9999999993868443
1,1,1.0
1,1,1.0
1,1,1.0
1,1,1.0
1,1,0.6164679718885314
1,1,0.9999999956575323
1,1,1.0
1,1,0.9999999999607212
1,1,1.0
1,1,1.0
1,1,0.8861345139626307
1,0,4.4567788260040416e-08
1,1,0.8063312076882871
1,1,1.0
1,0,3.866027341335656e-07
1,0,4.8966714259503776e-08
1,1,1.0
1,1,1.0
1,0,0.00012417429229217067
1,1,1.0
1,1,1.0
1,1,1.0
1,1,1.0
1,1,1.0
1,1,1.0
1,1,1.0
1,1,1.0
1,1,1.0
1,1,1.0
1,1,1.0
1,1,1.0
1,1,0.9999999999891855
1,1,1.0
1,1,1.0
1,0,6.7489320144066536e-09
1,1,1.0
1,1,1.0
1,1,1.0
1,1,1.0
1,1,1.0
1,1,1.0
1,1,1.0
1,1,1.0
1,1,1.0
1,1,1.0
0,0,1.93375862963036e-06
0,0,2.343441525201211e-08
0,0,1.86281328337236e-08
0,0,1.1683943645035074e-07
0,0,6.3066698892896105e-09
0,0,2.9914342596648815e-07
0,0,1.1468620339340897e-06
0,0,1.7120737651673338e-05
0,0,3.863074361815517e-08
0,0,1.14947743818042e-08
0,0,2.867382216985088e-07
0,0,9.733982952542519e-08
0,0,1.3109892902555134e-07
0,0,2.687153052368125e-07
0,0,9.611377397826777e-07
0,0,8.505114955389502e-09
0,0,1.180185919493393e-08
0,0,1.2774297605679412e-08
0,0,5.064347436998035e-07
0,0,2.7548256042415074e-07
0,0,2.363467874213042e-09
0,0,1.1656245697722705e-08
0,0,2.207768739723444e-07
0,0,7.989001979518315e-08
0,0,8.771757128929165e-06
0,0,5.492814607910055e-10
0,0,1.9655446379323512e-07
0,0,3.705308439386588e-06
0,0,2.952519627654256e-07
0,0,1.0962575563077747e-07
0,0,1.970500863966245e-06
0,0,7.526693138087176e-07
0,0,4.904331104091601e-08
0,0,1.2513133387734887e-07
0,0,1.7071092452352702e-08
0,0,1.894625192760471e-07
0,0,4.509230189976945e-08
0,0,8.175347653736321e-09
0,0,6.121620320316618e-11
0,0,7.263051252750462e-07
0,0,2.3390055805196307e-08
0,0,3.334992043707041e-06
0,0,6.819781128287298e-08
0,0,3.133545556491266e-08
0,0,1.5331430090786454e-09
0,0,1.4304839598163035e-08
0,0,3.780196186416639e-07
0,0,1.6063434702173163e-08
0,0,8.164013487988865e-08
0,0,2.5532837446068473e-07
0,0,1.3822556606722811e-06
0,0,9.67537107112286e-06
0,0,2.1161271519742405e-08
0,0,1.3694709636381317e-08
0,0,8.468734457458661e-07
0,0,1.5308807217935057e-09
0,0,2.200616347888935e-06
0,0,8.465432369196928e-07
0,0,3.937447388293694e-09
0,0,2.582521382322908e-07
0,0,1.8468439270829748e-07
0,0,4.3743504494674306e-09
0,0,9.925981836654695e-09
0,0,6.950772629590438e-08
0,0,3.968094037940865e-07
0,0,3.7729352228110406e-08
0,0,6.078649271727472e-08
0,0,3.691147224095748e-08
0,0,7.309760637519616e-09
0,0,6.995665621491701e-09
0,0,2.493705976700202e-07
0,0,2.667406587555113e-07
0,0,1.6763407583229946e-08
0,0,3.2420980434732035e-07
0,0,1.0130596781943014e-07
0,0,3.5930063380898175e-09
0,0,1.1288839674580552e-06
0,0,5.580431910121193e-08
0,0,2.5895730733865763e-09
0,0,6.0578466982624016e-09
0,0,2.675867283822572e-07
0,0,9.545651105769667e-09
0,0,4.463258842341084e-07
0,0,1.9476316119408459e-07
0,0,5.721758344245504e-08
0,0,1.2390929406005213e-09
0,0,2.1867187298995586e-07
0,0,1.107627400436734e-07
0,0,2.977924765338854e-07
0,0,9.825906223654711e-08
0,0,4.43307206783996e-07
0,0,9.856151807067312e-06
0,0,6.755226861425051e-07
0,0,3.500080053713034e-06
0,0,1.100913864890866e-07
0,0,1.181511661440094e-07
0,0,1.1461440545232595e-09
0,0,2.340493406753255e-08
0,0,4.0599434481359326e-08
0,0,2.19286463612199e-06
0,0,4.029142992625916e-07
0,0,1.9945447329671756e-09
0,0,3.704667727697025e-10
0,0,3.4336561402247322e-06
0,0,1.9948937419303878e-07
0,0,2.513764043172562e-06
0,0,2.5449059203989966e-08
0,0,9.622781405548476e-07
0,0,8.337640920931568e-08
0,0,7.842775736705412e-07
0,0,2.4383005321077753e-05
0,0,8.447155634045348e-07
0,0,1.1252631386415607e-07
1,0,1.2583342331306354e-06
1,0,8.692935532397516e-09
1,1,0.9288044156622303
1,1,0.9999580643607955
1,0,3.5025427907988824e-07
1,1,1.0
1,1,1.0
1,1,0.9999999999996305
1,1,0.99569198883044
1,1,1.0
1,0,0.00011809889823473177
1,1,1.0
1,1,1.0
1,1,1.0
1,1,0.8705480935302559
1,1,0.9999999999997868
1,1,1.0
1,1,0.9999999999999858
1,1,1.0
1,1,1.0
1,1,1.0
1,1,1.0
1,0,1.285186653847999e-07
1,1,1.0
1,1,1.0
1,1,1.0
1,1,1.0
1,1,1.0
1,0,1.9441710158987684e-08
1,0,5.828555682488583e-08
1,1,1.0
1,1,1.0
1,1,1.0
1,1,1.0
1,0,1.0031517484388927e-06
1,0,4.1068519769665e-10
1,1,1.0
1,1,1.0
1,1,1.0
1,1,1.0
1,1,1.0
1,1,1.0
1,0,0.017493376154291737
1,1,1.0
1,0,0.0006919471095365189
1,1,1.0
1,1,1.0
1,0,0.002350459546833079
1,1,1.0
1,1,1.0
1,1,1.0
1,1,0.9999999999999858
1,1,0.9999999959035648
1,1,1.0
1,0,4.1154635923644946e-08
1,1,1.0
1,1,0.9999999969547986
1,1,1.0
1,1,1.0
1,0,4.270253456110266e-08
1,1,1.0
1,1,1.0
1,1,1.0
1,1,1.0
1,1,1.0
1,1,1.0
1,0,2.6948128791059876e-07
1,1,1.0
1,0,1.945792500744552e-07
1,1,1.0
1,1,1.0
1,0,7.965724142096801e-08
1,1,1.0
1,1,1.0
1,1,1.0
1,1,1.0
1,1,0.9999999999999858
1,1,1.0
1,1,1.0
1,0,3.296338414457776e-06
1,1,0.550584444773266
1,1,1.0
1,1,1.0
1,0,4.87493945338837e-08
1,0,2.0383216666358754e-07
1,1,1.0
1,1,1.0
1,1,1.0
1,1,0.6342030459146539
1,1,1.0
1,1,1.0
1,1,1.0
1,1,1.0
1,1,0.999999999999929
1,1,1.0
1,1,1.0
1,1,1.0
1,1,1.0
1,1,1.0
1,0,0.043097945650493824
1,1,1.0
1,1,1.0
1,0,2.0951249232609963e-07
1,1,1.0
1,1,1.0
1,1,1.0
1,1,1.0
1,1,1.0
1,1,1.0
1,1,1.0
1,0,4.5585384207626884e-08
1,1,1.0
1,1,1.0
0,0,1.1343900192094924e-05
0,0,5.23405589249733e-10
0,0,2.275228042577995e-08
0,0,1.1959835900421027e-07
0,0,4.469404886930957e-07
0,0,1.6828480592519172e-09
0,0,2.175521752318664e-08
0,0,2.627706741418448e-08
0,0,1.6161322837078066e-07
0,0,3.0480292559683863e-07
0,0,7.585161441008363e-07
0,0,4.783128129994784e-08
0,0,3.955000015683546e-06
0,0,2.207521585600471e-06
0,0,8.423437318023439e-06
0,0,9.55101839038691e-07
0,0,4.141005729574547e-09
0,0,1.9923662337892653e-06
0,0,5.252966784490798e-06
0,0,1.1878178676730198e-06
0,0,1.4940863418366044e-07
0,0,3.953928869321126e-09
0,0,5.316058630247658e-09
0,0,1.8336409033094838e-07
0,0,7.420402155064568e-08
0,0,1.8258402135763723e-07
0,0,6.525668285428179e-08
0,0,2.2669832349934013e-07
0,0,1.7774777915788557e-07
0,0,5.665168099486069e-07
0,0,5.438715993100675e-08
0,0,3.001283987259054e-07
0,0,3.7584772387112973e-07
0,0,2.6667868062579724e-07
0,0,2.0784526698175952e-07
0,0,2.253763061779772e-08
0,0,7.835103742996046e-09
0,0,6.216322111459441e-06
0,0,1.389217750070471e-09
0,0,1.7060681792076702e-08
0,0,8.893481251731947e-07
0,0,4.5708224615123e-08
0,0,5.376349887024767e-07
0,0,4.0221888403581926e-07
0,0,6.283635999538224e-06
0,0,4.720111521530095e-08
0,0,1.7617229277405894e-07
0,0,4.863578950646514e-08
0,0,2.8754405085233523e-07
0,0,1.1304078479057051e-08
0,0,4.7588832461859904e-08
0,0,5.990466945137513e-08
0,0,2.856738837349361e-09
0,0,4.0030052152767706e-07
0,0,1.961902971432652e-08
0,0,3.539252943318571e-08
0,0,1.441370181357727e-07
0,0,3.7027658651816622e-09
0,0,1.3883001822227683e-08
0,0,2.188460574214058e-06
0,0,3.3815544837135277e-10
0,0,1.2199363355283313e-08
0,0,1.8144658783681246e-06
0,0,8.075959823104866e-08
0,0,4.324895503335111e-08
0,0,4.380158344928779e-06
0,0,5.017065263040232e-07
0,0,4.996668510775302e-06
0,0,3.14634481168083e-07
0,0,1.8066162251829876e-06
0,0,6.261310238163959e-07
0,0,5.270648575678073e-08
0,0,8.887698545923053e-08
0,0,1.0973530204792116e-07
0,0,4.390097349596005e-08
0,0,2.1701431135416925e-07
0,0,1.7384958543325557e-06
0,0,1.933417822125143e-09
0,0,3.018409695658626e-08
0,0,2.7604219700218193e-08
0,0,2.229977009140219e-06
0,0,3.7538911811442796e-06
0,0,6.941210512928323e-06
0,0,1.3018442296053456e-07
0,0,1.9765901345943944e-08
0,0,3.0977979792157303e-07
0,0,2.9193109188992294e-06
0,0,3.023714598515184e-08
0,0,7.499745607422503e-07
0,0,3.9914840694368046e-10
0,0,4.9108320369767497e-08
0,0,1.7598624743357512e-07
0,0,2.682363494396493e-08
0,0,4.585900314639821e-05
0,0,7.179004943044836e-10
0,0,1.3388831690495251e-09
0,0,1.790679480582786e-07
0,0,3.2696716457586097e-07
0,0,9.699180083619985e-07
0,0,3.21814240790808e-07
0,0,7.540343486257185e-07
0,0,4.661611639943645e-09
0,0,4.5942949678246045e-07
0,0,7.68339255984284e-09
0,0,6.21779696283634e-08
0,0,6.592067462306529e-07
0,0,6.379785527569456e-07
0,0,1.475702006965935e-07
0,0,1.6492486551627722e-06
0,0,1.0319599491842365e-05
0,0,5.300823178688132e-07
0,0,5.4643510830260814e-08
0,0,6.99792838699963e-10
1,0,3.855704043760452e-06
1,0,0.0028739843909888494
1,1,1.0
1,0,5.738575284327002e-07
1,1,1.0
1,1,1.0
1,0,7.911328257634525e-07
1,1,0.9999999994654729
1,1,1.0
1,0,9.682118546664426e-09
1,1,0.9999999999998295
1,1,1.0
1,1,0.9999999994272741
1,0,0.000474879922444939
1,1,1.0
1,1,1.0
1,1,1.0
1,1,1.0
1,1,1.0
1,1,1.0
1,1,1.0
1,1,1.0
1,0,1.8206912038019177e-08
1,1,1.0
1,1,0.9999999805566377
1,1,0.9999999999984794
1,1,0.9999999975186995
1,1,0.9999896727134475
1,1,1.0
1,1,1.0
1,1,1.0
1,1,1.0
1,1,1.0
1,1,0.9974692404772151
1,1,1.0
1,1,1.0
1,1,1.0
1,1,1.0
1,1,1.0
1,1,1.0
1,1,0.9999999999777884
1,0,0.010290383824283785
1,1,1.0
1,1,1.0
1,1,1.0
1,1,1.0
1,1,1.0
1,1,1.0
1,1,1.0
1,1,0.9435033826441592
1,1,1.0
1,0,0.0009188421983949586
1,1,1.0
1,1,1.0
1,1,1.0
1,1,1.0
1,1,0.9999999985566461
1,0,0.005395869432986299
1,0,8.395322921200006e-08
1,1,1.0
1,1,1.0
1,1,1.0
1,1,0.9999999988123562
1,1,0.9999999999992042
1,1,1.0
1,0,1.810842874129266e-07
1,1,1.0
1,1,1.0
1,0,5.102974314088849e-07
1,1,0.9999999979129512
1,1,1.0
1,1,1.0
1,0,5.21543942446086e-07
1,1,1.0
1,1,1.0
1,1,1.0
1,0,3.774886373225095e-07
1,0,0.0006637522092030483
1,1,1.0
1,1,1.0
1,1,1.0
1,1,1.0
1,1,1.0
1,1,1.0
1,1,1.0
1,1,1.0
1,1,1.0
1,1,1.0
1,1,1.0
1,0,3.0427274570014983e-07
1,0,4.2656427452066866e-08
1,1,0.9999999999995737
1,1,1.0
1,1,0.9917179759267823
1,0,1.984390334140345e-06
1,1,1.0
1,1,1.0
1,1,0.9999999080125164
1,1,0.9999988664758378
1,1,1.0
1,1,1.0
1,1,1.0
1,1,1.0
1,1,0.9999999881460299
1,1,1.0
1,1,1.0
1,1,1.0
1,0,1.593534708715554e-06
1,1,1.0
1,1,1.0
1,1,1.0
1,1,1.0
1,1,1.0
0,0,6.320853239694991e-06
0,0,3.530240739519978e-07
0,0,1.0063646833133547e-05
0,0,1.6852735452062824e-07
0,0,5.355839504209123e-07
0,0,2.2457172037887453e-07
0,0,1.4915871282746415e-08
0,0,1.8252890396956267e-07
0,0,7.583696235873727e-08
0,0,1.7092927220051008e-07
0,0,2.632296187203796e-07
0,0,1.6718654900614988e-06
0,0,1.080144642987285e-08
0,0,3.442382263253894e-06
0,0,3.4281555892936156e-07
0,0,1.005721603582739e-08
0,0,1.5467042712073174e-07
0,0,6.313663234667758e-08
0,0,1.237426690844954e-07
0,0,7.418445494560914e-07
0,0,1.0044884018148653e-07
0,0,3.060061602750508e-06
0,0,3.7119703193890073e-06
0,0,1.2168975372498085e-07
0,0,1.7216959861597444e-07
0,0,8.905529530771581e-09
0,0,2.6252330315712595e-09
0,0,1.931864408182545e-06
0,0,6.143499495441859e-07
0,0,7.132989381994514e-07
0,0,1.1564077274064871e-06
0,0,4.2654447242767246e-08
0,0,7.531285414043798e-06
0,0,5.9018207400988685e-09
0,0,4.5376726615602606e-07
0,0,4.1216570060888745e-08
0,0,5.174123698637376e-07
0,0,3.8132962582963976e-07
0,0,2.0322652975459967e-07
0,0,2.119448284915791e-06
0,0,1.0835488379492246e-06
0,0,3.625062588776896e-07
0,0,3.9722518855655685e-07
0,0,8.380875095647321e-07
0,0,7.528635066582515e-08
0,0,1.6213959944726481e-06
0,0,1.5971882252806289e-06
0,0,9.038315300473592e-06
0,0,3.699222356160006e-07
0,0,7.63450351004895e-08
0,0,4.4944560909607593e-07
0,0,6.012580157224356e-07
0,0,2.8909758722241097e-06
0,0,1.8851593818811158e-06
0,0,2.9513542388990966e-08
0,0,1.266718769032725e-07
0,0,2.1131538492304124e-05
0,0,2.637413221251313e-08
0,0,1.7703869556722634e-08
0,0,3.081354488387221e-08
0,0,8.982676147355308e-07
0,0,4.955801962771728e-07
0,0,1.851172553153667e-06
0,0,3.1621310837934644e-08
0,0,3.354413201751369e-09
0,0,3.5154658228572936e-08
0,0,2.0725250022262143e-07
0,0,8.715424127791958e-07
0,0,2.3015234586681875e-07
0,0,1.5331356981034262e-06
0,0,1.5088630376317496e-08
0,0,4.204351705079829e-05
0,0,2.2358027809837684e-06
0,0,3.2273664648075855e-06
0,0,2.3296381363034825e-06
0,0,1.4866399281166216e-07
0,0,1.8685847643326153e-08
0,0,2.940519758392172e-07
0,0,5.015767972571712e-06
0,0,8.754421333381944e-07
0,0,6.493347400257936e-08
0,0,1.320304101023886e-08
0,0,4.338596436313775e-07
0,0,2.3106491346819107e-06
0,0,3.1266429835048426e-07
0,0,3.2236460122339297e-07
0,0,2.3057057922455293e-08
0,0,2.2303360721660206e-07
0,0,1.0338372765279794e-06
0,0,2.4953244206152747e-07
0,0,3.6464009093695013e-06
0,0,2.640249283133218e-07
0,0,4.8171673502126956e-08
0,0,2.1304713160883493e-07
0,0,1.9806442192729358e-08
0,0,2.1049065988183123e-08
0,0,3.098061417756907e-07
0,0,1.49600987488427e-07
0,0,2.4296698271032815e-07
0,0,1.176541410857117e-06
0,0,1.0136101460387517e-05
0,0,5.255398332401923e-09
0,0,6.665980266172963e-05
0,0,4.2659947761147804e-07
0,0,7.900653323352296e-09
0,0,2.215407880037918e-06
0,0,6.622594042691936e-08
0,0,3.315775043140319e-08
0,0,1.7984217033985213e-07
0,0,1.3641309660738144e-06
0,0,3.9800361866917867e-07
0,0,6.9295282371637e-07
0,0,4.470760587077091e-09
1,1,1.0
1,0,3.372773029459052e-08
1,0,5.620335983582552e-07
1,0,2.055471909992053e-08
1,1,1.0
1,1,1.0
1,1,1.0
1,0,1.3430639967037986e-07
1,1,1.0
1,1,1.0
1,1,1.0
1,1,1.0
1,0,8.760851957747804e-08
1,1,1.0
1,1,1.0
1,1,1.0
1,0,1.0370104683143026e-07
1,1,1.0
1,1,1.0
1,1,1.0
1,0,1.2864745046107867e-08
1,1,1.0
1,1,1.0
1,0,1.0274674215529998e-06
1,1,1.0
1,1,0.9999999980575467
1,0,1.4490156254164241e-08
1,1,1.0
1,1,1.0
1,1,1.0
1,1,1.0
1,1,1.0
1,1,1.0
1,1,1.0
1,1,1.0
1,0,5.3658833135712354e-08
1,1,0.9893434759145493
1,1,1.0
1,1,1.0
1,1,0.9999999990835136
1,0,8.718859785543923e-08
1,1,1.0
1,1,1.0
1,1,1.0
1,1,1.0
1,1,1.0
1,1,1.0
1,1,1.0
1,1,1.0
1,1,1.0
1,1,1.0
1,1,1.0
1,1,1.0
1,0,1.8842460080226084e-09
1,1,0.9856453355549077
1,1,1.0
1,1,1.0
1,1,0.9988085121159186
1,1,1.0
1,1,1.0
1,0,9.571616520533872e-08
1,1,1.0
1,1,0.9191983189716068
1,1,1.0
1,1,1.0
1,1,1.0
1,1,1.0
1,1,1.0
1,1,1.0
1,1,1.0
1,1,1.0
1,1,1.0
1,0,2.689757227032363e-07
1,0,3.356762250800408e-08
1,1,1.0
1,0,0.00032359308247935755
1,1,0.9999999998840678
1,1,1.0
1,1,1.0
1,0,1.5468255270014816e-08
1,1,1.0
1,1,1.0
1,1,0.9989257843231734
1,1,1.0
1,1,1.0
1,1,1.0
1,0,1.742428866938099e-06
1,1,0.9924682007366561
1,1,1.0
1,1,1.0
1,1,1.0
1,1,1.0
1,1,0.6753092150116259
1,1,1.0
1,1,1.0
1,1,1.0
1,1,1.0
1,1,1.0
1,1,1.0
1,0,7.076905471737566e-09
1,0,2.2061833764293861e-07
1,1,1.0
1,1,1.0
1,1,1.0
1,1,1.0
1,1,1.0
1,1,1.0
1,1,1.0
1,1,1.0
1,1,1.0
1,1,1.0
1,1,1.0
1,1,1.0
0,0,1.9761011121023973e-07
0,0,2.1989482519113748e-08
0,0,6.70860015482185e-09
0,0,1.5168022757427004e-08
0,0,3.073108121609249e-07
0,0,1.3125253934523095e-07
0,0,1.526135259305701e-07
0,0,2.0885147262165095e-06
0,0,3.40452542406839e-08
0,0,3.8550072177607824e-07
0,0,1.7166916770475652e-09
0,0,1.5982634851057498e-07
0,0,1.1108575711366717e-06
0,0,2.011613825434745e-07
0,0,2.7993168414752576e-08
0,0,1.6527496325859146e-08
0,0,9.97485128667111e-09
0,0,1.295452796181108e-08
0,0,4.864857573676196e-09
0,0,4.81682141758244e-08
0,0,4.1432332938860466e-07
0,0,2.2505982201295518e-08
0,0,3.2757131611751695e-07
0,0,7.194220509494881e-07
0,0,9.954290741317545e-09
0,0,1.4291003885862108e-07
0,0,3.677795001743164e-10
0,0,9.943654584229181e-08
0,0,9.491449503990127e-09
0,0,2.408034549648126e-07
0,0,3.338376982449462e-07
0,0,1.2516346570122833e-06
0,0,3.338546031473927e-08
0,0,3.920917749439886e-07
0,0,1.3043258147678928e-05
0,0,5.60758399747481e-07
0,0,1.4210824348854219e-07
0,0,6.90505808493418e-09
0,0,1.1001388762885048e-07
0,0,2.99598923018303e-09
0,0,4.71185832176265e-08
0,0,1.0262014554007481e-06
0,0,3.1180939595370595e-08
0,0,7.767012000043347e-09
0,0,1.2379871873691277e-06
0,0,3.368450381705402e-07
0,0,4.244902866720016e-09
0,0,2.223459621045216e-08
0,0,2.2154882440236262e-06
0,0,5.674053545155608e-07
0,0,1.483152694016359e-07
0,0,1.8839130331105956e-08
0,0,2.628837803406204e-08
0,0,2.0424762645695994e-07
0,0,5.336468630887054e-08
0,0,1.4363091294680234e-09
0,0,7.454635719110003e-08
0,0,1.1674208185491403e-06
0,0,6.659767323517801e-08
0,0,2.0616799019643836e-08
0,0,7.135094450803678e-06
0,0,5.21729718093495e-10
0,0,2.8717533885362672e-09
0,0,3.253706550651336e-08
0,0,2.892588866100707e-08
0,0,1.6405845369454204e-08
0,0,2.5548305651468284e-06
0,0,7.050868315895222e-09
0,0,0.000100423791160376
0,0,1.238572191788932e-06
0,0,3.0495887444189846e-07
0,0,1.1670811704925886e-08
0,0,4.2680683585134256e-08
0,0,2.535786168708374e-07
0,0,5.148571778676122e-07
0,0,5.504984954173187e-07
0,0,6.37551961784907e-05
0,0,1.0015644300948684e-07
0,0,2.2017509511615765e-06
0,0,2.3658916575396628e-08
0,0,1.174375668249688e-09
0,0,1.982359106080611e-06
0,0,1.2470007908775282e-06
0,0,2.489831880924794e-07
0,0,2.2639961259651684e-08
0,0,6.873543782549501e-08
0,0,2.7604985851511445e-08
0,0,5.2078145201730136e-08
0,0,3.4372279415021955e-08
0,0,5.303092078220048e-07
0,0,1.9886737436574836e-07
0,0,2.746302254141566e-08
0,0,5.002037939300812e-07
0,0,7.162749563324644e-06
0,0,2.8057188295373176e-06
0,0,3.1454849480788e-08
0,0,2.3151717066170813e-08
0,0,8.939073373490374e-07
0,0,5.399556508332909e-07
0,0,3.291050285968349e-07
0,0,1.403744277391813e-07
0,0,1.4985370062585042e-05
0,0,4.990732276490154e-06
0,0,1.7121465140162086e-08
0,0,1.3779130035357806e-08
0,0,4.145072534323774e-10
0,0,7.111893192783796e-09
0,0,1.445545545138847e-07
0,0,2.2825356557614103e-08
0,0,1.2227395048516388e-09
0,0,1.6954749537426078e-08
0,0,4.118283406002044e-07
0,0,2.603112276212051e-09
1,1,1.0
1,0,5.034967391775229e-08
1,1,1.0
1,0,2.3122402274744626e-05
1,1,0.9993517582613877
1,1,1.0
1,1,1.0
1,1,1.0
1,1,1.0
1,1,1.0
1,1,1.0
1,1,1.0
1,1,1.0
1,1,1.0
1,0,2.3748968168638336e-06
1,1,0.9999999999998863
1,1,1.0
1,1,1.0
1,1,1.0
1,1,1.0
1,0,2.1408129491598768e-07
1,0,0.04375323648383408
1,1,1.0
1,1,1.0
1,1,1.0
1,1,1.0
1,0,0.1624805750548715
1,1,1.0
1,1,1.0
1,0,2.2980660882730803e-08
1,1,1.0
1,1,1.0
1,1,1.0
1,1,1.0
1,1,1.0
1,1,1.0
1,1,1.0
1,0,0.011512515876510039
1,1,1.0
1,1,1.0
1,1,1.0
1,1,1.0
1,1,1.0
1,1,0.9999999999998153
1,1,1.0
1,1,1.0
1,1,0.9998424508037175
1,0,3.8396898710500954e-08
1,1,1.0
1,1,1.0
1,1,1.0
1,1,1.0
1,1,1.0
1,1,1.0
1,1,1.0
1,0,2.9111491246077247e-05
1,1,1.0
1,1,1.0
1,1,1.0
1,1,1.0
1,0,2.1633442548973207e-07
1,0,3.590937913972359e-08
1,1,1.0
1,1,1.0
1,1,1.0
1,0,0.012381463238908371
1,1,1.0
1,1,0.9999999999999716
1,1,0.9999999999999858
1,1,1.0
1,1,1.0
1,1,1.0
1,1,1.0
1,1,0.999941107053552
1,1,1.0
1,1,1.0
1,1,1.0
1,1,1.0
1,1,1.0
1,1,1.0
1,1,1.0
1,0,0.004298140065291992
1,1,1.0
1,1,1.0
1,1,1.0
1,1,1.0
1,1,1.0
1,1,1.0
1,0,2.2178596379510977e-06
1,1,1.0
1,1,1.0
1,1,1.0
1,1,1.0
1,1,1.0
1,1,1.0
1,1,1.0
1,1,1.0
1,1,1.0
1,0,1.04498384586893e-06
1,1,1.0
1,1,1.0
1,1,1.0
1,1,1.0
1,1,1.0
1,1,1.0
1,1,1.0
1,1,1.0
1,1,1.0
1,0,8.526223699878624e-08
1,1,1.0
1,1,1.0
1,1,1.0
1,1,1.0
0,0,5.200885700272058e-09
0,0,5.933290671958669e-06
0,0,1.3457944009951219e-08
0,0,5.190788551993873e-08
0,0,1.2166855088999836e-06
0,0,1.3860025801698178e-06
0,0,2.3778509875729364e-08
0,0,7.677187059291903e-08
0,0,6.145266639108716e-08
0,0,6.578162068793079e-07
0,0,4.074836537344398e-06
0,0,1.8959797182416268e-08
0,0,8.31859681228215e-09
0,0,1.5642453410543765e-08
0,0,3.613614027259564e-09
0,0,2.2816038659615955e-08
0,0,8.704367368932841e-09
0,0,3.48221534269845e-07
0,0,2.2457995901060713e-07
0,0,2.8929590578700434e-08
0,0,1.1642679649684058e-06
0,0,1.4917837030149977e-07
0,0,2.506513717612278e-07
0,0,3.7901562964127386e-07
0,0,1.1817597374229533e-07
0,0,7.569212763528172e-08
0,0,2.342860015807742e-08
0,0,1.1128817867580116e-08
0,0,6.306281878925128e-07
0,0,3.026346954186542e-07
0,0,4.15967474110187e-06
0,0,3.931722013486271e-08
0,0,4.893831488835042e-08
0,0,2.616503556082304e-07
0,0,6.590467753744411e-08
0,0,2.3467191697158948e-06
0,0,5.2259692076722624e-08
0,0,9.650510364958732e-08
0,0,4.1604231306404304e-06
0,0,6.135156465168557e-07
0,0,6.130865239457524e-08
0,0,1.1202588767091677e-06
0,0,1.0197975668347157e-07
0,0,3.1846198468126837e-08
0,0,9.051439266589606e-09
0,0,2.9387686964320882e-08
0,0,3.534828192560707e-07
0,0,6.014861242722078e-09
0,0,1.7828673519761414e-07
0,0,1.1897482988152942e-09
0,0,2.3743075061787207e-07
0,0,6.756577387472479e-08
0,0,1.7535206001302563e-09
0,0,6.33774178991775e-07
0,0,1.3405180268851525e-06
0,0,6.119874895688207e-08
0,0,1.1739929678447228e-07
0,0,7.222021421709114e-07
0,0,1.2040796793516137e-07
0,0,2.2002064599515356e-08
0,0,2.4877557601537484e-07
0,0,7.043253455110177e-08
0,0,2.8041753074742668e-08
0,0,1.2688213807357665e-07
0,0,4.110713207964578e-08
0,0,1.1200075121992524e-08
0,0,1.4308760159754842e-09
0,0,8.053028331361104e-08
0,0,6.83844720102213e-09
0,0,1.5352623675909026e-07
0,0,1.8757033552471778e-08
0,0,3.688694208370232e-09
0,0,1.719770420630042e-08
0,0,2.3085419655779188e-07
0,0,4.161040264017904e-08
0,0,3.5563882790621336e-08
0,0,2.821991355047505e-07
0,0,9.317758730020561e-07
0,0,1.9664497064140322e-08
0,0,1.0162717279881016e-07
0,0,1.9918750987228834e-07
0,0,7.502162776365872e-07
0,0,2.1370000929365724e-09
0,0,4.197641013929594e-07
0,0,3.715119829075563e-07
0,0,6.504307857336038e-07
0,0,1.7850437264373797e-06
0,0,4.543166508512586e-08
0,0,9.62247570204352e-10
0,0,4.9097456427397743e-08
0,0,7.913249414599966e-06
0,0,6.8679779265371586e-06
0,0,1.7607097848210758e-08
0,0,2.8621458630987525e-08
0,0,4.909460545596641e-08
0,0,1.5626783295399246e-07
0,0,8.075216518082568e-08
0,0,4.877981242721504e-08
0,0,7.785060471563928e-08
0,0,2.9183194513127116e-08
0,0,4.9678973414118894e-08
0,0,6.361152455450258e-08
0,0,5.84119230289602e-08
0,0,9.1438529277953e-09
0,0,6.251234372420501e-08
0,0,1.4711567261590826e-07
0,0,5.7193111845280355e-09
0,0,3.852750689165118e-08
0,0,9.462973116617823e-09
0,0,3.1561619420055945e-09
0,0,3.607474850201116e-08
0,0,1.0796537066108176e-09
0,0,4.9355280080161594e-08
