1.0,0.0,5.18214541945e-50
1.0,1.0,1.0
1.0,1.0,0.995446306624
1.0,0.0,0.00300147474762
1.0,1.0,1.0
1.0,0.0,5.18240935838e-69
1.0,0.0,1.57418948852e-69
1.0,1.0,1.0
1.0,1.0,0.999999981948
1.0,0.0,3.95819451022e-59
1.0,1.0,1.0
1.0,0.0,2.69649888559e-51
1.0,0.0,1.28569870139e-63
1.0,0.0,5.66795773237e-05
1.0,1.0,1.0
1.0,1.0,1.0
1.0,1.0,1.0
1.0,1.0,1.0
1.0,0.0,8.84191500383e-46
1.0,0.0,9.29315684581e-71
1.0,1.0,1.0
1.0,1.0,1.0
1.0,1.0,1.0
1.0,0.0,1.40055489273e-67
1.0,1.0,1.0
1.0,1.0,1.0
1.0,1.0,1.0
1.0,0.0,4.09792472622e-06
1.0,1.0,1.0
1.0,1.0,1.0
1.0,1.0,1.0
1.0,1.0,1.0
1.0,1.0,1.0
1.0,0.0,2.78026149753e-26
1.0,1.0,1.0
1.0,0.0,8.82889895663e-38
1.0,0.0,8.3887597025e-60
1.0,0.0,2.09210599613e-54
1.0,1.0,1.0
1.0,1.0,1.0
1.0,1.0,1.0
1.0,0.0,2.93660551349e-24
1.0,0.0,1.10180462305e-70
1.0,1.0,1.0
1.0,0.0,6.06326967619e-08
1.0,1.0,1.0
1.0,1.0,1.0
1.0,0.0,3.04233082999e-34
1.0,0.0,5.07147490647e-48
1.0,1.0,1.0
1.0,1.0,0.99999968351
1.0,0.0,0.013559275951
1.0,1.0,1.0
1.0,0.0,0.177760067315
1.0,1.0,1.0
1.0,1.0,1.0
1.0,1.0,1.0
1.0,1.0,1.0
1.0,1.0,1.0
1.0,1.0,1.0
1.0,1.0,1.0
1.0,1.0,1.0
1.0,1.0,1.0
1.0,0.0,3.03622538257e-09
1.0,0.0,6.75650924709e-65
1.0,1.0,1.0
1.0,1.0,1.0
1.0,0.0,1.55669053265e-14
1.0,1.0,1.0
1.0,0.0,4.70530389144e-70
1.0,1.0,1.0
1.0,0.0,7.06477109614e-52
1.0,0.0,1.88590764352e-32
1.0,1.0,1.0
1.0,0.0,2.86517294128e-69
1.0,0.0,7.79600114639e-42
1.0,1.0,1.0
1.0,1.0,1.0
1.0,1.0,1.0
1.0,0.0,1.35091399064e-32
1.0,1.0,1.0
1.0,1.0,1.0
1.0,1.0,1.0
1.0,0.0,9.59603626517e-06
1.0,1.0,1.0
1.0,1.0,1.0
1.0,1.0,1.0
1.0,1.0,1.0
1.0,1.0,1.0
1.0,1.0,1.0
1.0,1.0,1.0
1.0,0.0,1.24813291369e-47
1.0,0.0,7.82600077802e-18
1.0,1.0,1.0
1.0,1.0,1.0
1.0,1.0,1.0
1.0,1.0,1.0
1.0,0.0,9.8576263227e-54
1.0,1.0,1.0
1.0,1.0,1.0
1.0,1.0,1.0
1.0,1.0,1.0
1.0,1.0,1.0
1.0,1.0,1.0
1.0,1.0,1.0
1.0,1.0,1.0
1.0,0.0,3.64405380622e-66
1.0,1.0,1.0
1.0,1.0,1.0
1.0,1.0,1.0
1.0,1.0,1.0
1.0,1.0,1.0
1.0,0.0,1.56872967204e-39
1.0,0.0,7.14273620895e-25
1.0,0.0,2.83081915154e-72
1.0,1.0,1.0
1.0,1.0,1.0
1.0,1.0,1.0
1.0,1.0,1.0
1.0,1.0,1.0
1.0,1.0,1.0
1.0,1.0,1.0
1.0,1.0,1.0
1.0,1.0,1.0
1.0,1.0,1.0
1.0,1.0,1.0
1.0,1.0,1.0
1.0,0.0,8.16890080999e-38
1.0,1.0,1.0
1.0,1.0,1.0
1.0,1.0,1.0
1.0,1.0,1.0
1.0,1.0,1.0
1.0,0.0,1.02337706611e-62
1.0,1.0,1.0
1.0,1.0,1.0
1.0,0.0,0.0630741659683
1.0,1.0,0.99999998508
1.0,1.0,1.0
1.0,1.0,1.0
1.0,1.0,1.0
1.0,1.0,1.0
1.0,1.0,0.999999403733
1.0,1.0,1.0
1.0,1.0,1.0
1.0,1.0,1.0
1.0,1.0,1.0
1.0,1.0,1.0
1.0,0.0,1.9009594363e-28
1.0,1.0,1.0
1.0,0.0,2.91455853407e-52
1.0,0.0,5.73167555494e-47
1.0,0.0,1.17793402102e-59
1.0,1.0,1.0
1.0,1.0,1.0
1.0,1.0,1.0
1.0,1.0,1.0
1.0,0.0,2.28832379684e-73
1.0,1.0,1.0
1.0,0.0,1.5556148485e-49
1.0,0.0,1.02321927539e-50
1.0,1.0,1.0
1.0,1.0,1.0
1.0,1.0,1.0
1.0,0.0,2.71781238561e-20
1.0,1.0,1.0
1.0,0.0,6.55893353007e-67
1.0,1.0,1.0
1.0,1.0,1.0
1.0,1.0,1.0
1.0,0.0,6.15424218446e-10
1.0,1.0,1.0
1.0,1.0,1.0
1.0,0.0,5.38866840464e-70
1.0,1.0,1.0
1.0,0.0,1.82246389108e-28
1.0,1.0,1.0
1.0,1.0,0.999999840315
1.0,1.0,1.0
1.0,0.0,9.99099918612e-71
1.0,0.0,2.75536260781e-70
1.0,0.0,5.67191500736e-25
1.0,1.0,1.0
1.0,0.0,1.6910952712e-65
1.0,1.0,1.0
1.0,0.0,9.87670480912e-53
1.0,1.0,1.0
1.0,0.0,6.86094982918e-70
1.0,0.0,6.69603869381e-57
1.0,1.0,1.0
1.0,1.0,1.0
1.0,1.0,1.0
1.0,1.0,1.0
1.0,1.0,1.0
1.0,1.0,1.0
1.0,1.0,1.0
1.0,0.0,1.29203601123e-18
1.0,0.0,1.89477107407e-60
1.0,0.0,3.42573510271e-69
1.0,1.0,1.0
1.0,1.0,1.0
1.0,1.0,1.0
1.0,1.0,1.0
1.0,1.0,1.0
1.0,1.0,1.0
1.0,0.0,1.7053346546e-70
1.0,1.0,1.0
1.0,1.0,1.0
1.0,1.0,1.0
1.0,1.0,1.0
1.0,1.0,1.0
1.0,0.0,2.68695277836e-58
1.0,1.0,1.0
1.0,0.0,1.66266004807e-05
1.0,1.0,1.0
1.0,1.0,1.0
1.0,1.0,1.0
1.0,1.0,1.0
1.0,1.0,1.0
1.0,0.0,2.30499182437e-64
1.0,0.0,2.13711594695e-47
1.0,1.0,1.0
1.0,0.0,5.31069033524e-68
1.0,0.0,2.28959583848e-72
1.0,1.0,1.0
1.0,0.0,1.74510161019e-71
1.0,1.0,0.99999858086
1.0,1.0,1.0
1.0,0.0,7.51734696744e-27
1.0,1.0,1.0
1.0,0.0,8.57736639856e-44
1.0,0.0,4.22681980818e-69
1.0,1.0,1.0
1.0,1.0,1.0
1.0,1.0,1.0
1.0,0.0,4.06348500094e-13
1.0,1.0,1.0
1.0,1.0,1.0
1.0,1.0,1.0
1.0,1.0,1.0
1.0,1.0,1.0
1.0,1.0,1.0
1.0,0.0,1.62336526298e-07
1.0,1.0,1.0
1.0,0.0,1.6004339792e-48
1.0,1.0,1.0
1.0,1.0,1.0
1.0,1.0,1.0
1.0,1.0,0.999999975539
1.0,1.0,1.0
1.0,0.0,2.01101222058e-12
1.0,1.0,1.0
1.0,0.0,1.04913092618e-12
1.0,1.0,1.0
1.0,0.0,2.32530739537e-66
1.0,1.0,1.0
1.0,1.0,1.0
1.0,0.0,6.76372934082e-35
1.0,0.0,6.20322308891e-36
1.0,1.0,1.0
1.0,1.0,0.999999999999
1.0,1.0,1.0
1.0,1.0,1.0
1.0,1.0,1.0
1.0,0.0,4.26514214141e-67
1.0,1.0,1.0
1.0,1.0,1.0
1.0,1.0,1.0
1.0,1.0,1.0
1.0,1.0,1.0
1.0,1.0,1.0
1.0,0.0,4.00872966312e-55
1.0,1.0,1.0
1.0,1.0,1.0
1.0,1.0,1.0
1.0,1.0,1.0
1.0,1.0,1.0
1.0,1.0,1.0
1.0,1.0,1.0
1.0,0.0,6.17118526422e-61
1.0,1.0,1.0
1.0,1.0,1.0
1.0,1.0,1.0
1.0,1.0,1.0
1.0,1.0,1.0
1.0,0.0,0.000820131041864
1.0,1.0,1.0
1.0,1.0,1.0
1.0,0.0,5.08705898781e-63
1.0,1.0,1.0
1.0,1.0,1.0
1.0,1.0,1.0
1.0,1.0,1.0
1.0,1.0,1.0
1.0,0.0,1.0172432117e-31
1.0,0.0,1.62011849656e-47
1.0,1.0,1.0
1.0,0.0,7.56481695792e-12
1.0,1.0,1.0
1.0,1.0,1.0
1.0,1.0,1.0
1.0,1.0,1.0
1.0,0.0,6.39409314171e-47
1.0,0.0,3.60606781426e-45
1.0,1.0,1.0
1.0,1.0,1.0
1.0,0.0,7.60337406165e-36
1.0,0.0,7.20151644356e-54
1.0,1.0,1.0
1.0,1.0,1.0
1.0,1.0,1.0
1.0,1.0,1.0
1.0,0.0,1.67519214783e-65
1.0,1.0,1.0
1.0,0.0,1.21275258261e-54
1.0,1.0,1.0
1.0,1.0,1.0
1.0,1.0,1.0
1.0,1.0,1.0
1.0,1.0,1.0
1.0,1.0,1.0
1.0,0.0,6.87623780441e-71
1.0,1.0,1.0
1.0,0.0,2.47567633878e-47
1.0,1.0,1.0
1.0,1.0,1.0
1.0,1.0,1.0
1.0,1.0,1.0
1.0,1.0,1.0
1.0,1.0,1.0
1.0,0.0,1.04490962036e-53
1.0,1.0,1.0
1.0,1.0,1.0
1.0,1.0,1.0
1.0,1.0,1.0
1.0,0.0,7.9443161141e-51
1.0,0.0,6.13070726254e-62
1.0,1.0,0.999999999952
1.0,1.0,1.0
1.0,0.0,4.02612363852e-52
1.0,0.0,1.51785610937e-67
1.0,0.0,1.37924477875e-67
1.0,1.0,1.0
1.0,1.0,1.0
1.0,0.0,1.77465460225e-16
1.0,0.0,1.7798487106e-16
1.0,1.0,1.0
1.0,1.0,1.0
1.0,1.0,1.0
1.0,1.0,1.0
1.0,0.0,1.79104163815e-58
1.0,1.0,1.0
1.0,0.0,9.56295543887e-23
1.0,1.0,0.999999657585
1.0,0.0,1.3901716928e-57
1.0,1.0,1.0
1.0,1.0,1.0
1.0,1.0,1.0
1.0,1.0,1.0
1.0,1.0,1.0
1.0,1.0,1.0
1.0,1.0,1.0
1.0,0.0,1.05941380103e-34
1.0,1.0,1.0
1.0,1.0,1.0
1.0,1.0,1.0
1.0,0.0,4.77198288416e-10
1.0,1.0,1.0
1.0,1.0,1.0
1.0,1.0,1.0
1.0,1.0,1.0
1.0,1.0,1.0
1.0,1.0,0.995280528546
1.0,0.0,1.02906990111e-46
1.0,1.0,1.0
1.0,1.0,1.0
1.0,1.0,1.0
1.0,1.0,1.0
1.0,1.0,0.999958825248
1.0,1.0,1.0
1.0,1.0,1.0
1.0,0.0,1.4054978554e-13
1.0,0.0,3.37347822307e-08
1.0,0.0,3.93089470976e-55
1.0,1.0,1.0
1.0,1.0,1.0
1.0,0.0,2.66400406901e-41
1.0,0.0,1.09368918997e-25
1.0,1.0,1.0
1.0,0.0,2.17266151705e-60
1.0,0.0,0.297315813463
1.0,1.0,1.0
1.0,0.0,3.1856019625e-55
1.0,1.0,1.0
1.0,0.0,2.41219189074e-71
1.0,0.0,0.294794537063
1.0,1.0,1.0
1.0,1.0,1.0
1.0,1.0,1.0
1.0,1.0,1.0
1.0,1.0,0.727062335434
1.0,1.0,1.0
1.0,1.0,1.0
1.0,1.0,1.0
1.0,1.0,1.0
1.0,1.0,1.0
1.0,1.0,1.0
1.0,0.0,5.90113685714e-44
1.0,0.0,1.36933161905e-16
1.0,1.0,1.0
1.0,0.0,6.07308381377e-42
1.0,0.0,1.42182761122e-34
1.0,1.0,1.0
1.0,0.0,2.56820811402e-55
1.0,0.0,1.09049934974e-22
1.0,0.0,3.01241877723e-68
1.0,1.0,1.0
1.0,1.0,1.0
1.0,1.0,1.0
1.0,1.0,1.0
1.0,1.0,1.0
1.0,1.0,1.0
1.0,0.0,6.10871158524e-16
1.0,1.0,0.979288833174
1.0,1.0,1.0
1.0,1.0,1.0
1.0,1.0,0.999689199099
1.0,1.0,1.0
1.0,0.0,1.15521219329e-10
1.0,0.0,1.96210684746e-60
1.0,0.0,2.50727375429e-07
1.0,1.0,1.0
1.0,1.0,1.0
1.0,0.0,7.87532252189e-39
1.0,1.0,1.0
1.0,0.0,1.82904092503e-45
1.0,1.0,1.0
1.0,1.0,1.0
1.0,0.0,1.53400588999e-47
1.0,0.0,1.5958954624e-09
1.0,1.0,1.0
1.0,1.0,1.0
1.0,0.0,2.16168238672e-69
1.0,1.0,1.0
1.0,1.0,1.0
1.0,1.0,1.0
1.0,1.0,1.0
1.0,1.0,1.0
1.0,1.0,1.0
1.0,1.0,1.0
1.0,0.0,3.53158073037e-56
1.0,1.0,1.0
1.0,1.0,1.0
1.0,1.0,1.0
1.0,1.0,1.0
1.0,1.0,1.0
1.0,1.0,1.0
1.0,1.0,1.0
1.0,1.0,0.999999999999
1.0,1.0,1.0
1.0,1.0,1.0
1.0,0.0,1.20079960577e-63
1.0,1.0,1.0
1.0,1.0,1.0
1.0,1.0,1.0
1.0,1.0,1.0
1.0,1.0,1.0
1.0,1.0,0.999999998573
1.0,0.0,9.31626250887e-19
1.0,1.0,1.0
1.0,1.0,1.0
1.0,0.0,3.32982356145e-11
1.0,0.0,5.53195401564e-62
1.0,0.0,6.47521167213e-46
1.0,1.0,1.0
1.0,1.0,1.0
1.0,1.0,1.0
1.0,1.0,1.0
1.0,1.0,1.0
1.0,0.0,8.11397678907e-47
1.0,1.0,1.0
1.0,1.0,0.999685621152
1.0,0.0,1.39558585871e-37
1.0,0.0,2.14304775527e-54
1.0,1.0,1.0
1.0,1.0,1.0
1.0,1.0,1.0
1.0,1.0,1.0
1.0,0.0,6.28405469108e-45
1.0,1.0,1.0
1.0,1.0,1.0
1.0,0.0,5.38420918844e-54
1.0,1.0,1.0
1.0,0.0,7.74823992801e-55
1.0,0.0,9.46110531199e-18
1.0,1.0,1.0
1.0,1.0,0.993573130915
1.0,1.0,0.99999812667
1.0,0.0,1.38551105437e-63
1.0,0.0,6.44948086167e-38
1.0,1.0,1.0
1.0,1.0,0.999999999871
1.0,0.0,1.43475875883e-07
1.0,1.0,1.0
1.0,1.0,1.0
1.0,1.0,1.0
1.0,0.0,1.53489379255e-54
1.0,1.0,1.0
1.0,0.0,4.11029317775e-22
1.0,1.0,1.0
1.0,1.0,0.929769519504
1.0,1.0,1.0
1.0,1.0,1.0
1.0,1.0,1.0
1.0,1.0,1.0
1.0,1.0,1.0
1.0,0.0,2.13608941644e-45
1.0,1.0,1.0
1.0,1.0,1.0
1.0,1.0,1.0
1.0,1.0,1.0
1.0,1.0,1.0
1.0,1.0,1.0
1.0,1.0,1.0
1.0,1.0,1.0
1.0,1.0,0.99996968234
1.0,1.0,1.0
1.0,1.0,1.0
1.0,0.0,0.00912301564241
1.0,1.0,1.0
1.0,1.0,1.0
1.0,1.0,1.0
1.0,0.0,1.99176214931e-50
1.0,1.0,1.0
1.0,1.0,1.0
1.0,1.0,0.629030133003
1.0,1.0,1.0
1.0,0.0,8.53404551734e-50
1.0,1.0,1.0
1.0,1.0,1.0
1.0,1.0,1.0
1.0,0.0,5.44927944419e-34
1.0,1.0,1.0
1.0,0.0,1.21827697575e-37
1.0,1.0,1.0
1.0,1.0,1.0
1.0,0.0,4.83405720945e-29
1.0,1.0,1.0
1.0,1.0,1.0
1.0,1.0,1.0
1.0,1.0,1.0
1.0,0.0,2.43945625316e-36
1.0,1.0,1.0
1.0,1.0,1.0
1.0,1.0,1.0
1.0,1.0,1.0
1.0,1.0,1.0
1.0,1.0,1.0
1.0,1.0,1.0
1.0,1.0,1.0
1.0,1.0,1.0
1.0,1.0,1.0
1.0,1.0,1.0
1.0,0.0,2.78597766738e-32
1.0,1.0,1.0
1.0,0.0,1.45128501297e-56
1.0,1.0,1.0
1.0,0.0,2.58170610115e-61
1.0,1.0,1.0
1.0,1.0,1.0
1.0,1.0,1.0
1.0,0.0,4.02851279143e-42
1.0,1.0,1.0
1.0,1.0,1.0
1.0,1.0,1.0
1.0,1.0,1.0
1.0,1.0,1.0
1.0,0.0,2.13720267788e-41
1.0,1.0,1.0
1.0,1.0,1.0
1.0,0.0,3.17193692937e-34
1.0,1.0,1.0
1.0,1.0,1.0
1.0,0.0,3.648471789e-37
1.0,0.0,2.07817099961e-53
1.0,0.0,2.93060716665e-05
1.0,1.0,1.0
1.0,0.0,4.97788665821e-24
1.0,1.0,1.0
1.0,0.0,1.98166989515e-09
1.0,1.0,1.0
1.0,0.0,9.06126143574e-56
1.0,1.0,1.0
1.0,1.0,1.0
1.0,1.0,1.0
1.0,0.0,6.02752060268e-65
1.0,0.0,2.67121033914e-54
1.0,1.0,1.0
1.0,1.0,1.0
1.0,1.0,1.0
1.0,1.0,1.0
1.0,1.0,1.0
1.0,0.0,1.11237011611e-14
1.0,1.0,1.0
1.0,0.0,4.73134593206e-67
1.0,0.0,1.09038563832e-44
1.0,1.0,1.0
1.0,0.0,5.30938548528e-48
1.0,1.0,1.0
1.0,1.0,1.0
1.0,0.0,1.00136769116e-32
1.0,1.0,1.0
1.0,1.0,0.957905662448
1.0,1.0,1.0
1.0,1.0,1.0
1.0,1.0,1.0
1.0,1.0,1.0
1.0,1.0,1.0
1.0,0.0,1.98528972375e-21
1.0,1.0,1.0
1.0,1.0,1.0
1.0,1.0,1.0
1.0,1.0,1.0
1.0,1.0,1.0
1.0,1.0,1.0
1.0,1.0,1.0
1.0,1.0,1.0
1.0,1.0,1.0
1.0,1.0,1.0
1.0,1.0,1.0
1.0,1.0,1.0
1.0,0.0,1.62673896931e-07
1.0,0.0,2.57487064765e-11
1.0,1.0,1.0
1.0,1.0,1.0
1.0,1.0,1.0
1.0,1.0,1.0
1.0,0.0,6.12527074889e-42
1.0,0.0,4.13378279431e-43
1.0,1.0,1.0
1.0,0.0,1.68667551852e-42
1.0,1.0,1.0
1.0,1.0,1.0
1.0,1.0,1.0
1.0,0.0,2.58349398464e-60
1.0,1.0,1.0
1.0,1.0,1.0
1.0,0.0,0.303597305016
1.0,0.0,8.04820627037e-66
1.0,1.0,1.0
1.0,1.0,1.0
1.0,1.0,0.687422078803
1.0,1.0,1.0
1.0,1.0,1.0
1.0,1.0,1.0
1.0,1.0,1.0
1.0,1.0,1.0
1.0,0.0,1.16010594678e-66
1.0,1.0,1.0
1.0,1.0,1.0
1.0,1.0,1.0
1.0,1.0,1.0
1.0,1.0,1.0
1.0,1.0,1.0
1.0,0.0,1.66238964986e-55
1.0,1.0,1.0
1.0,1.0,1.0
1.0,0.0,2.465922031e-66
1.0,1.0,1.0
1.0,1.0,1.0
1.0,1.0,1.0
1.0,1.0,1.0
1.0,1.0,1.0
1.0,1.0,1.0
1.0,1.0,1.0
1.0,1.0,1.0
1.0,1.0,1.0
1.0,1.0,1.0
1.0,0.0,5.67795016459e-67
1.0,0.0,4.89930327467e-58
1.0,0.0,1.03509812465e-27
1.0,1.0,1.0
1.0,0.0,8.22402262021e-37
1.0,1.0,1.0
1.0,1.0,1.0
1.0,1.0,0.999999998704
1.0,0.0,3.95069442169e-67
1.0,1.0,1.0
1.0,0.0,2.41267959104e-38
1.0,1.0,1.0
1.0,1.0,0.999744992871
1.0,1.0,1.0
1.0,1.0,1.0
1.0,1.0,1.0
1.0,1.0,1.0
1.0,1.0,1.0
1.0,0.0,2.56034189917e-06
1.0,1.0,1.0
1.0,1.0,1.0
1.0,1.0,1.0
1.0,0.0,4.54745573765e-60
1.0,1.0,1.0
1.0,1.0,1.0
1.0,1.0,1.0
1.0,1.0,1.0
1.0,1.0,1.0
1.0,0.0,4.35118519177e-69
1.0,0.0,4.87153443392e-66
1.0,1.0,1.0
1.0,1.0,1.0
1.0,1.0,1.0
1.0,1.0,1.0
1.0,0.0,2.37639885309e-61
1.0,0.0,4.7343239397e-37
1.0,1.0,1.0
1.0,1.0,1.0
1.0,1.0,1.0
1.0,1.0,1.0
1.0,1.0,1.0
1.0,1.0,1.0
1.0,0.0,2.78632543087e-06
1.0,1.0,1.0
1.0,0.0,3.48149272688e-31
1.0,1.0,1.0
1.0,1.0,1.0
1.0,0.0,5.08168355884e-33
1.0,1.0,1.0
1.0,1.0,1.0
1.0,1.0,1.0
1.0,0.0,5.00677985353e-26
1.0,1.0,1.0
1.0,1.0,1.0
1.0,0.0,1.40790048101e-58
1.0,1.0,1.0
1.0,1.0,1.0
1.0,1.0,1.0
1.0,0.0,0.0012793602483
1.0,0.0,2.96581323028e-39
1.0,1.0,1.0
1.0,1.0,1.0
1.0,1.0,1.0
1.0,1.0,1.0
1.0,1.0,1.0
1.0,1.0,1.0
1.0,0.0,4.77868331779e-49
1.0,1.0,1.0
1.0,0.0,8.06755522519e-28
1.0,1.0,1.0
1.0,1.0,1.0
1.0,0.0,8.71878567421e-32
1.0,1.0,1.0
1.0,1.0,1.0
1.0,1.0,0.923572977766
1.0,1.0,1.0
1.0,0.0,0.0972333253699
1.0,1.0,1.0
1.0,1.0,1.0
1.0,0.0,1.02107783757e-14
1.0,1.0,1.0
1.0,1.0,0.995905989616
1.0,1.0,1.0
1.0,0.0,4.6275274113e-68
1.0,0.0,5.83808842777e-23
1.0,1.0,1.0
1.0,1.0,1.0
1.0,0.0,2.27227399455e-27
1.0,1.0,1.0
1.0,1.0,1.0
1.0,1.0,1.0
1.0,1.0,1.0
1.0,1.0,0.999999999784
1.0,0.0,1.83865248826e-70
1.0,1.0,1.0
1.0,1.0,1.0
1.0,1.0,1.0
1.0,1.0,1.0
1.0,0.0,2.74884937225e-26
1.0,0.0,1.39107498101e-58
1.0,1.0,1.0
1.0,1.0,1.0
1.0,0.0,1.80358091935e-66
1.0,1.0,1.0
1.0,1.0,1.0
1.0,0.0,3.26059799711e-07
1.0,1.0,1.0
1.0,1.0,1.0
1.0,1.0,1.0
1.0,1.0,1.0
1.0,0.0,4.13615285717e-30
1.0,1.0,1.0
1.0,1.0,1.0
1.0,0.0,1.14960074433e-70
1.0,1.0,0.991085589527
1.0,1.0,1.0
1.0,0.0,1.70306175604e-70
1.0,1.0,1.0
1.0,1.0,1.0
1.0,0.0,8.74190199312e-24
1.0,1.0,1.0
1.0,1.0,1.0
1.0,0.0,2.02469733074e-64
1.0,0.0,2.2695262941e-09
1.0,1.0,1.0
1.0,1.0,1.0
1.0,0.0,2.81173400407e-30
1.0,1.0,1.0
1.0,1.0,1.0
1.0,1.0,1.0
1.0,1.0,1.0
1.0,0.0,1.365439428e-43
1.0,1.0,1.0
1.0,1.0,1.0
1.0,1.0,1.0
1.0,0.0,4.69261746606e-69
1.0,1.0,1.0
1.0,1.0,1.0
1.0,1.0,1.0
1.0,1.0,1.0
1.0,0.0,8.53275393015e-68
1.0,1.0,1.0
1.0,1.0,1.0
1.0,1.0,1.0
1.0,1.0,1.0
1.0,1.0,1.0
1.0,1.0,1.0
1.0,1.0,1.0
1.0,1.0,1.0
1.0,1.0,1.0
1.0,1.0,1.0
1.0,1.0,1.0
1.0,1.0,1.0
1.0,0.0,2.59101183164e-29
1.0,0.0,1.23966211241e-56
1.0,1.0,1.0
1.0,1.0,1.0
1.0,1.0,1.0
1.0,1.0,1.0
1.0,1.0,1.0
1.0,1.0,1.0
1.0,1.0,1.0
1.0,0.0,1.08286567841e-32
1.0,1.0,1.0
1.0,1.0,1.0
1.0,1.0,1.0
1.0,0.0,4.54962425139e-35
1.0,1.0,1.0
1.0,1.0,1.0
1.0,0.0,0.00451434281691
1.0,0.0,5.16869239704e-30
1.0,0.0,4.84312277582e-67
1.0,1.0,1.0
1.0,1.0,1.0
1.0,1.0,1.0
1.0,1.0,1.0
1.0,1.0,1.0
1.0,1.0,1.0
1.0,0.0,5.34005057899e-65
1.0,1.0,1.0
1.0,1.0,1.0
1.0,0.0,7.73422162652e-59
1.0,1.0,1.0
1.0,1.0,1.0
1.0,1.0,1.0
1.0,0.0,8.21835537638e-65
1.0,1.0,1.0
1.0,1.0,1.0
1.0,1.0,1.0
1.0,1.0,0.99999735397
1.0,0.0,3.00229433109e-60
1.0,1.0,1.0
1.0,1.0,1.0
1.0,1.0,1.0
1.0,1.0,1.0
1.0,1.0,1.0
1.0,1.0,1.0
1.0,1.0,1.0
1.0,1.0,1.0
1.0,1.0,1.0
1.0,1.0,1.0
1.0,1.0,1.0
1.0,0.0,5.20723444496e-38
1.0,0.0,4.33773544132e-60
1.0,1.0,1.0
1.0,1.0,1.0
1.0,1.0,1.0
1.0,0.0,4.60090620712e-13
1.0,1.0,1.0
1.0,1.0,1.0
1.0,1.0,1.0
1.0,0.0,5.12545611535e-12
1.0,1.0,1.0
1.0,1.0,1.0
1.0,1.0,1.0
1.0,1.0,1.0
1.0,1.0,1.0
1.0,1.0,1.0
1.0,1.0,1.0
1.0,1.0,1.0
1.0,0.0,3.56254810117e-55
1.0,1.0,1.0
1.0,1.0,0.999999998324
1.0,1.0,1.0
1.0,1.0,1.0
1.0,0.0,2.88806553516e-30
1.0,1.0,1.0
1.0,0.0,1.85315035375e-66
1.0,0.0,1.17549267191e-19
1.0,0.0,2.18892691333e-60
1.0,1.0,1.0
1.0,1.0,0.999988205481
1.0,1.0,1.0
1.0,1.0,1.0
1.0,1.0,1.0
1.0,1.0,1.0
1.0,1.0,1.0
1.0,1.0,1.0
1.0,0.0,1.01199115293e-49
1.0,1.0,1.0
1.0,1.0,1.0
1.0,1.0,1.0
1.0,0.0,1.33223573683e-53
1.0,1.0,1.0
1.0,1.0,1.0
1.0,1.0,1.0
1.0,0.0,2.72286317474e-56
1.0,1.0,1.0
1.0,1.0,1.0
1.0,1.0,0.975958451067
1.0,1.0,1.0
1.0,1.0,1.0
1.0,0.0,3.54013202729e-38
1.0,1.0,1.0
1.0,1.0,1.0
1.0,1.0,1.0
1.0,1.0,1.0
1.0,0.0,1.68469581178e-25
1.0,1.0,1.0
1.0,1.0,1.0
1.0,1.0,1.0
1.0,0.0,1.37530681042e-64
1.0,1.0,1.0
1.0,1.0,1.0
1.0,1.0,1.0
1.0,0.0,8.96512239422e-31
1.0,0.0,1.02585092679e-65
1.0,0.0,3.15081284686e-09
1.0,1.0,1.0
1.0,1.0,1.0
1.0,1.0,1.0
1.0,1.0,1.0
1.0,1.0,1.0
1.0,0.0,6.83257559791e-24
1.0,1.0,1.0
1.0,1.0,1.0
1.0,1.0,1.0
1.0,1.0,1.0
1.0,1.0,1.0
1.0,0.0,9.05869385088e-56
1.0,0.0,1.84175018793e-12
1.0,1.0,1.0
1.0,1.0,1.0
1.0,1.0,1.0
1.0,1.0,1.0
1.0,1.0,1.0
1.0,0.0,3.07722763261e-35
1.0,1.0,1.0
1.0,0.0,8.14789715982e-08
1.0,1.0,1.0
1.0,1.0,1.0
1.0,1.0,1.0
1.0,1.0,1.0
1.0,1.0,1.0
1.0,0.0,3.45520027896e-36
1.0,1.0,1.0
1.0,1.0,1.0
1.0,1.0,1.0
1.0,0.0,4.35135535105e-16
1.0,0.0,8.12472112796e-69
1.0,1.0,1.0
1.0,0.0,2.68691730044e-47
1.0,1.0,1.0
1.0,1.0,1.0
1.0,1.0,1.0
1.0,0.0,2.76166491708e-43
1.0,1.0,1.0
1.0,1.0,1.0
1.0,0.0,3.25669065728e-60
1.0,1.0,1.0
1.0,1.0,1.0
1.0,1.0,1.0
1.0,0.0,3.41625491216e-48
1.0,0.0,1.08323454918e-45
1.0,1.0,1.0
1.0,1.0,1.0
1.0,1.0,1.0
1.0,1.0,1.0
1.0,1.0,1.0
1.0,0.0,4.7601791385e-24
1.0,1.0,1.0
1.0,1.0,1.0
1.0,0.0,5.18033398445e-39
1.0,1.0,1.0
1.0,1.0,1.0
1.0,0.0,3.56526528037e-47
1.0,0.0,3.82022152762e-61
1.0,1.0,1.0
1.0,1.0,1.0
1.0,1.0,1.0
1.0,1.0,1.0
1.0,1.0,1.0
1.0,1.0,1.0
1.0,1.0,1.0
1.0,1.0,1.0
1.0,1.0,1.0
1.0,1.0,1.0
1.0,1.0,1.0
1.0,1.0,1.0
1.0,1.0,1.0
1.0,0.0,6.18628878114e-66
1.0,1.0,1.0
1.0,0.0,5.52488029654e-12
1.0,1.0,0.999999997506
1.0,1.0,1.0
1.0,1.0,1.0
1.0,1.0,1.0
1.0,1.0,1.0
1.0,1.0,1.0
1.0,1.0,1.0
1.0,1.0,1.0
1.0,1.0,1.0
1.0,1.0,1.0
1.0,0.0,1.17264200062e-34
1.0,0.0,0.0252448230565
1.0,1.0,1.0
1.0,1.0,1.0
1.0,1.0,1.0
1.0,1.0,1.0
1.0,0.0,9.00986974262e-21
1.0,0.0,3.56071841852e-41
1.0,0.0,0.44618118207
1.0,1.0,1.0
1.0,1.0,1.0
1.0,1.0,1.0
1.0,1.0,1.0
1.0,1.0,1.0
1.0,1.0,1.0
1.0,0.0,8.25630453168e-51
1.0,1.0,1.0
1.0,1.0,1.0
1.0,1.0,1.0
1.0,0.0,5.32044803154e-08
1.0,1.0,1.0
1.0,1.0,1.0
1.0,1.0,1.0
1.0,0.0,2.17670026957e-12
1.0,1.0,1.0
1.0,1.0,1.0
1.0,1.0,1.0
1.0,1.0,1.0
1.0,0.0,3.96108582455e-39
1.0,1.0,1.0
1.0,1.0,1.0
1.0,1.0,1.0
1.0,0.0,1.12446098879e-41
1.0,0.0,8.52274129536e-63
1.0,1.0,1.0
1.0,1.0,1.0
1.0,1.0,1.0
1.0,1.0,1.0
1.0,1.0,1.0
1.0,1.0,1.0
1.0,1.0,1.0
1.0,0.0,3.57488794709e-50
1.0,1.0,1.0
1.0,1.0,1.0
1.0,1.0,1.0
1.0,1.0,1.0
1.0,0.0,6.58192381266e-53
1.0,0.0,9.03638833866e-68
1.0,1.0,1.0
1.0,1.0,1.0
1.0,1.0,1.0
1.0,0.0,5.65705440269e-62
1.0,1.0,1.0
1.0,1.0,1.0
1.0,1.0,0.980222238294
1.0,1.0,1.0
1.0,1.0,1.0
1.0,1.0,1.0
1.0,1.0,1.0
1.0,1.0,0.999994262619
1.0,1.0,1.0
1.0,1.0,1.0
1.0,1.0,1.0
1.0,1.0,1.0
1.0,1.0,1.0
1.0,1.0,1.0
1.0,1.0,1.0
1.0,0.0,1.18318917876e-48
1.0,1.0,1.0
1.0,1.0,1.0
1.0,0.0,2.23511186749e-52
1.0,1.0,1.0
1.0,1.0,1.0
1.0,1.0,1.0
1.0,0.0,5.51444415945e-37
1.0,1.0,1.0
1.0,1.0,1.0
1.0,1.0,1.0
1.0,1.0,1.0
1.0,1.0,1.0
1.0,0.0,3.92109589055e-38
1.0,1.0,1.0
1.0,1.0,1.0
1.0,0.0,1.45235005541e-06
1.0,1.0,1.0
1.0,1.0,1.0
1.0,1.0,1.0
1.0,1.0,1.0
1.0,1.0,1.0
1.0,1.0,1.0
1.0,0.0,9.00809197403e-38
1.0,1.0,1.0
1.0,1.0,1.0
1.0,1.0,1.0
1.0,0.0,3.150563821e-68
1.0,1.0,1.0
1.0,1.0,0.689605254204
1.0,1.0,1.0
1.0,1.0,1.0
0.0,1.0,1.0
0.0,0.0,7.40158119883e-53
0.0,0.0,3.32873916983e-42
0.0,0.0,3.81240772776e-72
0.0,0.0,6.38186688034e-71
0.0,0.0,5.75591032758e-54
0.0,0.0,1.83305619208e-44
0.0,0.0,1.27520862876e-47
0.0,0.0,1.24693166266e-69
0.0,0.0,4.9393755169e-58
0.0,0.0,7.40887938345e-67
0.0,0.0,1.07874137022e-70
0.0,0.0,1.70713996165e-66
0.0,0.0,3.04371933588e-55
0.0,0.0,4.8812186753e-70
0.0,0.0,1.69993810438e-58
0.0,1.0,0.961823895276
0.0,0.0,3.85434525039e-60
0.0,1.0,0.999998315028
0.0,0.0,1.41147466445e-34
0.0,0.0,2.30557817957e-71
0.0,0.0,5.26132685137e-62
0.0,0.0,1.7946935287e-44
0.0,1.0,0.999997664327
0.0,0.0,2.21490857607e-43
0.0,0.0,1.26828272744e-60
0.0,0.0,1.45060831949e-29
0.0,0.0,3.3612091448e-66
0.0,0.0,2.83519731694e-52
0.0,0.0,4.87716531265e-13
0.0,0.0,1.12241278412e-23
0.0,1.0,1.0
0.0,0.0,2.10190997421e-58
0.0,0.0,5.52267654337e-31
0.0,0.0,1.88051421767e-63
0.0,0.0,2.68986209507e-21
0.0,0.0,7.98165130492e-59
0.0,0.0,4.28181606358e-11
0.0,0.0,4.37533557126e-58
0.0,0.0,1.30967657772e-26
0.0,1.0,0.999999999927
0.0,0.0,9.52561913724e-24
0.0,0.0,6.78154122672e-43
0.0,0.0,7.61840185242e-63
0.0,0.0,2.38005453326e-49
0.0,0.0,5.93190923207e-68
0.0,1.0,0.999999843593
0.0,1.0,1.0
0.0,0.0,1.61625058045e-35
0.0,0.0,1.57493070139e-22
0.0,0.0,9.74132956142e-71
0.0,0.0,1.34383228595e-62
0.0,0.0,3.65405974928e-68
0.0,0.0,1.43925595881e-56
0.0,0.0,6.45022231011e-69
0.0,1.0,1.0
0.0,0.0,1.6636814814e-62
0.0,0.0,1.96313887838e-69
0.0,0.0,4.54590009644e-71
0.0,1.0,1.0
0.0,0.0,2.43081887994e-30
0.0,0.0,1.35003344804e-40
0.0,0.0,4.99370296482e-55
0.0,0.0,2.08479984474e-64
0.0,0.0,1.49846758954e-67
0.0,0.0,3.475677627e-68
0.0,0.0,1.76450831515e-66
0.0,0.0,8.92042047873e-56
0.0,0.0,4.41112735873e-46
0.0,1.0,1.0
0.0,0.0,0.000421600670579
0.0,0.0,9.39384945346e-61
0.0,0.0,4.38709306295e-47
0.0,0.0,6.85038973071e-51
0.0,0.0,8.96057175322e-23
0.0,0.0,5.29681311232e-61
0.0,1.0,0.99983255588
0.0,0.0,6.46259132e-51
0.0,0.0,1.80627515184e-70
0.0,0.0,1.12149209866e-20
0.0,1.0,0.999933845945
0.0,0.0,5.60601100755e-21
0.0,0.0,2.87417132628e-63
0.0,0.0,9.85557502925e-57
0.0,0.0,8.80041434455e-70
0.0,0.0,1.58282049308e-50
0.0,0.0,7.68512125212e-63
0.0,0.0,5.03670470087e-42
0.0,0.0,1.29849802868e-30
0.0,0.0,7.61388900165e-60
0.0,0.0,1.96288006338e-65
0.0,0.0,4.26478487259e-31
0.0,0.0,1.27739430312e-33
0.0,0.0,2.77338404961e-47
0.0,0.0,2.76035684758e-71
0.0,0.0,2.17509865277e-06
0.0,0.0,1.60993177224e-68
0.0,0.0,5.18416214266e-72
0.0,0.0,1.1770914407e-51
0.0,0.0,3.69596987894e-68
0.0,0.0,3.88429528281e-38
0.0,0.0,9.66092199647e-38
0.0,0.0,5.3649071929e-69
0.0,0.0,3.49623879854e-59
0.0,0.0,2.97354520788e-70
0.0,0.0,2.95713939759e-68
0.0,0.0,0.00273584687789
0.0,0.0,8.99979226655e-64
0.0,0.0,3.27631011965e-19
0.0,0.0,2.05018738618e-70
0.0,0.0,4.97338596281e-33
0.0,0.0,9.28658281919e-36
0.0,0.0,2.23305436498e-46
0.0,0.0,1.2331692914e-63
0.0,0.0,5.32086300946e-54
0.0,0.0,7.26410985861e-57
0.0,0.0,1.81797170861e-50
0.0,0.0,1.57858716821e-48
0.0,0.0,6.86653648129e-63
0.0,0.0,1.62162095108e-36
0.0,0.0,1.25662561811e-59
0.0,0.0,2.52157502791e-55
0.0,0.0,1.3523358029e-21
0.0,0.0,1.66222962987e-61
0.0,0.0,2.34219439599e-06
0.0,0.0,6.49677052595e-72
0.0,0.0,4.60480630557e-51
0.0,0.0,2.12689377456e-64
0.0,0.0,8.48570137564e-26
0.0,1.0,0.999999191416
0.0,0.0,2.42575317067e-63
0.0,0.0,8.72721223076e-63
0.0,0.0,8.64781752e-67
0.0,0.0,1.30143098619e-64
0.0,0.0,6.0721380407e-61
0.0,0.0,1.97690189259e-44
0.0,0.0,3.65778643746e-67
0.0,0.0,3.70172526207e-66
0.0,0.0,9.20887280139e-32
0.0,0.0,6.70012894741e-68
0.0,0.0,4.68780112895e-72
0.0,0.0,2.55755050325e-70
0.0,0.0,4.25232225602e-62
0.0,0.0,3.37833873888e-69
0.0,0.0,3.0770732348e-71
0.0,0.0,7.35171206744e-41
0.0,0.0,1.43055551844e-32
0.0,0.0,2.23277346533e-10
0.0,0.0,3.53768425753e-60
0.0,0.0,3.54436350228e-53
0.0,0.0,7.82071550519e-66
0.0,0.0,4.90799728428e-73
0.0,0.0,2.09846392282e-59
0.0,0.0,5.56296010339e-61
0.0,0.0,2.2349819656e-53
0.0,0.0,4.18612587901e-59
0.0,0.0,6.10624712341e-67
0.0,0.0,1.26082873263e-41
0.0,0.0,6.37102932172e-46
0.0,0.0,2.76215845271e-33
0.0,0.0,3.63187679448e-21
0.0,0.0,1.39430310823e-26
0.0,0.0,5.16112217053e-54
0.0,0.0,1.54040698818e-58
0.0,0.0,1.55814834166e-65
0.0,0.0,3.40571811711e-62
0.0,0.0,3.62505927838e-66
0.0,0.0,2.65961291252e-61
0.0,0.0,2.75008478012e-32
0.0,0.0,1.44513916329e-68
0.0,0.0,5.1363932725e-28
0.0,0.0,1.92744850458e-72
0.0,0.0,1.67943504233e-72
0.0,0.0,1.15916286202e-71
0.0,0.0,9.02974923251e-66
0.0,0.0,7.36088453455e-18
0.0,0.0,1.45787224355e-70
0.0,0.0,2.50653725247e-51
0.0,0.0,1.81348707352e-51
0.0,1.0,0.999267305715
0.0,0.0,2.34032245671e-67
0.0,1.0,0.999999044017
0.0,0.0,8.84283306669e-61
0.0,1.0,1.0
0.0,0.0,7.1965624051e-39
0.0,0.0,0.322104730726
0.0,0.0,7.36801912762e-48
0.0,0.0,3.01771072802e-56
0.0,0.0,2.12451855482e-11
0.0,0.0,4.57390712851e-60
0.0,0.0,2.77555594354e-23
0.0,0.0,1.09058378138e-45
0.0,0.0,1.22271166942e-27
0.0,0.0,2.3511748313e-65
0.0,0.0,1.12309727313e-61
0.0,0.0,7.27553724254e-44
0.0,0.0,8.7087609639e-65
0.0,0.0,7.25441331774e-56
0.0,0.0,2.47776671658e-45
0.0,0.0,1.32191559191e-62
0.0,0.0,1.41549110105e-56
0.0,0.0,9.6245159067e-48
0.0,0.0,2.49364759266e-08
0.0,0.0,2.52646943006e-64
0.0,0.0,6.0499731558e-42
0.0,0.0,1.03624113472e-45
0.0,0.0,4.9157704831e-31
0.0,0.0,7.29445904292e-43
0.0,0.0,4.40815319723e-64
0.0,0.0,1.15003458733e-71
0.0,0.0,1.7949039021e-51
0.0,0.0,1.20324745753e-58
0.0,0.0,1.16756402592e-23
0.0,0.0,1.28074560972e-41
0.0,0.0,1.49233984493e-70
0.0,0.0,7.09758747181e-10
0.0,0.0,5.47425948071e-45
0.0,0.0,2.30826490814e-66
0.0,0.0,4.54542084028e-73
0.0,1.0,0.999999999999
0.0,0.0,5.07253195485e-22
0.0,0.0,6.69020890955e-37
0.0,1.0,0.999999999971
0.0,0.0,7.31281221793e-72
0.0,0.0,1.05125204786e-57
0.0,0.0,1.41617935057e-18
0.0,0.0,1.2115096913e-39
0.0,0.0,9.69592110807e-29
0.0,0.0,1.06142555074e-65
0.0,0.0,1.45750182076e-59
0.0,0.0,2.26126590088e-50
0.0,0.0,4.67627480847e-65
0.0,0.0,2.34768954322e-70
0.0,0.0,3.53001651238e-58
0.0,0.0,4.98785947607e-66
0.0,0.0,4.03021104583e-66
0.0,0.0,1.31291483212e-22
0.0,0.0,7.05581051029e-53
0.0,0.0,1.09029161936e-61
0.0,0.0,4.4287475655e-67
0.0,0.0,1.23918537128e-36
0.0,0.0,0.0151846132324
0.0,1.0,0.998633449417
0.0,0.0,4.34263181908e-66
0.0,0.0,3.04825994288e-45
0.0,1.0,1.0
0.0,0.0,9.87101022329e-33
0.0,0.0,1.07579104158e-69
0.0,1.0,1.0
0.0,0.0,1.56646740489e-30
0.0,0.0,1.2965534287e-65
0.0,0.0,1.35886761715e-68
0.0,0.0,1.25755961503e-42
0.0,0.0,1.48202205755e-60
0.0,1.0,1.0
0.0,0.0,3.29777176918e-64
0.0,0.0,1.01278709895e-32
0.0,0.0,1.11237422789e-61
0.0,0.0,3.24479933713e-59
0.0,0.0,1.04874964819e-71
0.0,0.0,3.1314746727e-67
0.0,0.0,1.31355634839e-70
0.0,0.0,1.36368541943e-59
0.0,0.0,3.78589113281e-67
0.0,1.0,0.99977004633
0.0,0.0,3.09272623162e-44
0.0,1.0,1.0
0.0,0.0,5.5679269982e-54
0.0,0.0,6.86955540298e-29
0.0,0.0,1.24405654675e-42
0.0,0.0,2.08292422622e-39
0.0,1.0,1.0
0.0,0.0,1.06362100433e-10
0.0,0.0,4.06737072804e-62
0.0,0.0,1.40101680926e-70
0.0,0.0,1.04319315997e-47
0.0,0.0,2.73832878413e-68
0.0,0.0,7.98573701988e-69
0.0,0.0,6.1726440882e-59
0.0,1.0,0.999999961181
0.0,0.0,4.2741767e-50
0.0,0.0,4.12089382106e-23
0.0,0.0,9.25422156843e-66
0.0,0.0,1.37852931299e-46
0.0,0.0,2.47348166592e-25
0.0,0.0,6.04715959697e-55
0.0,1.0,1.0
0.0,1.0,1.0
0.0,0.0,2.29355896547e-42
0.0,0.0,1.50103336515e-49
0.0,0.0,3.58308136476e-50
0.0,0.0,2.78566893646e-33
0.0,0.0,2.22190868034e-27
0.0,0.0,2.81148207774e-66
0.0,0.0,1.90736348638e-66
0.0,0.0,5.2786952546e-19
0.0,0.0,3.66141175246e-44
0.0,0.0,6.98855691965e-70
0.0,0.0,2.41083811865e-64
0.0,0.0,1.56392546308e-56
0.0,0.0,1.02830270518e-61
0.0,0.0,3.44982625317e-59
0.0,0.0,5.50442398469e-59
0.0,0.0,4.73010878518e-69
0.0,0.0,1.24941801949e-27
0.0,0.0,9.12071244442e-62
0.0,0.0,8.80178667531e-15
0.0,0.0,1.20662522097e-49
0.0,0.0,7.43270769168e-54
0.0,0.0,5.28749700279e-52
0.0,0.0,3.75607058362e-48
0.0,0.0,7.92821414364e-25
0.0,0.0,1.19353190869e-62
0.0,0.0,7.60247917963e-68
0.0,0.0,4.91290239457e-48
0.0,0.0,4.1972734431e-54
0.0,0.0,2.29892752249e-41
0.0,1.0,1.0
0.0,0.0,0.311315324671
0.0,0.0,2.54442115794e-48
0.0,0.0,4.32903749727e-63
0.0,0.0,6.80607101252e-71
0.0,0.0,6.00529244723e-28
0.0,0.0,3.04382336027e-63
0.0,0.0,1.29709839734e-64
0.0,0.0,6.41617865641e-20
0.0,0.0,1.06287000438e-66
0.0,0.0,1.0555015463e-25
0.0,0.0,6.50219270246e-19
0.0,0.0,3.28528401139e-71
0.0,1.0,0.999997247815
0.0,0.0,5.95521223686e-66
0.0,0.0,4.54314702026e-33
0.0,0.0,6.16663662456e-27
0.0,1.0,0.999999999383
0.0,0.0,1.31584403943e-50
0.0,1.0,1.0
0.0,1.0,1.0
0.0,0.0,5.37719474329e-50
0.0,0.0,1.13335288835e-53
0.0,0.0,1.11719149235e-17
0.0,0.0,4.53198802696e-71
0.0,0.0,1.65851069813e-60
0.0,1.0,1.0
0.0,0.0,9.96120098242e-55
0.0,0.0,4.63767051957e-45
0.0,0.0,1.62762703184e-70
0.0,0.0,2.57913289619e-16
0.0,1.0,1.0
0.0,0.0,3.7442105615e-60
0.0,0.0,1.52961412726e-51
0.0,0.0,6.72421870664e-71
0.0,0.0,0.00790290025791
0.0,0.0,1.68702315093e-20
0.0,0.0,5.65982877481e-56
0.0,0.0,2.86092032548e-67
0.0,0.0,1.24452385841e-71
0.0,0.0,5.29759577152e-33
0.0,0.0,3.40578436418e-28
0.0,0.0,8.48951360883e-67
0.0,0.0,1.50956467275e-56
0.0,1.0,1.0
0.0,0.0,8.05032770023e-18
0.0,0.0,1.55806194536e-59
0.0,0.0,3.95512063957e-44
0.0,0.0,1.22663350837e-38
0.0,0.0,2.59355889603e-64
0.0,0.0,3.7739772084e-19
0.0,0.0,7.03636536327e-30
0.0,0.0,1.04632288639e-13
0.0,0.0,2.78753114397e-53
0.0,0.0,2.63190781833e-43
0.0,0.0,3.66133664685e-30
0.0,0.0,6.30919647932e-61
0.0,0.0,8.92956977534e-27
0.0,0.0,3.08622679298e-68
0.0,0.0,1.41573214907e-61
0.0,0.0,1.24282927379e-31
0.0,0.0,3.96063345494e-19
0.0,0.0,5.30335308928e-58
0.0,0.0,0.00176909804577
0.0,0.0,3.81795939945e-61
0.0,0.0,1.087804558e-65
0.0,0.0,2.36617664021e-63
0.0,0.0,5.75621005403e-62
0.0,0.0,1.01124656176e-69
0.0,0.0,8.33871852988e-70
0.0,0.0,1.37339401401e-62
0.0,0.0,1.17825263368e-53
0.0,1.0,0.997011844214
0.0,0.0,5.97758197668e-24
0.0,0.0,1.62714675882e-54
0.0,0.0,1.26453958725e-53
0.0,0.0,4.78356821472e-38
0.0,0.0,7.90179796026e-09
0.0,0.0,2.89425918171e-62
0.0,0.0,9.2363767594e-72
0.0,0.0,1.05100106098e-53
0.0,0.0,1.18772449576e-69
0.0,1.0,1.0
0.0,0.0,7.2561514469e-33
0.0,0.0,6.11434607097e-09
0.0,1.0,0.999999997405
0.0,0.0,1.66832436194e-39
0.0,0.0,2.53265766877e-61
0.0,0.0,1.07665414697e-22
0.0,0.0,5.19284149073e-62
0.0,0.0,3.31344967905e-44
0.0,1.0,1.0
0.0,0.0,1.07381775039e-57
0.0,0.0,2.49808977274e-35
0.0,0.0,1.08571308827e-55
0.0,0.0,4.05727084766e-57
0.0,0.0,5.97840023625e-13
0.0,0.0,2.04681780915e-70
0.0,0.0,3.51224614888e-43
0.0,0.0,3.79492973486e-62
0.0,0.0,7.3342771774e-36
0.0,1.0,1.0
0.0,1.0,1.0
0.0,0.0,5.20018236342e-61
0.0,0.0,1.99295811505e-63
0.0,1.0,1.0
0.0,0.0,0.000168484688605
0.0,0.0,1.49310126694e-17
0.0,0.0,9.15933123021e-07
0.0,0.0,9.53458895251e-67
0.0,0.0,2.89464894732e-43
0.0,0.0,1.68914064873e-49
0.0,0.0,2.00302932151e-70
0.0,0.0,1.88146868204e-20
0.0,0.0,6.25010943815e-36
0.0,0.0,1.52371092431e-36
0.0,0.0,1.94468781442e-10
0.0,0.0,4.32938512841e-18
0.0,0.0,4.0187736793e-54
0.0,0.0,5.31214981883e-68
0.0,0.0,8.7483186781e-55
0.0,0.0,6.34893295837e-62
0.0,0.0,6.27421241796e-16
0.0,0.0,2.3329048868e-37
0.0,0.0,4.10285672884e-22
0.0,0.0,9.01246469197e-57
0.0,0.0,1.23586182304e-55
0.0,0.0,5.89801204575e-32
0.0,0.0,8.08932211255e-66
0.0,0.0,9.87266536799e-55
0.0,0.0,3.36303897163e-56
0.0,0.0,7.94229363161e-66
0.0,0.0,6.38599577086e-72
0.0,0.0,5.03159465159e-29
0.0,0.0,1.91480549027e-45
0.0,0.0,1.52747006814e-09
0.0,0.0,7.69064064708e-68
0.0,0.0,1.69575035937e-25
0.0,0.0,2.4143066371e-42
0.0,0.0,2.63016634402e-52
0.0,0.0,1.29731858744e-67
0.0,0.0,9.42962496655e-68
0.0,0.0,3.62040624878e-50
0.0,0.0,4.49849503675e-67
0.0,1.0,1.0
0.0,0.0,1.16868067522e-67
0.0,0.0,8.39776419492e-33
0.0,0.0,3.3427209455e-50
0.0,0.0,1.57135566484e-60
0.0,0.0,1.64382249883e-42
0.0,0.0,5.85907945737e-59
0.0,0.0,2.11290208172e-50
0.0,0.0,1.90119216268e-63
0.0,0.0,1.39221189435e-20
0.0,0.0,1.2245210693e-53
0.0,0.0,1.04040124495e-63
0.0,0.0,2.58347530779e-68
0.0,1.0,0.999999999855
0.0,0.0,1.73284911926e-51
0.0,0.0,7.46915507845e-67
0.0,0.0,7.0025286525e-70
0.0,0.0,5.04564859434e-61
0.0,0.0,7.06703263644e-69
0.0,0.0,3.99123008095e-54
0.0,0.0,1.09625793927e-37
0.0,0.0,8.4556001083e-14
0.0,0.0,1.02834887623e-61
0.0,0.0,3.69450947682e-09
0.0,0.0,2.45580502388e-52
0.0,0.0,1.33830855751e-66
0.0,0.0,1.20466495073e-61
0.0,0.0,7.37285170933e-68
0.0,0.0,1.36781218929e-59
0.0,0.0,2.85292495356e-20
0.0,0.0,2.32002886764e-62
0.0,0.0,2.79866363973e-66
0.0,0.0,4.89315183168e-69
0.0,0.0,2.69749507616e-29
0.0,0.0,8.16896167137e-40
0.0,1.0,0.999999999999
0.0,0.0,1.51123247147e-57
0.0,1.0,0.997349780178
0.0,0.0,1.36455335047e-69
0.0,0.0,2.67031330462e-26
0.0,0.0,2.81651303668e-43
0.0,0.0,5.48276222401e-56
0.0,1.0,0.923975304314
0.0,1.0,1.0
0.0,1.0,1.0
0.0,0.0,7.74057835609e-57
0.0,0.0,1.98172842779e-56
0.0,0.0,6.02733014975e-59
0.0,0.0,1.31494707395e-66
0.0,0.0,5.6553516285e-48
0.0,0.0,4.65693501603e-57
0.0,0.0,0.358289141684
0.0,0.0,3.93389581075e-63
0.0,0.0,7.31392734649e-59
0.0,0.0,6.89660414336e-42
0.0,0.0,6.97974224688e-69
0.0,0.0,2.61699096522e-66
0.0,0.0,2.32753097135e-08
0.0,0.0,8.53304466158e-26
0.0,1.0,1.0
0.0,0.0,7.82843128458e-66
0.0,0.0,1.84143538972e-41
0.0,0.0,3.41235035732e-68
0.0,0.0,1.46142874965e-66
0.0,0.0,2.08418834098e-63
0.0,0.0,9.68714890855e-23
0.0,0.0,2.00703409317e-63
0.0,0.0,2.13833773649e-68
0.0,0.0,1.62779915495e-36
0.0,0.0,4.52164690806e-29
0.0,0.0,1.64952424983e-64
0.0,0.0,3.71299200492e-47
0.0,0.0,1.99764776476e-56
0.0,0.0,3.48986158444e-66
0.0,0.0,7.00609177857e-30
0.0,0.0,9.47325411126e-51
0.0,0.0,6.89597297513e-53
0.0,0.0,3.26446703952e-36
0.0,0.0,1.00641556191e-38
0.0,0.0,6.66931256427e-51
0.0,0.0,1.26356836734e-65
0.0,0.0,1.218249111e-45
0.0,0.0,9.66964363265e-61
0.0,0.0,1.51332711011e-67
0.0,1.0,1.0
0.0,0.0,1.72461751496e-65
0.0,0.0,1.04521910307e-54
0.0,0.0,1.44674049263e-56
0.0,0.0,1.50947841271e-68
0.0,0.0,3.80224700529e-68
0.0,0.0,6.73556206237e-64
0.0,0.0,5.73435514338e-62
0.0,1.0,1.0
0.0,0.0,1.86212204422e-65
0.0,0.0,5.89972275149e-49
0.0,0.0,2.12798917718e-63
0.0,1.0,0.999998567355
0.0,0.0,1.35190197869e-30
0.0,0.0,7.65139366495e-41
0.0,0.0,1.18079101668e-51
0.0,0.0,1.59975774639e-61
0.0,0.0,2.36854215344e-41
0.0,0.0,1.14977978126e-38
0.0,0.0,1.89704372754e-24
0.0,0.0,1.94777039407e-49
0.0,0.0,6.51437610929e-51
0.0,0.0,2.07297335821e-68
0.0,0.0,4.16569228871e-54
0.0,0.0,1.40732223084e-64
0.0,0.0,3.91882155224e-40
0.0,0.0,0.000101355380907
0.0,1.0,1.0
0.0,0.0,1.90792263028e-64
0.0,0.0,2.9454682905e-56
0.0,0.0,8.68236550159e-64
0.0,0.0,1.16098853555e-68
0.0,0.0,3.38697975732e-62
0.0,0.0,1.25686747305e-68
0.0,0.0,5.79663398509e-17
0.0,0.0,1.55058860048e-34
0.0,0.0,6.24088331831e-47
0.0,0.0,5.19927833515e-61
0.0,1.0,0.999999999891
0.0,0.0,1.37704407189e-41
0.0,0.0,8.14935021113e-48
0.0,0.0,2.27208614456e-66
0.0,0.0,1.45367733332e-26
0.0,0.0,3.91844545072e-68
0.0,1.0,0.785154600043
0.0,0.0,1.17794674991e-68
0.0,0.0,4.50492384747e-54
0.0,0.0,2.02132060207e-60
0.0,0.0,2.66231612448e-54
0.0,0.0,0.0895834871368
0.0,1.0,1.0
0.0,0.0,2.20834816442e-07
0.0,0.0,1.81851613812e-35
0.0,0.0,2.67827349724e-42
0.0,0.0,1.70385133766e-29
0.0,0.0,2.50487193046e-48
0.0,0.0,5.48611310898e-61
0.0,0.0,1.20956104142e-69
0.0,0.0,2.64217104178e-68
0.0,0.0,7.13909828533e-44
0.0,0.0,6.85062849452e-68
0.0,0.0,7.87524277693e-20
0.0,0.0,1.80903862505e-64
0.0,0.0,1.06200338336e-48
0.0,0.0,3.47435724811e-58
0.0,0.0,1.8291740432e-66
0.0,1.0,0.999999714961
0.0,0.0,5.5189696483e-37
0.0,0.0,1.00216331824e-68
0.0,0.0,3.04924568778e-58
0.0,1.0,1.0
0.0,1.0,1.0
0.0,0.0,1.91471558544e-55
0.0,0.0,1.63551132743e-38
0.0,0.0,4.16515125304e-37
0.0,0.0,4.60245088922e-62
0.0,0.0,2.09461460554e-29
0.0,0.0,7.88721979992e-45
0.0,0.0,9.82503094739e-69
0.0,0.0,2.89496138295e-44
0.0,0.0,1.51606338611e-65
0.0,0.0,4.78801329014e-65
0.0,0.0,1.39782158009e-65
0.0,0.0,1.13770055615e-59
0.0,0.0,3.29735875135e-68
0.0,0.0,4.70155883901e-47
0.0,0.0,2.52677567386e-26
0.0,0.0,1.31221874404e-64
0.0,0.0,4.27624383976e-69
0.0,0.0,5.29026002341e-65
0.0,0.0,2.71904424053e-15
0.0,0.0,6.53924318054e-66
0.0,0.0,3.83572444589e-26
0.0,0.0,1.21904796048e-63
0.0,0.0,2.18025023911e-61
0.0,0.0,5.36401887617e-61
0.0,1.0,1.0
0.0,0.0,1.960876374e-39
0.0,0.0,2.0080580986e-37
0.0,0.0,4.43852308873e-47
0.0,0.0,6.89730005036e-62
0.0,0.0,1.00726274087e-51
0.0,0.0,5.57608232906e-21
0.0,0.0,3.00854113301e-46
0.0,0.0,1.91041587036e-54
0.0,0.0,6.69073846573e-66
0.0,0.0,2.69137180104e-40
0.0,0.0,4.05658123225e-16
0.0,0.0,2.58133912161e-15
0.0,0.0,2.36674561071e-27
0.0,0.0,3.75556181891e-48
0.0,0.0,0.00331913808282
0.0,0.0,5.39116848585e-54
0.0,0.0,5.09424642425e-49
0.0,0.0,1.46977192729e-42
0.0,0.0,9.83418184644e-44
0.0,0.0,8.52759292957e-47
0.0,0.0,2.18983782294e-58
0.0,0.0,1.58480473355e-51
0.0,0.0,1.05930015519e-64
0.0,0.0,6.58668164386e-61
0.0,0.0,2.57419334107e-29
0.0,0.0,2.17276402305e-63
0.0,0.0,2.62415084411e-27
0.0,0.0,2.94017190436e-36
0.0,0.0,2.47627305696e-26
0.0,0.0,9.02441732404e-52
0.0,0.0,4.50613844339e-55
0.0,0.0,2.76309740177e-43
0.0,1.0,1.0
0.0,1.0,1.0
0.0,0.0,7.15834363318e-31
0.0,0.0,1.08907760779e-68
0.0,1.0,1.0
0.0,0.0,3.60358759525e-69
0.0,0.0,4.63262118313e-62
0.0,0.0,3.44341903984e-15
0.0,0.0,9.87277098217e-39
0.0,0.0,4.95772886321e-54
0.0,0.0,2.69099131073e-30
0.0,0.0,1.99594484265e-57
0.0,0.0,6.46507198779e-46
0.0,0.0,2.34585667153e-54
0.0,1.0,1.0
0.0,0.0,5.18009184905e-44
0.0,0.0,3.18282873096e-35
0.0,0.0,6.31949463005e-10
0.0,0.0,6.52375128695e-20
0.0,0.0,1.49930511478e-67
0.0,0.0,4.05449831888e-61
0.0,1.0,0.999999999985
0.0,1.0,1.0
0.0,0.0,5.42637782922e-67
0.0,0.0,4.34673393374e-30
0.0,0.0,3.27445708141e-63
0.0,0.0,7.04460792885e-68
0.0,0.0,1.26572590887e-55
0.0,0.0,3.84309934533e-39
0.0,0.0,3.78425379547e-61
0.0,0.0,1.25004758745e-55
0.0,1.0,1.0
0.0,0.0,1.96766016044e-07
0.0,0.0,5.09763937082e-69
0.0,0.0,2.45880925635e-51
0.0,0.0,3.53564831817e-59
0.0,0.0,5.61040831324e-28
0.0,0.0,1.37091569187e-62
0.0,0.0,5.76232887093e-54
0.0,0.0,2.3901083307e-68
0.0,0.0,7.23291750257e-54
0.0,1.0,1.0
0.0,0.0,3.70429587771e-68
0.0,0.0,4.70843067361e-65
0.0,0.0,3.5710922125e-71
0.0,0.0,8.41169765713e-56
0.0,0.0,8.15079008326e-05
0.0,0.0,3.67012952151e-63
0.0,0.0,3.69480810228e-39
0.0,0.0,9.24957752508e-66
0.0,0.0,7.36225850673e-69
0.0,0.0,6.66628547095e-58
0.0,0.0,2.93414670646e-16
0.0,0.0,2.04864320126e-40
0.0,0.0,2.36040149065e-67
0.0,0.0,1.8897676829e-66
0.0,0.0,3.9726338445e-68
0.0,1.0,0.99999989214
0.0,0.0,6.83292299541e-65
0.0,0.0,1.7637571974e-62
0.0,0.0,9.39043832454e-71
0.0,0.0,1.50236786856e-36
0.0,0.0,1.01310233953e-70
0.0,1.0,1.0
0.0,0.0,4.90906932762e-65
0.0,0.0,1.54776158386e-49
0.0,0.0,1.66690647871e-29
0.0,0.0,4.32190652683e-60
0.0,0.0,8.56656338412e-51
0.0,0.0,5.34709771231e-55
0.0,1.0,1.0
0.0,0.0,5.9483801672e-16
0.0,0.0,1.76334851493e-63
0.0,1.0,0.999999999793
0.0,0.0,4.91939710857e-29
0.0,0.0,1.54618706004e-58
0.0,1.0,0.998173173419
0.0,0.0,1.05093880528e-28
0.0,0.0,2.80824534564e-57
0.0,0.0,8.22145006837e-57
0.0,0.0,1.96320996298e-32
0.0,0.0,4.98900338293e-24
0.0,0.0,3.10950320989e-38
0.0,0.0,4.12449854844e-64
0.0,0.0,3.25798887569e-24
0.0,0.0,3.97050823371e-30
0.0,0.0,0.00199761990035
0.0,0.0,7.6068849282e-54
0.0,0.0,8.19225128816e-31
0.0,0.0,2.75394537923e-32
0.0,1.0,0.524656716893
0.0,0.0,2.94098854124e-70
0.0,0.0,1.34038425127e-06
0.0,0.0,3.51749346681e-68
0.0,0.0,9.80144207316e-18
0.0,0.0,1.10528915492e-62
0.0,0.0,1.22291885577e-59
0.0,0.0,0.00321144110979
0.0,0.0,4.66861179114e-71
0.0,0.0,7.84530059011e-69
0.0,0.0,5.89246299451e-31
0.0,0.0,2.69072043997e-18
0.0,0.0,8.11612511443e-67
0.0,0.0,3.18996434358e-38
0.0,0.0,1.03857123829e-24
0.0,0.0,2.63974519023e-68
0.0,0.0,2.8144568021e-64
0.0,0.0,8.63311710879e-40
0.0,0.0,1.33032586456e-59
0.0,0.0,4.30774022615e-71
0.0,0.0,2.46184956895e-15
0.0,0.0,6.00426809993e-33
0.0,1.0,0.999999999959
0.0,0.0,3.0839248568e-49
0.0,0.0,4.12167440023e-41
0.0,0.0,1.09775419941e-54
0.0,0.0,2.51080227634e-67
0.0,0.0,5.49672138948e-30
0.0,0.0,3.3794228737e-33
0.0,0.0,3.4282367728e-07
0.0,0.0,1.24181980392e-66
0.0,0.0,4.7178130242e-37
0.0,0.0,8.65440398134e-56
0.0,0.0,2.45870803789e-42
0.0,0.0,5.03946820691e-48
0.0,0.0,1.24616494651e-69
0.0,0.0,2.89860304931e-43
0.0,1.0,1.0
0.0,1.0,1.0
0.0,0.0,2.04999472458e-69
0.0,0.0,6.87654888964e-24
0.0,0.0,1.44943218225e-13
0.0,0.0,1.01604187957e-66
0.0,0.0,2.07939761152e-50
0.0,0.0,2.43246062544e-66
0.0,0.0,8.45162939266e-63
0.0,0.0,7.36757741315e-16
0.0,0.0,6.93938478948e-68
0.0,1.0,1.0
0.0,1.0,1.0
0.0,0.0,4.52246209483e-66
0.0,0.0,6.32293027075e-65
0.0,0.0,3.41691877189e-67
0.0,0.0,2.77856461355e-25
0.0,1.0,0.999999999291
0.0,0.0,2.47089071277e-60
0.0,0.0,1.73137722334e-51
0.0,0.0,3.42669098294e-23
0.0,0.0,2.29424409194e-43
0.0,1.0,1.0
0.0,0.0,1.09211397585e-22
0.0,0.0,1.11010352591e-59
0.0,0.0,8.97484082467e-62
0.0,0.0,3.71680662205e-69
0.0,0.0,1.92085554058e-55
0.0,0.0,4.56594112002e-29
0.0,1.0,1.0
0.0,0.0,5.82431192909e-69
0.0,0.0,2.23767909224e-19
0.0,0.0,1.46013001497e-43
0.0,0.0,9.13653146884e-62
0.0,0.0,1.70177768885e-27
0.0,1.0,1.0
0.0,0.0,4.52387613905e-17
0.0,0.0,3.87832872038e-25
0.0,0.0,2.63275923437e-52
0.0,0.0,3.37963112176e-64
0.0,0.0,8.32580707449e-38
0.0,0.0,1.39451615912e-29
0.0,0.0,9.82388048382e-34
0.0,0.0,3.44352354028e-24
0.0,0.0,1.20815063962e-63
0.0,0.0,1.0077951295e-19
0.0,0.0,7.79858001785e-58
0.0,0.0,0.0726745943617
0.0,0.0,9.96494802762e-37
0.0,0.0,3.4671608102e-68
0.0,0.0,1.45738286023e-63
0.0,1.0,1.0
0.0,0.0,2.29854401529e-60
0.0,1.0,1.0
0.0,0.0,1.47130992831e-23
0.0,0.0,3.41836787596e-52
0.0,0.0,6.09260417651e-17
0.0,0.0,1.09506689749e-25
0.0,0.0,2.91375722261e-48
0.0,0.0,1.04797548008e-32
0.0,0.0,1.24030962298e-49
0.0,1.0,1.0
0.0,1.0,1.0
0.0,0.0,1.62670793791e-48
0.0,0.0,2.66255682375e-27
0.0,0.0,1.40276010789e-50
0.0,0.0,1.56169689704e-35
0.0,0.0,4.20634213074e-56
0.0,1.0,1.0
0.0,0.0,1.4857181608e-62
0.0,0.0,4.19452696796e-50
0.0,0.0,3.41447844634e-63
0.0,0.0,5.80333850745e-55
0.0,0.0,1.0993465074e-69
0.0,0.0,8.50287758499e-51
0.0,0.0,1.16995495311e-57
0.0,0.0,2.50034718342e-67
0.0,0.0,8.96467961514e-64
0.0,0.0,9.41233847169e-52
0.0,0.0,4.24864227635e-13
0.0,0.0,4.56019547706e-32
0.0,0.0,1.52401030695e-43
0.0,0.0,1.34978847046e-24
0.0,0.0,3.94055401222e-56
0.0,0.0,1.02076459323e-59
0.0,0.0,4.13481219855e-66
0.0,0.0,9.90234892608e-68
0.0,0.0,5.22628368526e-48
0.0,0.0,6.33456986381e-69
0.0,1.0,1.0
0.0,0.0,1.00494942365e-36
0.0,0.0,1.04502312297e-61
0.0,0.0,1.19302803778e-44
0.0,0.0,1.10250929153e-34
0.0,0.0,7.00403418889e-71
0.0,0.0,4.20424904642e-54
0.0,0.0,2.55884649968e-63
0.0,1.0,1.0
0.0,0.0,4.99150374369e-52
0.0,0.0,3.96130370177e-66
0.0,0.0,5.04136541312e-38
0.0,1.0,1.0
0.0,0.0,5.03218589957e-66
0.0,0.0,4.62380627395e-28
0.0,0.0,1.71993253388e-66
0.0,0.0,5.57584342718e-62
0.0,0.0,6.69279653211e-62
0.0,0.0,6.03386587645e-33
0.0,0.0,5.38072339634e-69
0.0,0.0,4.78844912858e-57
0.0,1.0,0.999999999899
0.0,0.0,3.99023599023e-10
0.0,0.0,8.88893727395e-42
0.0,0.0,8.74573648208e-67
0.0,0.0,4.17334458256e-24
0.0,0.0,0.0111253355275
0.0,0.0,1.74955264778e-36
0.0,1.0,1.0
0.0,0.0,2.30844509966e-67
0.0,0.0,7.84260571658e-49
0.0,0.0,1.65472790698e-19
0.0,0.0,6.86598883413e-66
0.0,0.0,3.50995535786e-41
0.0,0.0,6.87091621836e-30
0.0,0.0,4.22233027714e-52
0.0,0.0,6.03405384162e-24
0.0,0.0,4.42292855302e-25
0.0,0.0,4.16709704189e-62
0.0,0.0,3.77386136287e-28
0.0,0.0,2.87037197266e-49
0.0,0.0,2.51211327078e-56
0.0,0.0,1.0987520264e-70
0.0,0.0,2.18360600355e-55
0.0,1.0,0.930264685421
0.0,0.0,1.04657923525e-15
0.0,0.0,8.78576150734e-63
0.0,0.0,1.45071014113e-31
0.0,1.0,1.0
0.0,0.0,2.9422374314e-45
0.0,0.0,6.55338705619e-52
0.0,0.0,1.48763589716e-65
0.0,0.0,1.0461378556e-28
0.0,0.0,1.67080719929e-68
0.0,0.0,6.42148066479e-17
0.0,1.0,1.0
0.0,0.0,9.43256182813e-34
0.0,0.0,2.82592513374e-68
0.0,1.0,1.0
0.0,0.0,3.05470355038e-63
0.0,0.0,1.47285533039e-67
0.0,0.0,3.11841567266e-58
0.0,0.0,3.23788308726e-65
0.0,0.0,3.3207017439e-07
0.0,0.0,5.05624009781e-51
0.0,0.0,6.36029145534e-58
0.0,0.0,1.3738101379e-58
0.0,1.0,1.0
0.0,0.0,2.93612311243e-68
0.0,0.0,8.52046625879e-64
0.0,0.0,9.14412524891e-72
0.0,1.0,1.0
0.0,0.0,5.55142418906e-50
0.0,0.0,2.4215720724e-50
0.0,0.0,2.26000662518e-51
0.0,0.0,1.08914236614e-64
0.0,0.0,5.26833542803e-56
0.0,0.0,5.22363452069e-61
0.0,0.0,2.41963150945e-57
0.0,0.0,4.63702006467e-61
0.0,0.0,1.97294524622e-05
0.0,0.0,3.15098275067e-25
0.0,1.0,1.0
0.0,0.0,1.09252893903e-09
0.0,0.0,1.454355822e-46
0.0,0.0,1.12937377437e-60
0.0,0.0,1.07118654485e-52
0.0,0.0,3.75875692276e-32
0.0,1.0,0.655152737858
0.0,0.0,1.55464633314e-55
0.0,0.0,4.94735919617e-05
0.0,0.0,1.27794271643e-66
0.0,1.0,1.0
0.0,0.0,6.99347023519e-66
0.0,0.0,9.60539201655e-66
0.0,1.0,1.0
0.0,0.0,2.47269969831e-67
0.0,0.0,6.93915765867e-07
0.0,0.0,3.95199660528e-16
0.0,0.0,1.91139384956e-05
0.0,0.0,1.29063040912e-57
0.0,0.0,4.94052930805e-24
0.0,0.0,4.47948889468e-63
0.0,0.0,1.48217460713e-46
0.0,0.0,1.09303974252e-54
0.0,0.0,4.32655871076e-67
0.0,0.0,3.01889767106e-68
0.0,0.0,4.08684668844e-47
0.0,0.0,2.69969564772e-30
0.0,0.0,2.03768044677e-29
0.0,1.0,1.0
0.0,1.0,1.0
0.0,0.0,7.06725247712e-58
0.0,0.0,7.02862605801e-70
0.0,0.0,1.86329064532e-47
0.0,1.0,1.0
0.0,0.0,5.98277967082e-10
0.0,0.0,1.42924106219e-48
0.0,0.0,3.6277596893e-48
0.0,0.0,3.22206238153e-70
0.0,0.0,1.30821912591e-62
0.0,0.0,5.19012220661e-70
0.0,0.0,1.08089937409e-26
0.0,0.0,6.28475052708e-67
0.0,0.0,1.47852154178e-66
0.0,0.0,2.1380429518e-30
0.0,0.0,2.17346644986e-63
0.0,0.0,9.44694087095e-39
0.0,0.0,2.08022830432e-47
0.0,0.0,1.54454879505e-66
0.0,0.0,8.82766837399e-65
0.0,0.0,3.14717133235e-56
0.0,1.0,1.0
0.0,0.0,1.18791190609e-19
0.0,1.0,0.999863031976
0.0,0.0,2.86695778387e-27
0.0,0.0,1.52541626011e-62
0.0,0.0,1.93016485373e-17
0.0,0.0,1.83603642086e-50
0.0,0.0,1.00160679193e-61
0.0,0.0,2.73514402485e-58
0.0,0.0,2.46864620775e-56
0.0,0.0,1.4005956637e-59
0.0,0.0,1.27752438576e-60
0.0,0.0,8.91544021641e-16
0.0,0.0,4.35436322379e-59
0.0,0.0,5.75794719594e-65
0.0,0.0,7.16870316055e-15
0.0,0.0,1.37693617224e-52
0.0,0.0,2.33686137359e-49
0.0,0.0,7.5142578624e-26
0.0,0.0,1.52297047844e-64
0.0,0.0,7.71172703734e-32
0.0,0.0,3.04068819614e-60
0.0,0.0,1.34425722989e-38
0.0,0.0,0.0197309100038
0.0,0.0,3.19297767637e-67
0.0,1.0,1.0
0.0,0.0,2.66371710478e-50
0.0,0.0,6.03498966348e-63
0.0,0.0,8.89305799962e-25
0.0,0.0,2.1432833786e-45
0.0,0.0,8.69323465408e-34
0.0,0.0,1.69818772789e-44
0.0,0.0,1.31307791704e-67
0.0,0.0,2.86470878994e-39
0.0,0.0,3.35131430215e-66
0.0,0.0,1.90967584861e-49
0.0,0.0,1.99808914637e-48
0.0,0.0,1.95225998832e-06
0.0,0.0,2.8297272055e-57
0.0,0.0,1.37234451842e-58
0.0,0.0,1.78262514052e-62
0.0,0.0,2.94853775315e-57
0.0,0.0,3.60951534048e-21
0.0,0.0,5.95820215991e-37
0.0,0.0,2.85174162171e-61
0.0,0.0,7.41689528819e-44
0.0,0.0,2.45701299836e-17
0.0,0.0,2.51953971347e-65
0.0,0.0,7.86606244248e-45
0.0,0.0,2.45025377808e-12
0.0,0.0,9.52242200012e-67
0.0,0.0,2.7272025787e-24
0.0,0.0,5.4713849553e-58
0.0,0.0,5.2313567907e-57
0.0,0.0,2.80815281419e-51
0.0,0.0,1.38918573444e-54
0.0,0.0,4.2720024981e-34
0.0,0.0,1.80835317908e-62
0.0,0.0,9.47629897265e-67
0.0,0.0,1.02362317829e-61
0.0,0.0,3.39567763809e-63
0.0,0.0,5.60109423478e-61
0.0,0.0,1.53143592291e-55
0.0,0.0,3.61143438644e-67
0.0,0.0,1.13913760446e-54
0.0,0.0,1.07260910465e-64
0.0,0.0,1.50663469564e-52
0.0,0.0,9.33974843775e-51
0.0,0.0,8.32746805311e-50
0.0,0.0,6.2351753273e-70
0.0,0.0,1.69861524797e-55
0.0,0.0,8.007504347e-69
0.0,1.0,1.0
0.0,0.0,1.16984990918e-50
0.0,0.0,6.86829084705e-58
0.0,0.0,3.42538483551e-26
0.0,0.0,1.0561801287e-47
0.0,0.0,1.2646617922e-68
0.0,0.0,4.19136275396e-54
0.0,0.0,7.4153485259e-53
0.0,0.0,6.42754619969e-18
0.0,1.0,1.0
0.0,0.0,2.69239284419e-51
0.0,0.0,2.45727868816e-66
0.0,0.0,8.49696684899e-53
0.0,0.0,9.54428235995e-06
0.0,0.0,1.81205994923e-48
0.0,0.0,5.92436102455e-68
0.0,0.0,3.27808622003e-56
0.0,0.0,1.44780930254e-60
0.0,0.0,1.18953918839e-60
0.0,0.0,1.31604827473e-58
0.0,0.0,9.07220994079e-30
0.0,0.0,1.30276278123e-41
0.0,0.0,1.35067570976e-40
0.0,0.0,9.10233445423e-30
0.0,0.0,3.01674756519e-47
0.0,0.0,1.18550358957e-50
0.0,0.0,1.98044273776e-65
0.0,0.0,2.87753910934e-48
0.0,1.0,1.0
0.0,0.0,3.6040902549e-69
0.0,0.0,1.59680219784e-53
0.0,0.0,8.98673115674e-60
0.0,0.0,9.86993746441e-52
0.0,0.0,9.79545775396e-66
0.0,0.0,6.01306276519e-18
0.0,0.0,5.73269721554e-62
