1.0,0.0,1.60413218731e-11
1.0,1.0,1.0
1.0,1.0,1.0
1.0,1.0,0.975895062846
1.0,1.0,0.999999996742
1.0,0.0,2.47661339479e-09
1.0,0.0,5.4239072614e-05
1.0,1.0,1.0
1.0,1.0,0.999999999926
1.0,1.0,0.999997564484
1.0,1.0,0.999999848138
1.0,0.0,0.0773205108426
1.0,0.0,0.00050540634683
1.0,0.0,1.11659754261e-12
1.0,1.0,0.545455749174
1.0,0.0,1.73698005513e-05
1.0,1.0,0.999999839463
1.0,1.0,0.978841827426
1.0,0.0,3.53879758332e-12
1.0,0.0,3.97532504934e-09
1.0,0.0,2.21760072671e-10
1.0,0.0,6.404691538e-12
1.0,0.0,1.18018057084e-07
1.0,0.0,4.90094034283e-11
1.0,1.0,1.0
1.0,0.0,2.3206493824e-12
1.0,0.0,4.06320375066e-23
1.0,0.0,1.09170572411e-15
1.0,0.0,1.43398065357e-05
1.0,1.0,1.0
1.0,0.0,4.26119692794e-08
1.0,0.0,4.04174317001e-13
1.0,1.0,1.0
1.0,0.0,4.68711398239e-13
1.0,0.0,9.71272555514e-07
1.0,1.0,0.732011182483
1.0,1.0,0.803732937572
1.0,0.0,9.02669937326e-05
1.0,1.0,0.99999999487
1.0,1.0,0.963714912904
1.0,0.0,7.29785925841e-10
1.0,1.0,0.999999999967
1.0,1.0,1.0
1.0,1.0,1.0
1.0,1.0,1.0
1.0,0.0,1.05612263774e-09
1.0,0.0,4.48118547313e-09
1.0,1.0,0.999999991486
1.0,0.0,0.00582981323904
1.0,0.0,2.24543942581e-06
1.0,1.0,0.999999996049
1.0,0.0,6.84190575727e-11
1.0,0.0,6.89357237651e-06
1.0,1.0,0.999999999992
1.0,1.0,0.997003698931
1.0,1.0,0.885519880689
1.0,0.0,0.00866366754029
1.0,1.0,0.999999999956
1.0,1.0,0.995773937777
1.0,0.0,2.51707818507e-16
1.0,1.0,0.999999939968
1.0,0.0,7.63514106611e-11
1.0,1.0,0.99140794042
1.0,1.0,1.0
1.0,0.0,0.00917194721715
1.0,1.0,0.999999999694
1.0,1.0,0.837509321428
1.0,0.0,1.97769382985e-11
1.0,0.0,3.68965962057e-13
1.0,0.0,5.17389186299e-10
1.0,0.0,1.60149184184e-07
1.0,1.0,0.999999999855
1.0,0.0,0.00120087029787
1.0,0.0,8.76819647823e-10
1.0,0.0,1.24462740666e-05
1.0,1.0,0.72626018489
1.0,1.0,0.999952492426
1.0,1.0,0.999999978221
1.0,1.0,1.0
1.0,0.0,0.000226491704454
1.0,1.0,1.0
1.0,1.0,1.0
1.0,1.0,1.0
1.0,1.0,1.0
1.0,1.0,1.0
1.0,1.0,1.0
1.0,0.0,0.00843965262508
1.0,1.0,1.0
1.0,1.0,1.0
1.0,1.0,1.0
1.0,1.0,0.52344675386
1.0,1.0,0.999999999613
1.0,1.0,1.0
1.0,1.0,1.0
1.0,1.0,1.0
1.0,1.0,0.999999958697
1.0,1.0,1.0
1.0,0.0,4.08197192961e-07
1.0,1.0,0.999999999999
1.0,1.0,1.0
1.0,1.0,1.0
1.0,1.0,1.0
1.0,1.0,0.999977273426
1.0,0.0,0.0410646283597
1.0,1.0,1.0
1.0,1.0,1.0
1.0,1.0,0.999999999999
1.0,1.0,0.999956152768
1.0,1.0,0.99997616681
1.0,1.0,1.0
1.0,1.0,1.0
1.0,1.0,1.0
1.0,1.0,0.999999999998
1.0,1.0,1.0
1.0,0.0,9.10964660525e-05
1.0,1.0,0.999999999786
1.0,1.0,1.0
1.0,0.0,1.02582579458e-14
1.0,1.0,0.999999999997
1.0,1.0,1.0
1.0,1.0,1.0
1.0,1.0,1.0
1.0,1.0,1.0
1.0,1.0,1.0
1.0,1.0,1.0
1.0,1.0,1.0
1.0,1.0,1.0
1.0,0.0,6.52657907246e-10
1.0,1.0,0.999999993353
1.0,0.0,0.0316618105883
1.0,1.0,1.0
1.0,1.0,1.0
1.0,1.0,0.999634897879
1.0,0.0,1.03517464341e-15
1.0,0.0,2.34363377897e-09
1.0,1.0,1.0
1.0,1.0,0.521705313312
1.0,1.0,1.0
1.0,0.0,1.24456976624e-09
1.0,1.0,1.0
1.0,1.0,1.0
1.0,1.0,1.0
1.0,0.0,5.42193394934e-10
1.0,0.0,0.478797915782
1.0,1.0,1.0
1.0,0.0,0.000847547277669
1.0,0.0,3.60889644672e-14
1.0,0.0,1.93525332812e-07
1.0,1.0,0.753752878906
1.0,0.0,1.86232210721e-15
1.0,1.0,0.932348492957
1.0,0.0,1.14770976602e-08
1.0,0.0,0.000120576525495
1.0,0.0,4.45484981894e-08
1.0,1.0,0.896115645303
1.0,1.0,1.0
1.0,1.0,0.999432504051
1.0,0.0,1.02582152713e-08
1.0,1.0,0.999999941932
1.0,1.0,0.999341720787
1.0,1.0,0.9986108176
1.0,1.0,0.999999999564
1.0,1.0,0.999991162278
1.0,1.0,0.999999998756
1.0,1.0,0.69960916314
1.0,0.0,1.64323437713e-15
1.0,0.0,6.29448133691e-14
1.0,1.0,0.963381501459
1.0,1.0,0.99999999995
1.0,1.0,1.0
1.0,0.0,4.39904981374e-16
1.0,0.0,0.249322194238
1.0,1.0,1.0
1.0,1.0,0.999065941403
1.0,0.0,0.0178390395831
1.0,0.0,0.00189782545042
1.0,0.0,1.01185919944e-09
1.0,1.0,0.999999945643
1.0,0.0,2.51763708878e-12
1.0,0.0,2.37228681557e-11
1.0,0.0,1.2449543241e-08
1.0,1.0,0.999999999742
1.0,0.0,0.0105401349079
1.0,1.0,0.884159279381
1.0,1.0,0.999998914973
1.0,0.0,2.87087765466e-14
1.0,1.0,0.851323738698
1.0,0.0,0.0265728612547
1.0,1.0,0.999999999683
1.0,1.0,1.0
1.0,1.0,0.969331339211
1.0,1.0,0.999999999999
1.0,1.0,0.99999997898
1.0,1.0,0.99980599074
1.0,0.0,0.0366775247859
1.0,0.0,3.07779743253e-06
1.0,0.0,0.00153690433202
1.0,0.0,0.159188610546
1.0,1.0,0.865376646082
1.0,1.0,1.0
1.0,0.0,3.20247034968e-09
1.0,0.0,5.58654945026e-13
1.0,1.0,0.999999463382
1.0,0.0,0.204463474896
1.0,1.0,0.999999817833
1.0,1.0,1.0
1.0,0.0,7.23646285636e-07
1.0,0.0,0.000368597820353
1.0,1.0,0.99998664926
1.0,1.0,1.0
1.0,1.0,1.0
1.0,0.0,5.04755176854e-09
1.0,1.0,1.0
1.0,0.0,0.00159509646732
1.0,1.0,0.999999619305
1.0,0.0,2.41066573692e-06
1.0,1.0,0.998777102843
1.0,1.0,0.999999999855
1.0,1.0,0.996226609232
1.0,0.0,0.202558026268
1.0,1.0,0.991490306596
1.0,0.0,1.17528049823e-06
1.0,0.0,2.17924725774e-06
1.0,1.0,0.999979698952
1.0,1.0,0.999999999641
1.0,1.0,0.993839346067
1.0,1.0,0.999999991789
1.0,0.0,1.32419546138e-09
1.0,0.0,0.154931725487
1.0,0.0,3.88251567486e-14
1.0,0.0,2.62523388509e-05
1.0,1.0,0.999909059508
1.0,1.0,0.999999999801
1.0,1.0,0.99999747128
1.0,0.0,0.21908609713
1.0,1.0,0.975834578102
1.0,1.0,0.99986044421
1.0,0.0,0.0116599438025
1.0,1.0,1.0
1.0,1.0,1.0
1.0,1.0,1.0
1.0,1.0,0.999890408126
1.0,0.0,2.44115588092e-08
1.0,1.0,0.999999997717
1.0,1.0,0.999999962035
1.0,1.0,0.998291075886
1.0,1.0,1.0
1.0,0.0,8.1628439285e-08
1.0,0.0,0.00131876690173
1.0,0.0,0.111186714287
1.0,1.0,1.0
1.0,1.0,0.991344002555
1.0,0.0,5.90161900153e-10
1.0,0.0,2.23949818903e-09
1.0,0.0,1.03834694985e-10
1.0,1.0,1.0
1.0,0.0,0.000966650234326
1.0,0.0,1.38195243031e-05
1.0,0.0,8.45018832631e-08
1.0,1.0,0.99999998941
1.0,0.0,2.40576641924e-12
1.0,1.0,0.999999630937
1.0,1.0,0.988856168785
1.0,1.0,0.99932011652
1.0,0.0,3.35135145227e-06
1.0,1.0,1.0
1.0,1.0,0.999999995425
1.0,1.0,0.999999999992
1.0,1.0,0.999999984838
1.0,0.0,0.0181434572058
1.0,0.0,4.44241274869e-12
1.0,1.0,0.999999999288
1.0,0.0,4.97527897998e-07
1.0,1.0,0.999999970071
1.0,1.0,0.999693493085
1.0,0.0,0.270342059277
1.0,1.0,1.0
1.0,1.0,1.0
1.0,0.0,0.0029819523281
1.0,0.0,0.00124753228962
1.0,1.0,1.0
1.0,0.0,1.31853185966e-12
1.0,1.0,0.954893103206
1.0,0.0,0.046890803702
1.0,0.0,0.00186407144153
1.0,0.0,0.000285324543272
1.0,1.0,0.99999999998
1.0,1.0,0.92606033186
1.0,1.0,0.997767583055
1.0,1.0,1.0
1.0,0.0,7.75761928004e-05
1.0,0.0,0.0044023243499
1.0,0.0,0.293858346207
1.0,1.0,0.997407067241
1.0,0.0,1.29472001602e-17
1.0,0.0,0.14099814696
1.0,1.0,1.0
1.0,1.0,0.977737113109
1.0,0.0,0.0192659771061
1.0,1.0,1.0
1.0,0.0,2.06891646386e-11
1.0,1.0,1.0
1.0,1.0,1.0
1.0,0.0,6.27494866355e-08
1.0,1.0,0.996688404347
1.0,0.0,8.01748715249e-11
1.0,0.0,0.00010630146582
1.0,1.0,1.0
1.0,1.0,0.999999991923
1.0,0.0,0.0119914789287
1.0,0.0,5.63612818461e-09
1.0,1.0,0.522169310258
1.0,0.0,1.0225962823e-11
1.0,0.0,1.08026817158e-07
1.0,0.0,0.0120454196164
1.0,1.0,0.999061306857
1.0,0.0,7.57317014751e-19
1.0,0.0,1.92525915948e-10
1.0,0.0,4.04016414063e-11
1.0,0.0,3.47441030033e-23
1.0,0.0,3.15922879987e-08
1.0,1.0,0.998506518739
1.0,1.0,0.999999951849
1.0,1.0,0.9999982034
1.0,1.0,0.985023216124
1.0,0.0,0.000480463377316
1.0,1.0,1.0
1.0,1.0,0.992324594869
1.0,0.0,3.65737150407e-21
1.0,0.0,0.0124757174851
1.0,0.0,6.76773634454e-10
1.0,0.0,2.96321127721e-07
1.0,1.0,0.999999985997
1.0,1.0,0.99976891762
1.0,1.0,1.0
1.0,1.0,0.999999999849
1.0,0.0,1.87942541206e-19
1.0,0.0,0.25701893468
1.0,1.0,0.999973910503
1.0,0.0,1.41572805657e-06
1.0,0.0,1.08048648159e-08
1.0,1.0,1.0
1.0,1.0,0.999999999998
1.0,1.0,0.999999999986
1.0,0.0,0.000157821298344
1.0,0.0,1.7472504074e-15
1.0,0.0,7.11351313919e-07
1.0,0.0,0.000266042143967
1.0,1.0,1.0
1.0,1.0,1.0
1.0,0.0,5.49990379316e-06
1.0,0.0,0.00271428208704
1.0,0.0,3.33559847783e-11
1.0,0.0,1.33827173466e-06
1.0,0.0,2.29626493246e-06
1.0,0.0,0.00687109001345
1.0,1.0,1.0
1.0,1.0,0.999999998522
1.0,0.0,4.23821012902e-07
1.0,1.0,1.0
1.0,1.0,0.52552975666
1.0,0.0,0.00384159098486
1.0,0.0,4.07069665265e-18
1.0,0.0,3.25273177331e-10
1.0,0.0,8.43128584221e-08
1.0,1.0,0.999999999998
1.0,0.0,0.0015109409091
1.0,1.0,0.99999994812
1.0,1.0,1.0
1.0,1.0,0.999958952327
1.0,1.0,0.999999999997
1.0,1.0,1.0
1.0,1.0,1.0
1.0,0.0,5.62291914019e-21
1.0,1.0,0.999915548609
1.0,1.0,0.999999999934
1.0,0.0,0.0460218804227
1.0,0.0,0.00128547547592
1.0,1.0,0.89867146702
1.0,1.0,0.9999998585
1.0,1.0,0.995362337501
1.0,0.0,8.73258578121e-12
1.0,0.0,1.51202769074e-13
1.0,1.0,0.999999972628
1.0,1.0,0.999999743023
1.0,0.0,0.443997957876
1.0,0.0,8.38558849658e-05
1.0,1.0,0.999999999939
1.0,1.0,0.996464663256
1.0,1.0,1.0
1.0,0.0,2.53581140754e-16
1.0,1.0,0.99860192981
1.0,0.0,1.37107448325e-13
1.0,0.0,1.59004161868e-06
1.0,0.0,5.96850850279e-13
1.0,1.0,0.999999991396
1.0,1.0,1.0
1.0,0.0,4.56077456466e-12
1.0,0.0,1.61215467277e-17
1.0,0.0,3.78759252033e-08
1.0,0.0,0.0803726369749
1.0,1.0,0.999999999975
1.0,1.0,0.999999999956
1.0,0.0,0.00189662263177
1.0,1.0,0.999969936212
1.0,1.0,0.999998564537
1.0,0.0,3.9573606731e-12
1.0,0.0,4.20842845685e-08
1.0,1.0,0.999999965816
1.0,1.0,0.999999999886
1.0,1.0,0.999999332679
1.0,0.0,0.0364300697371
1.0,1.0,0.999977145355
1.0,0.0,7.23486590765e-19
1.0,0.0,8.15736929978e-14
1.0,0.0,0.423575005707
1.0,1.0,0.99999999713
1.0,1.0,0.999999999999
1.0,1.0,0.999988636337
1.0,0.0,1.35035658184e-05
1.0,1.0,1.0
1.0,0.0,1.8203129873e-07
1.0,0.0,1.1728360485e-12
1.0,0.0,1.14676542729e-07
1.0,1.0,1.0
1.0,1.0,0.999950808008
1.0,1.0,1.0
1.0,1.0,1.0
1.0,0.0,5.56000314098e-11
1.0,1.0,0.80885961161
1.0,0.0,2.98534315737e-07
1.0,0.0,2.25425723647e-15
1.0,0.0,1.59362986992e-05
1.0,0.0,2.29714995941e-10
1.0,0.0,1.8511294716e-13
1.0,1.0,0.961723145112
1.0,1.0,0.999999999967
1.0,1.0,1.0
1.0,1.0,0.999996623012
1.0,0.0,2.15524173401e-05
1.0,0.0,6.59317287033e-14
1.0,0.0,8.72524540217e-16
1.0,0.0,4.0440727752e-16
1.0,0.0,8.05932465782e-13
1.0,0.0,0.00109331307036
1.0,1.0,0.995550664422
1.0,1.0,1.0
1.0,0.0,5.6725246495e-15
1.0,1.0,1.0
1.0,1.0,0.997993956005
1.0,0.0,4.16561969086e-15
1.0,1.0,1.0
1.0,0.0,1.12093718631e-09
1.0,1.0,0.571574157191
1.0,0.0,1.02246358948e-07
1.0,0.0,1.17635248688e-09
1.0,1.0,1.0
1.0,1.0,1.0
1.0,0.0,5.871779785e-05
1.0,1.0,0.519909300051
1.0,0.0,0.000988335637731
1.0,0.0,3.63571746693e-09
1.0,1.0,0.999999996543
1.0,1.0,0.999999998614
1.0,0.0,1.65825859999e-11
1.0,0.0,1.43452935446e-14
1.0,0.0,0.0974867619705
1.0,0.0,7.23328594294e-05
1.0,0.0,1.00125804727e-09
1.0,0.0,1.20318347269e-07
1.0,0.0,2.14168919854e-05
1.0,0.0,2.14276365344e-10
1.0,1.0,0.965065111928
1.0,0.0,6.33381367902e-12
1.0,0.0,3.30935822289e-08
1.0,0.0,0.000203750352496
1.0,0.0,2.8412807918e-09
1.0,0.0,0.0176028596045
1.0,0.0,7.0037935997e-10
1.0,0.0,3.76070339953e-08
1.0,0.0,5.698144247e-11
1.0,1.0,0.99971666557
1.0,0.0,1.62175761656e-05
1.0,0.0,1.34366470996e-06
1.0,1.0,0.979427115294
1.0,0.0,2.6735556484e-06
1.0,1.0,0.999999999385
1.0,0.0,9.37062844488e-11
1.0,0.0,1.22143004324e-06
1.0,0.0,7.8085943294e-07
1.0,0.0,6.03123918039e-18
1.0,1.0,1.0
1.0,1.0,0.999999999999
1.0,0.0,0.000101706671167
1.0,0.0,3.07411501479e-07
1.0,0.0,1.64640832336e-13
1.0,0.0,0.00313610176259
1.0,1.0,0.999999988841
1.0,0.0,0.000711624751385
1.0,0.0,1.16800527944e-06
1.0,1.0,0.999999999629
1.0,0.0,1.89669500112e-08
1.0,1.0,0.999352773784
1.0,0.0,6.19313263444e-14
1.0,1.0,0.999999605705
1.0,0.0,0.0049383036794
1.0,0.0,1.00368319967e-08
1.0,1.0,1.0
1.0,1.0,0.999999999398
1.0,0.0,0.00013477396016
1.0,1.0,1.0
1.0,0.0,0.0101071420808
1.0,0.0,8.33194373034e-07
1.0,1.0,0.999999955184
1.0,0.0,7.48895543658e-09
1.0,0.0,1.12165397015e-08
1.0,1.0,0.998244348541
1.0,1.0,0.99999999991
1.0,0.0,1.65550496744e-08
1.0,1.0,0.996893809706
1.0,1.0,0.999999999836
1.0,1.0,0.999999999998
1.0,1.0,0.995908273632
1.0,1.0,1.0
1.0,1.0,0.975643721107
1.0,0.0,3.86229531508e-06
1.0,0.0,1.58534508662e-05
1.0,1.0,1.0
1.0,1.0,0.999950956469
1.0,1.0,0.958323472001
1.0,0.0,0.00638268229641
1.0,0.0,0.00836497139911
1.0,0.0,0.440790896611
1.0,1.0,0.999999999828
1.0,1.0,0.884093838023
1.0,1.0,1.0
1.0,1.0,0.999999999995
1.0,1.0,1.0
1.0,1.0,0.999988677739
1.0,0.0,0.0335475707535
1.0,0.0,0.0233815057983
1.0,0.0,3.98329223292e-14
1.0,1.0,1.0
1.0,0.0,1.4769051428e-11
1.0,0.0,0.00787589781787
1.0,0.0,0.0207707321824
1.0,0.0,4.55193384885e-13
1.0,0.0,1.20500353454e-14
1.0,0.0,7.48397417617e-16
1.0,0.0,7.93122785369e-16
1.0,0.0,1.11749766569e-11
1.0,1.0,0.992820784503
1.0,1.0,1.0
1.0,1.0,1.0
1.0,0.0,0.0579575917822
1.0,1.0,0.999999990655
1.0,0.0,4.69149434082e-09
1.0,0.0,4.45215003003e-10
1.0,1.0,1.0
1.0,0.0,1.54533304902e-09
1.0,1.0,0.999996103034
1.0,1.0,0.810602850147
1.0,1.0,1.0
1.0,0.0,6.82721685622e-09
1.0,0.0,3.53887873384e-19
1.0,0.0,9.2726364161e-17
1.0,0.0,3.00559260231e-07
1.0,0.0,3.13379280949e-14
1.0,0.0,0.331374516136
1.0,1.0,0.999999040691
1.0,0.0,2.77522650603e-11
1.0,0.0,7.34698996571e-16
1.0,1.0,0.999998085307
1.0,1.0,0.999995036629
1.0,0.0,0.369411730117
1.0,1.0,1.0
1.0,0.0,2.59619600993e-06
1.0,0.0,1.33970382934e-08
1.0,0.0,4.75243875078e-05
1.0,1.0,1.0
1.0,0.0,1.82822513117e-10
1.0,0.0,1.20647289869e-16
1.0,1.0,1.0
1.0,0.0,2.5124472845e-17
1.0,1.0,0.99997620747
1.0,0.0,1.14375647778e-11
1.0,0.0,1.82125911787e-14
1.0,0.0,2.18966031929e-18
1.0,1.0,1.0
1.0,0.0,0.000382093803213
1.0,0.0,1.20949750758e-12
1.0,0.0,8.37626291792e-07
1.0,1.0,0.99998820442
1.0,0.0,1.21470808393e-08
1.0,0.0,0.00784566191982
1.0,0.0,0.0144991869342
1.0,0.0,5.36057598388e-10
1.0,1.0,1.0
1.0,1.0,1.0
1.0,1.0,0.99479928655
1.0,0.0,2.13415595672e-13
1.0,1.0,0.988132997379
1.0,1.0,0.945749857286
1.0,0.0,0.0154664298049
1.0,0.0,3.38930784976e-09
1.0,0.0,0.000181539827932
1.0,1.0,1.0
1.0,0.0,0.000321989375937
1.0,0.0,2.11424714765e-06
1.0,1.0,1.0
1.0,0.0,4.52487778784e-10
1.0,0.0,0.0158317906534
1.0,0.0,3.6922164654e-17
1.0,1.0,1.0
1.0,0.0,2.96790979347e-07
1.0,0.0,4.0845401951e-18
1.0,1.0,0.999999993503
1.0,0.0,4.59821608208e-05
1.0,1.0,0.999999945594
1.0,1.0,0.945199803087
1.0,1.0,0.996085023522
1.0,0.0,1.19553552194e-06
1.0,1.0,0.999953205048
1.0,1.0,0.88379212347
1.0,1.0,0.999999999984
1.0,0.0,4.96986416243e-18
1.0,1.0,1.0
1.0,0.0,0.00557469833462
1.0,1.0,1.0
1.0,1.0,1.0
1.0,1.0,1.0
1.0,1.0,0.999999991436
1.0,0.0,3.26074737854e-09
1.0,0.0,0.271919290232
1.0,1.0,0.99703549126
1.0,1.0,0.999982790681
1.0,0.0,6.06585910517e-05
1.0,0.0,5.66444759652e-08
1.0,1.0,0.985309198147
1.0,1.0,1.0
1.0,0.0,3.94506910708e-08
1.0,0.0,0.000931612054623
1.0,1.0,0.999999999654
1.0,1.0,1.0
1.0,0.0,1.73810251475e-05
1.0,1.0,1.0
1.0,1.0,0.999999996575
1.0,0.0,0.000844287831616
1.0,0.0,7.14961332935e-21
1.0,1.0,1.0
1.0,0.0,1.84041915073e-12
1.0,0.0,1.26094657657e-16
1.0,1.0,0.825348084482
1.0,1.0,1.0
1.0,1.0,0.999999999984
1.0,1.0,1.0
1.0,0.0,5.22262099053e-15
1.0,0.0,0.00144706751931
1.0,1.0,0.999999286042
1.0,1.0,1.0
1.0,1.0,1.0
1.0,1.0,0.999898718371
1.0,1.0,1.0
1.0,0.0,0.00120242202812
1.0,1.0,0.998219040494
1.0,0.0,3.68814467706e-06
1.0,1.0,0.999999126595
1.0,0.0,0.0103477976069
1.0,0.0,3.30468563351e-09
1.0,0.0,8.89688885498e-10
1.0,1.0,0.997880198402
1.0,1.0,0.785069360512
1.0,0.0,1.49650551649e-16
1.0,0.0,0.0345523073989
1.0,1.0,0.992844070727
1.0,1.0,1.0
1.0,0.0,3.38329722689e-09
1.0,0.0,2.02039342282e-09
1.0,0.0,2.9220159548e-19
1.0,0.0,1.74482568094e-08
1.0,1.0,1.0
1.0,0.0,2.64854402167e-13
1.0,0.0,5.02766586163e-12
1.0,0.0,4.46019580158e-14
1.0,1.0,0.99998844597
1.0,0.0,6.76372005274e-21
1.0,0.0,5.08462740266e-27
1.0,0.0,9.88835594184e-13
1.0,0.0,1.670141849e-09
1.0,0.0,0.000368326713384
1.0,0.0,5.1210404808e-09
1.0,0.0,2.34560357254e-09
1.0,0.0,0.048704864837
1.0,0.0,2.08369611674e-14
1.0,1.0,1.0
1.0,1.0,0.99999999553
1.0,0.0,2.07295731918e-13
1.0,1.0,1.0
1.0,1.0,1.0
1.0,0.0,5.92355038163e-08
1.0,0.0,6.85298932808e-14
1.0,0.0,1.55556023681e-08
1.0,1.0,0.999994919824
1.0,1.0,0.999999307899
1.0,1.0,0.999959727259
1.0,1.0,1.0
1.0,0.0,3.78015663051e-08
1.0,0.0,4.70507537925e-10
1.0,1.0,1.0
1.0,0.0,3.3544408197e-07
1.0,0.0,1.41078700832e-08
1.0,1.0,1.0
1.0,1.0,0.78423723189
1.0,0.0,2.36706806686e-11
1.0,0.0,0.226532683756
1.0,1.0,0.993710722244
1.0,1.0,0.999998956037
1.0,1.0,0.994879000003
1.0,1.0,1.0
1.0,1.0,0.935296420026
1.0,0.0,2.07041770239e-15
1.0,1.0,1.0
1.0,0.0,1.2109192336e-15
1.0,0.0,0.0774399242516
1.0,0.0,8.47032112314e-07
1.0,1.0,0.767216764543
1.0,0.0,8.82378371916e-12
1.0,0.0,5.38768773067e-12
1.0,1.0,1.0
1.0,0.0,4.56639490986e-07
1.0,1.0,1.0
1.0,1.0,0.999999999968
1.0,1.0,0.982622416021
1.0,0.0,5.82440077484e-07
1.0,1.0,1.0
1.0,1.0,0.999909319783
1.0,0.0,6.01786364691e-05
1.0,0.0,1.05297481378e-08
1.0,0.0,6.59584288921e-06
1.0,0.0,4.80983462105e-07
1.0,1.0,0.99999999807
1.0,1.0,0.99999091205
1.0,1.0,0.999639118799
1.0,1.0,0.999999999983
1.0,1.0,0.999900254892
1.0,0.0,0.00714319717948
1.0,0.0,3.37747604526e-12
1.0,0.0,3.15839448957e-09
1.0,1.0,0.999999993727
1.0,1.0,1.0
1.0,0.0,3.93208749553e-05
1.0,1.0,1.0
1.0,0.0,9.62077799287e-13
1.0,1.0,0.999999999997
1.0,1.0,0.999965232192
1.0,1.0,1.0
1.0,0.0,0.0125774784314
1.0,1.0,1.0
1.0,1.0,0.999959204074
1.0,0.0,1.74789266016e-17
1.0,1.0,0.503794404045
1.0,0.0,2.1841500863e-14
1.0,0.0,3.12671023688e-05
1.0,0.0,4.17380869418e-11
1.0,0.0,4.42275058585e-12
1.0,0.0,1.67857161872e-19
1.0,1.0,0.999999996517
1.0,1.0,1.0
1.0,0.0,1.21801623107e-08
1.0,0.0,2.88102393986e-08
1.0,0.0,0.0590779124444
1.0,0.0,1.28857520712e-06
1.0,1.0,0.818453087274
1.0,1.0,0.999999999828
1.0,1.0,0.999972946048
1.0,0.0,0.182535893136
1.0,1.0,0.999999997808
1.0,0.0,2.05431192156e-11
1.0,1.0,0.999999999999
1.0,0.0,1.05282547449e-17
1.0,0.0,1.90691736481e-12
1.0,1.0,1.0
1.0,1.0,0.688333843468
1.0,1.0,0.590651216392
1.0,0.0,2.50320050323e-14
1.0,1.0,0.999999992886
1.0,1.0,1.0
1.0,1.0,0.999999837305
1.0,0.0,7.8062294777e-10
1.0,1.0,0.999999999662
1.0,1.0,0.996906675262
1.0,0.0,2.07086412052e-14
1.0,1.0,0.999999743185
1.0,0.0,4.28110772313e-14
1.0,0.0,2.4986607752e-05
1.0,1.0,0.923767052537
1.0,1.0,0.999999998495
1.0,0.0,9.429549702e-09
1.0,1.0,0.999999997546
1.0,1.0,0.999997395065
1.0,0.0,8.60239607963e-17
1.0,0.0,0.168645696607
1.0,1.0,0.999438498833
1.0,1.0,0.999999999942
1.0,0.0,8.17895762798e-09
1.0,1.0,0.999999994977
1.0,0.0,1.94294006555e-18
1.0,0.0,4.71970099619e-08
1.0,0.0,1.50430787041e-07
1.0,0.0,0.00116308331738
1.0,1.0,0.972626323904
1.0,1.0,0.999999988261
1.0,1.0,0.999984510384
1.0,0.0,1.83286152696e-14
1.0,1.0,0.999999999985
1.0,1.0,0.99999721933
1.0,0.0,4.58442328734e-09
1.0,1.0,0.995503497682
1.0,0.0,5.58072995002e-06
1.0,1.0,0.962452318113
1.0,1.0,1.0
1.0,1.0,0.999997497289
1.0,1.0,1.0
1.0,1.0,1.0
1.0,1.0,1.0
1.0,0.0,1.42230220329e-15
1.0,0.0,1.39491312928e-09
1.0,0.0,1.23926368443e-06
1.0,1.0,1.0
1.0,1.0,1.0
1.0,1.0,0.999994723953
1.0,0.0,0.00770247894247
1.0,0.0,3.26856259833e-21
1.0,0.0,1.64633717987e-08
1.0,0.0,2.40967165866e-05
1.0,1.0,1.0
1.0,1.0,0.999998867016
1.0,1.0,1.0
1.0,0.0,1.67569005388e-07
1.0,0.0,6.21864273734e-07
1.0,1.0,0.840498241331
1.0,0.0,4.94701121632e-09
1.0,0.0,0.266365800858
1.0,1.0,1.0
1.0,1.0,0.999905805408
1.0,0.0,0.0208797055147
1.0,1.0,1.0
1.0,1.0,0.999999999999
1.0,0.0,1.74685472715e-06
1.0,0.0,0.00248240727006
1.0,0.0,3.31865706725e-07
1.0,1.0,0.999999816478
1.0,0.0,0.0280302044057
1.0,1.0,1.0
1.0,1.0,1.0
1.0,0.0,4.57076923525e-07
1.0,0.0,0.00264573713034
1.0,0.0,0.18490723832
1.0,1.0,1.0
1.0,1.0,1.0
1.0,0.0,6.24663270694e-17
1.0,1.0,1.0
1.0,0.0,4.65147954578e-12
1.0,1.0,0.996761200067
1.0,0.0,1.7477894039e-11
1.0,0.0,8.13389961697e-07
1.0,1.0,0.999949122218
1.0,1.0,0.999999960774
1.0,0.0,4.63523422121e-07
1.0,1.0,1.0
1.0,1.0,1.0
1.0,1.0,1.0
1.0,1.0,1.0
1.0,0.0,0.0017228515495
1.0,1.0,0.999999697675
1.0,1.0,1.0
1.0,0.0,0.0232952137653
1.0,1.0,1.0
1.0,0.0,0.0347336971057
1.0,0.0,1.04947285893e-05
1.0,0.0,0.000448785069824
1.0,0.0,2.58415862807e-10
1.0,0.0,0.000154027292397
1.0,1.0,0.977983883277
1.0,1.0,0.999993603314
1.0,1.0,1.0
1.0,1.0,1.0
1.0,0.0,0.000111571664927
1.0,0.0,0.0461250003599
1.0,0.0,6.36209249155e-19
1.0,1.0,0.999999999991
1.0,1.0,1.0
1.0,1.0,0.910451762915
1.0,0.0,0.354593938248
1.0,1.0,0.999835810411
1.0,1.0,1.0
1.0,1.0,1.0
1.0,0.0,0.0221367431315
1.0,1.0,0.999993223119
1.0,1.0,1.0
1.0,1.0,1.0
1.0,1.0,0.999868274323
1.0,0.0,3.5617825527e-06
1.0,0.0,1.2501955973e-16
1.0,1.0,0.99997617434
1.0,1.0,0.990696519875
1.0,1.0,1.0
1.0,0.0,3.52384181068e-13
1.0,1.0,0.999993158081
1.0,1.0,0.999797259431
1.0,0.0,1.56724284689e-11
1.0,0.0,3.80049725165e-13
1.0,1.0,1.0
1.0,1.0,1.0
1.0,1.0,0.999999999999
1.0,1.0,0.999999760015
1.0,0.0,0.0430962403561
1.0,1.0,1.0
1.0,1.0,1.0
1.0,1.0,1.0
1.0,1.0,0.999999967117
1.0,0.0,4.53001414996e-07
1.0,0.0,0.000726600345806
1.0,1.0,0.99999999317
1.0,0.0,1.26190363761e-09
1.0,1.0,0.904760483383
1.0,1.0,1.0
1.0,1.0,1.0
1.0,0.0,0.000617730312439
1.0,1.0,1.0
1.0,0.0,1.30816106846e-07
1.0,1.0,1.0
1.0,1.0,0.999072072821
1.0,1.0,0.523433901017
1.0,1.0,1.0
1.0,0.0,4.30503831156e-16
1.0,1.0,1.0
1.0,1.0,0.999982356006
1.0,1.0,0.999999999975
1.0,0.0,5.99033115524e-16
1.0,0.0,2.58634507167e-13
1.0,0.0,5.32616464848e-12
1.0,0.0,2.01458215078e-10
1.0,0.0,3.52339811584e-05
1.0,1.0,0.997533084012
1.0,0.0,1.87520281281e-14
1.0,1.0,0.99999824123
1.0,1.0,0.999996860677
1.0,0.0,9.85865319459e-19
1.0,1.0,1.0
1.0,0.0,1.59667356233e-16
1.0,0.0,1.56818397827e-12
1.0,0.0,1.55108919196e-05
1.0,1.0,1.0
1.0,0.0,1.64849203466e-06
1.0,1.0,0.999999968308
1.0,1.0,1.0
1.0,0.0,1.19608987678e-19
1.0,0.0,0.465909648327
1.0,1.0,1.0
1.0,0.0,0.0263369689424
1.0,0.0,8.25365534448e-09
1.0,1.0,0.999999277749
1.0,0.0,1.32292828165e-12
1.0,0.0,1.64160375568e-07
1.0,1.0,1.0
1.0,1.0,1.0
1.0,0.0,1.07226971847e-06
1.0,0.0,9.24412313174e-12
1.0,0.0,9.85867150351e-14
1.0,1.0,1.0
1.0,1.0,0.999999999955
1.0,1.0,0.999999999899
1.0,0.0,1.28552778605e-05
1.0,1.0,1.0
1.0,0.0,9.8245593364e-19
1.0,1.0,1.0
1.0,0.0,1.28407669888e-08
1.0,1.0,0.999999999984
1.0,0.0,0.0031570466096
1.0,1.0,0.999999999119
1.0,1.0,0.999999999659
1.0,1.0,0.999999965383
1.0,1.0,0.999984703321
1.0,1.0,1.0
1.0,1.0,0.999999999897
1.0,0.0,1.22608451933e-18
1.0,1.0,0.999850030687
1.0,1.0,1.0
1.0,1.0,0.99999924297
1.0,1.0,0.999976718276
1.0,0.0,0.109928125893
1.0,0.0,0.0102196368292
1.0,0.0,0.190651810537
1.0,0.0,8.96231211985e-13
1.0,1.0,1.0
1.0,1.0,1.0
1.0,0.0,9.29546606369e-10
1.0,0.0,7.00276017522e-14
1.0,0.0,0.0256104106372
1.0,0.0,3.06667025169e-07
1.0,1.0,0.999999966826
1.0,0.0,0.00576131903066
1.0,0.0,7.283315423e-18
1.0,1.0,0.974297681765
1.0,1.0,0.999999937286
1.0,1.0,0.999999836941
1.0,0.0,2.73582417251e-06
1.0,0.0,1.21757893857e-05
1.0,1.0,1.0
1.0,1.0,0.999999999981
1.0,1.0,0.999999999994
1.0,1.0,0.999998568789
1.0,1.0,0.976123088273
1.0,1.0,0.999997670563
1.0,1.0,0.997764798358
1.0,0.0,5.85260464865e-10
1.0,1.0,1.0
1.0,0.0,2.09461726473e-10
1.0,0.0,2.59944166206e-21
1.0,1.0,1.0
1.0,0.0,0.00334951303829
1.0,0.0,0.224778622388
1.0,0.0,0.313350550468
1.0,1.0,0.999929361878
1.0,0.0,7.50358148269e-14
1.0,0.0,0.30766521509
1.0,0.0,4.99091570685e-09
1.0,0.0,1.05433699408e-06
1.0,0.0,4.37399704879e-09
1.0,0.0,2.2970406852e-18
1.0,1.0,0.99999998753
1.0,0.0,1.07528895377e-17
1.0,0.0,4.3188853688e-21
1.0,1.0,0.579875843787
1.0,0.0,2.61400143692e-15
1.0,0.0,0.000273654497348
1.0,0.0,1.59885065215e-05
1.0,0.0,2.49974178875e-14
1.0,0.0,1.01173149121e-17
1.0,0.0,2.56757062899e-15
1.0,1.0,0.999998408538
1.0,0.0,0.11940983232
1.0,0.0,0.000970290625437
1.0,1.0,0.999999965922
1.0,1.0,0.627650471565
1.0,0.0,9.83485565352e-11
1.0,0.0,1.37968025367e-11
1.0,0.0,4.57696811987e-09
1.0,1.0,0.673300501897
1.0,1.0,0.983695340951
1.0,0.0,2.25195748643e-09
1.0,0.0,1.52333546538e-12
1.0,1.0,1.0
1.0,0.0,0.0110197055029
1.0,0.0,2.00624818642e-06
1.0,0.0,0.273998500756
1.0,1.0,0.993284899711
1.0,0.0,2.40922716505e-07
1.0,0.0,1.9798783809e-13
1.0,0.0,1.0878692573e-06
1.0,1.0,0.716545352752
1.0,1.0,0.999999999288
1.0,0.0,0.00127318675493
1.0,0.0,0.00121264653452
1.0,1.0,0.999999999937
1.0,1.0,1.0
1.0,1.0,0.999999999452
1.0,0.0,0.0136897805471
1.0,0.0,4.97614483688e-09
1.0,1.0,0.999999992391
1.0,1.0,0.993321924923
1.0,0.0,3.20709066986e-14
1.0,1.0,0.982705006231
1.0,1.0,1.0
1.0,0.0,1.53111613285e-19
1.0,1.0,1.0
1.0,0.0,0.371391477659
1.0,0.0,7.13773826379e-09
1.0,1.0,0.999999999763
1.0,1.0,1.0
1.0,1.0,0.999999999581
1.0,0.0,9.92570040142e-12
1.0,1.0,0.935517455198
1.0,0.0,7.28238466579e-16
1.0,0.0,6.29658744346e-18
1.0,1.0,0.999996875582
1.0,1.0,0.999999204981
1.0,1.0,0.999999999998
1.0,1.0,0.999976610215
1.0,0.0,3.69353191577e-12
1.0,1.0,1.0
1.0,0.0,7.94910709785e-18
1.0,1.0,1.0
1.0,1.0,0.982900563252
1.0,1.0,0.999999999999
1.0,1.0,0.99999873584
1.0,0.0,3.03527461895e-05
1.0,0.0,7.25329178717e-17
1.0,1.0,0.999999924214
1.0,0.0,3.46172232493e-12
1.0,0.0,0.000623164768644
1.0,1.0,0.99999976113
1.0,1.0,0.999999986182
1.0,1.0,0.999644656613
1.0,0.0,6.93835266269e-06
1.0,1.0,0.999999999999
1.0,0.0,1.27510276659e-05
1.0,1.0,0.999995402502
1.0,0.0,0.0749053070699
1.0,1.0,1.0
1.0,0.0,1.24943380988e-12
1.0,0.0,0.00690116466762
1.0,0.0,2.59895120642e-15
1.0,0.0,0.0355859041418
1.0,1.0,0.999999999994
1.0,1.0,0.99999999995
1.0,0.0,1.80757657253e-21
1.0,1.0,0.884627316802
1.0,1.0,1.0
1.0,0.0,1.57699743995e-06
1.0,0.0,4.44988181004e-13
1.0,1.0,0.999999588996
1.0,1.0,1.0
1.0,1.0,1.0
1.0,0.0,2.40795412279e-11
1.0,1.0,0.999999999999
1.0,0.0,1.41968419653e-10
1.0,0.0,1.0609534803e-05
1.0,0.0,1.52201330266e-06
0.0,1.0,0.999383778613
0.0,1.0,0.671704507083
0.0,1.0,0.999854583971
0.0,1.0,0.999852333746
0.0,0.0,6.74573700966e-21
0.0,1.0,0.978731130118
0.0,1.0,0.999999978206
0.0,0.0,3.09896054059e-12
0.0,0.0,5.01698306894e-15
0.0,0.0,0.000294688425233
0.0,0.0,4.03668936728e-08
0.0,0.0,7.92235245626e-05
0.0,0.0,2.17715112677e-07
0.0,0.0,7.19070167647e-09
0.0,0.0,1.67646881105e-06
0.0,0.0,6.95393710424e-09
0.0,1.0,0.999999998745
0.0,1.0,0.999999746946
0.0,0.0,1.18552724573e-13
0.0,1.0,0.999999868871
0.0,0.0,1.75944765287e-07
0.0,0.0,2.81749430495e-07
0.0,0.0,5.86993319828e-11
0.0,0.0,8.74536049665e-08
0.0,0.0,1.14639633947e-10
0.0,0.0,3.921775313e-12
0.0,1.0,0.966313166118
0.0,0.0,5.04065135426e-10
0.0,0.0,2.52043188266e-12
0.0,1.0,0.999996755645
0.0,1.0,0.999999999829
0.0,0.0,4.48070211245e-07
0.0,0.0,1.07630047934e-08
0.0,0.0,8.40128062278e-14
0.0,0.0,4.27819215991e-14
0.0,0.0,0.147768348927
0.0,0.0,3.85721998282e-11
0.0,0.0,0.116056660888
0.0,0.0,0.154132418807
0.0,1.0,0.999996968408
0.0,1.0,0.999998159547
0.0,0.0,2.71752039196e-08
0.0,0.0,9.65445897799e-17
0.0,0.0,7.29264987222e-05
0.0,1.0,0.806303454867
0.0,0.0,8.1706170324e-09
0.0,1.0,0.999974012781
0.0,1.0,1.0
0.0,0.0,1.40967263034e-08
0.0,1.0,1.0
0.0,0.0,0.0792711071504
0.0,1.0,0.836797400807
0.0,1.0,0.957263711069
0.0,0.0,8.99872335126e-10
0.0,0.0,2.71952073785e-08
0.0,1.0,1.0
0.0,1.0,0.924705778523
0.0,0.0,1.58688135756e-16
0.0,0.0,0.000167244605016
0.0,1.0,1.0
0.0,0.0,4.90315560631e-19
0.0,0.0,2.20721400842e-08
0.0,0.0,7.51910045738e-05
0.0,0.0,1.36557424916e-07
0.0,0.0,1.03314176856e-14
0.0,0.0,4.40921006911e-08
0.0,0.0,1.21722678937e-08
0.0,0.0,7.96020419509e-10
0.0,0.0,1.58373435685e-10
0.0,1.0,0.999999997243
0.0,0.0,0.000412058439958
0.0,0.0,0.024474618707
0.0,0.0,3.69346652715e-07
0.0,0.0,1.55351523161e-05
0.0,1.0,0.999999926718
0.0,0.0,6.83743789836e-12
0.0,1.0,0.999999999586
0.0,0.0,1.85866132435e-11
0.0,1.0,0.99882823707
0.0,1.0,0.999999999972
0.0,1.0,0.999999990732
0.0,1.0,0.940056629364
0.0,0.0,9.32603021822e-19
0.0,0.0,8.04680498693e-20
0.0,0.0,1.83899948279e-10
0.0,0.0,0.000278441913525
0.0,0.0,0.0015991877796
0.0,1.0,0.999995326873
0.0,0.0,0.000464732167625
0.0,0.0,1.2560076305e-13
0.0,0.0,1.1375746008e-06
0.0,0.0,1.00837999052e-09
0.0,0.0,1.40846700372e-09
0.0,0.0,3.17268899017e-08
0.0,0.0,1.05413765758e-15
0.0,1.0,0.999999966012
0.0,1.0,0.999806229295
0.0,0.0,1.48126593138e-08
0.0,0.0,5.16499114461e-05
0.0,0.0,0.000128068831703
0.0,0.0,3.88823244197e-06
0.0,0.0,3.05774769659e-07
0.0,0.0,3.41060686678e-09
0.0,0.0,6.13999490854e-07
0.0,0.0,1.85767029053e-05
0.0,0.0,1.14931459985e-14
0.0,1.0,1.0
0.0,0.0,2.80433790517e-05
0.0,1.0,0.999999999948
0.0,1.0,0.999278219899
0.0,0.0,4.09610749658e-09
0.0,1.0,0.953829422744
0.0,0.0,8.66256477785e-11
0.0,0.0,3.34233481208e-11
0.0,0.0,1.55852169955e-14
0.0,1.0,0.999999999974
0.0,0.0,1.25608034037e-09
0.0,0.0,6.40232611351e-08
0.0,1.0,0.844301737116
0.0,0.0,7.11847475924e-17
0.0,0.0,1.11893955123e-11
0.0,0.0,2.0060970472e-11
0.0,1.0,1.0
0.0,0.0,3.53107536254e-12
0.0,1.0,0.999652135173
0.0,0.0,8.64566674286e-07
0.0,1.0,0.99998262165
0.0,0.0,1.48195572783e-19
0.0,1.0,1.0
0.0,1.0,1.0
0.0,0.0,0.0110368746779
0.0,0.0,0.000387727841452
0.0,0.0,3.69678913732e-11
0.0,0.0,0.0271034556288
0.0,1.0,0.992220539704
0.0,0.0,1.48109786391e-15
0.0,0.0,0.000172984573121
0.0,0.0,3.15588526668e-12
0.0,0.0,9.28931065958e-05
0.0,0.0,1.1946381633e-06
0.0,0.0,0.315189872935
0.0,0.0,0.00599268996011
0.0,0.0,4.27209000638e-12
0.0,0.0,3.8654899378e-12
0.0,0.0,2.43077454464e-08
0.0,1.0,1.0
0.0,1.0,0.999999776303
0.0,0.0,0.000676712748163
0.0,1.0,0.999653001644
0.0,0.0,5.06235687944e-15
0.0,0.0,1.28345418444e-10
0.0,0.0,8.24707966907e-16
0.0,0.0,4.04590862508e-10
0.0,1.0,0.997885429362
0.0,0.0,0.00201840007868
0.0,0.0,0.0118692778824
0.0,0.0,1.15685211895e-10
0.0,0.0,4.28870302546e-07
0.0,0.0,4.37545569386e-10
0.0,0.0,5.94172287324e-16
0.0,1.0,0.997466635321
0.0,0.0,1.43365400568e-14
0.0,1.0,1.0
0.0,1.0,0.999984482179
0.0,1.0,0.999999940329
0.0,0.0,0.00199844003615
0.0,0.0,0.000205597183283
0.0,0.0,4.70070174991e-05
0.0,1.0,0.99997372743
0.0,0.0,0.00012090745224
0.0,0.0,9.81558175681e-13
0.0,0.0,0.000688859166563
0.0,0.0,1.27505267412e-13
0.0,0.0,4.13400144038e-08
0.0,0.0,2.95917039258e-15
0.0,0.0,2.01566448145e-07
0.0,0.0,5.18481730165e-06
0.0,1.0,0.99999945898
0.0,0.0,0.000236161210432
0.0,1.0,0.999999999999
0.0,0.0,2.3225580618e-08
0.0,1.0,1.0
0.0,1.0,1.0
0.0,1.0,0.999491272191
0.0,1.0,0.924039953055
0.0,0.0,9.64657131754e-10
0.0,0.0,6.51060528622e-13
0.0,1.0,0.633619301963
0.0,1.0,1.0
0.0,1.0,1.0
0.0,0.0,0.0294277551881
0.0,1.0,0.999735030072
0.0,1.0,1.0
0.0,0.0,0.0888510302445
0.0,1.0,0.999999988742
0.0,1.0,0.999706183696
0.0,1.0,0.999561231955
0.0,1.0,0.999911085532
0.0,0.0,0.00458055316925
0.0,0.0,0.000231970066864
0.0,0.0,9.78112544468e-09
0.0,1.0,0.667427735525
0.0,1.0,0.999999999207
0.0,0.0,0.0754183202041
0.0,0.0,4.57811462232e-08
0.0,1.0,0.999999992826
0.0,1.0,0.999999999944
0.0,0.0,1.73748218027e-08
0.0,0.0,0.057294390244
0.0,0.0,5.31779896814e-05
0.0,0.0,1.4049962805e-05
0.0,1.0,0.999594625648
0.0,0.0,0.00109219892497
0.0,0.0,3.75429609286e-13
0.0,0.0,8.01044959606e-21
0.0,1.0,0.621238166925
0.0,0.0,1.94437045775e-05
0.0,0.0,2.64567839988e-15
0.0,0.0,1.95206206984e-07
0.0,1.0,0.999999859669
0.0,1.0,0.999903144106
0.0,0.0,5.16188303601e-21
0.0,1.0,1.0
0.0,1.0,0.62684673044
0.0,0.0,2.64777916188e-10
0.0,0.0,3.19467918593e-22
0.0,0.0,8.255477772e-12
0.0,0.0,8.47308957279e-10
0.0,0.0,1.58853195393e-18
0.0,1.0,0.999999406557
0.0,0.0,8.38767401876e-13
0.0,0.0,2.58982123105e-10
0.0,0.0,7.85706224601e-16
0.0,1.0,0.636350596897
0.0,0.0,0.00546148378477
0.0,0.0,4.50176119155e-10
0.0,0.0,0.0102952810797
0.0,1.0,0.996756521916
0.0,0.0,1.36311703047e-14
0.0,0.0,9.11044621047e-05
0.0,0.0,0.0147131362062
0.0,1.0,1.0
0.0,1.0,1.0
0.0,0.0,5.26084155959e-18
0.0,1.0,0.999999999962
0.0,1.0,0.93035403578
0.0,1.0,0.998325693184
0.0,0.0,5.03846469205e-13
0.0,1.0,1.0
0.0,0.0,2.65009646307e-10
0.0,0.0,1.24887193709e-06
0.0,1.0,0.995356473028
0.0,0.0,1.35031668478e-08
0.0,0.0,3.16575925547e-10
0.0,1.0,0.999854747059
0.0,0.0,7.1015533229e-11
0.0,0.0,8.21014980519e-07
0.0,1.0,0.973501759342
0.0,1.0,0.999999999977
0.0,0.0,1.27720870297e-12
0.0,1.0,0.999999998731
0.0,0.0,4.43839740073e-19
0.0,0.0,3.01924750767e-08
0.0,0.0,3.60742001812e-16
0.0,1.0,0.999993809157
0.0,0.0,8.73083489864e-08
0.0,1.0,1.0
0.0,0.0,0.00218202793077
0.0,1.0,0.992305142668
0.0,0.0,2.28434088924e-09
0.0,0.0,1.09430650849e-12
0.0,1.0,0.999999989127
0.0,0.0,5.39752530344e-05
0.0,0.0,0.36710802777
0.0,0.0,1.40659847937e-11
0.0,0.0,4.64106395935e-15
0.0,0.0,3.01859018002e-14
0.0,0.0,1.64953236649e-08
0.0,0.0,8.52586879927e-05
0.0,0.0,9.48358159543e-07
0.0,1.0,1.0
0.0,1.0,1.0
0.0,0.0,0.00111980009888
0.0,1.0,0.999997381832
0.0,1.0,0.710755445025
0.0,0.0,2.68298079177e-17
0.0,1.0,1.0
0.0,1.0,1.0
0.0,1.0,0.993898187122
0.0,0.0,1.63210529937e-08
0.0,1.0,1.0
0.0,0.0,1.07280300587e-09
0.0,0.0,4.52026617213e-13
0.0,0.0,2.47323435182e-16
0.0,0.0,0.000925846050895
0.0,1.0,0.999991553163
0.0,1.0,0.999994231213
0.0,1.0,0.953367030262
0.0,0.0,5.60467484341e-07
0.0,0.0,2.86979108337e-05
0.0,0.0,5.35270306701e-10
0.0,0.0,7.06181716876e-15
0.0,0.0,4.25021313311e-10
0.0,0.0,5.07623720621e-05
0.0,1.0,0.999204150595
0.0,1.0,0.999503751605
0.0,0.0,2.0271266362e-12
0.0,0.0,1.43772798828e-07
0.0,0.0,0.00230024177186
0.0,0.0,0.00252766107202
0.0,0.0,2.34342866741e-06
0.0,1.0,1.0
0.0,0.0,0.0597552217028
0.0,0.0,0.38635644838
0.0,0.0,4.43762426651e-08
0.0,0.0,0.213028889367
0.0,1.0,1.0
0.0,0.0,7.91050545242e-08
0.0,0.0,1.45945717832e-05
0.0,1.0,0.999999982681
0.0,0.0,0.000133523192084
0.0,0.0,4.93253944681e-22
0.0,0.0,1.25052628258e-06
0.0,0.0,0.0843316404373
0.0,0.0,3.94534584643e-18
0.0,1.0,1.0
0.0,0.0,3.3467136035e-12
0.0,1.0,0.998922340418
0.0,0.0,7.24500300947e-09
0.0,0.0,1.7217059313e-08
0.0,0.0,1.11490933671e-06
0.0,0.0,4.24135566479e-05
0.0,0.0,0.0424181275652
0.0,0.0,0.000449874558923
0.0,1.0,1.0
0.0,0.0,5.83716015429e-12
0.0,0.0,1.38929751415e-09
0.0,1.0,1.0
0.0,0.0,2.37509665163e-10
0.0,0.0,0.0331007907901
0.0,0.0,2.56536795559e-08
0.0,0.0,0.146622366731
0.0,1.0,1.0
0.0,1.0,0.999999999978
0.0,0.0,9.60372913065e-10
0.0,0.0,9.05321097153e-19
0.0,1.0,0.950382398961
0.0,0.0,1.58419980153e-07
0.0,0.0,1.39591173241e-08
0.0,0.0,9.3909324149e-06
0.0,0.0,1.03628728157e-05
0.0,0.0,2.92718018877e-08
0.0,1.0,0.999999999954
0.0,1.0,0.999697339902
0.0,0.0,1.25931871277e-09
0.0,0.0,0.0555300396099
0.0,0.0,0.0391186750511
0.0,0.0,3.87290262466e-12
0.0,0.0,2.67132626339e-14
0.0,1.0,0.999999997953
0.0,0.0,2.93692921206e-19
0.0,0.0,8.61328052449e-11
0.0,1.0,0.999999999574
0.0,1.0,0.999999207205
0.0,1.0,0.999999999993
0.0,1.0,0.96428308905
0.0,0.0,5.17128250679e-12
0.0,0.0,4.31899467642e-13
0.0,1.0,0.999999150655
0.0,1.0,0.99999977851
0.0,0.0,5.66204055434e-20
0.0,1.0,0.999999990313
0.0,1.0,1.0
0.0,0.0,2.74319860392e-22
0.0,1.0,0.999998262671
0.0,0.0,9.96831257224e-16
0.0,1.0,0.999999902119
0.0,0.0,9.1502887445e-08
0.0,1.0,0.757374807642
0.0,0.0,2.24040380487e-05
0.0,1.0,0.999999885386
0.0,0.0,2.5315205898e-09
0.0,1.0,0.99999999029
0.0,1.0,0.999994798425
0.0,1.0,0.999999904504
0.0,0.0,5.89858828439e-14
0.0,0.0,1.54009958803e-12
0.0,0.0,9.08426622601e-14
0.0,1.0,0.999999758488
0.0,1.0,1.0
0.0,1.0,1.0
0.0,0.0,0.000429559038017
0.0,0.0,2.94715109326e-09
0.0,0.0,7.29340277473e-09
0.0,1.0,0.999999999998
0.0,0.0,3.7097918274e-16
0.0,0.0,2.27247635531e-10
0.0,1.0,1.0
0.0,0.0,3.36008108544e-12
0.0,1.0,0.99999999841
0.0,1.0,0.999999996975
0.0,0.0,4.67979255881e-07
0.0,1.0,1.0
0.0,1.0,0.900497316589
0.0,1.0,0.999999986217
0.0,1.0,0.999999999908
0.0,1.0,0.729715954147
0.0,0.0,8.20892436516e-16
0.0,0.0,0.00489171391012
0.0,1.0,1.0
0.0,1.0,0.999999321047
0.0,1.0,0.999528153525
0.0,0.0,1.9394913052e-12
0.0,1.0,1.0
0.0,0.0,5.23018211994e-25
0.0,1.0,0.985156816449
0.0,0.0,2.00650003598e-14
0.0,0.0,2.52344537935e-13
0.0,1.0,1.0
0.0,1.0,0.999694955118
0.0,0.0,0.232242939223
0.0,0.0,8.3871924052e-09
0.0,1.0,1.0
0.0,1.0,1.0
0.0,1.0,1.0
0.0,1.0,0.937444629602
0.0,0.0,0.00564430896506
0.0,1.0,0.829869320892
0.0,0.0,2.31126660579e-15
0.0,0.0,0.000118656934744
0.0,1.0,1.0
0.0,1.0,0.999999999994
0.0,1.0,0.999995485611
0.0,0.0,0.00288030789232
0.0,1.0,0.999999999682
0.0,1.0,0.999972082889
0.0,0.0,4.92375480586e-13
0.0,0.0,4.31532107829e-09
0.0,1.0,0.972117768315
0.0,1.0,0.999989225614
0.0,0.0,1.25388711938e-13
0.0,1.0,0.869977002714
0.0,0.0,0.00278073093412
0.0,1.0,0.999999999995
0.0,0.0,2.68406869372e-13
0.0,0.0,0.00014172224472
0.0,1.0,0.999999316858
0.0,0.0,4.64164080093e-23
0.0,0.0,2.24861855624e-24
0.0,1.0,0.999999999708
0.0,1.0,0.999987488651
0.0,0.0,3.13523822576e-07
0.0,1.0,1.0
0.0,0.0,8.89519639498e-11
0.0,1.0,0.995770302318
0.0,0.0,0.239929952666
0.0,1.0,0.984549277057
0.0,1.0,0.999976410284
0.0,0.0,5.33446266886e-11
0.0,0.0,0.000152597212111
0.0,0.0,6.48422301103e-16
0.0,1.0,0.999829310896
0.0,0.0,5.03439044395e-11
0.0,0.0,0.00737200604579
0.0,1.0,1.0
0.0,0.0,0.0001768750559
0.0,1.0,0.999999999999
0.0,1.0,0.999999999846
0.0,1.0,0.999999999553
0.0,0.0,0.219060846587
0.0,0.0,2.69708463366e-09
0.0,0.0,2.10656737993e-14
0.0,0.0,1.62940823801e-23
0.0,0.0,9.10236929461e-13
0.0,1.0,0.999761852876
0.0,1.0,1.0
0.0,0.0,2.16768614251e-11
0.0,1.0,0.99999125804
0.0,1.0,0.999851411616
0.0,0.0,8.64649577001e-12
0.0,0.0,2.3461097447e-10
0.0,0.0,7.72038450546e-12
0.0,1.0,0.999957347007
0.0,0.0,1.61299243942e-09
0.0,1.0,0.999999999926
0.0,0.0,0.00656677749523
0.0,0.0,4.13936953193e-05
0.0,0.0,8.89011095336e-11
0.0,0.0,1.19389254708e-08
0.0,0.0,1.42974975411e-05
0.0,0.0,0.114322863787
0.0,0.0,0.083423599759
0.0,0.0,0.00104031993434
0.0,0.0,0.000245844648029
0.0,1.0,0.779193902015
0.0,0.0,0.000503991362532
0.0,0.0,0.0523852594848
0.0,1.0,0.999935025753
0.0,1.0,0.973097198021
0.0,0.0,0.000475300608456
0.0,0.0,0.00929245686155
0.0,0.0,5.49114296153e-15
0.0,0.0,5.41469976898e-20
0.0,0.0,0.0012364429628
0.0,0.0,6.34056202703e-06
0.0,0.0,6.40224294804e-13
0.0,0.0,2.22206400764e-20
0.0,0.0,3.10424033038e-14
0.0,0.0,3.66132020185e-08
0.0,1.0,0.999999999973
0.0,0.0,8.64497943916e-09
0.0,0.0,1.75032012494e-21
0.0,0.0,1.88578848628e-17
0.0,0.0,1.8542545327e-21
0.0,0.0,3.50895289715e-07
0.0,1.0,0.999525707225
0.0,0.0,3.88502946173e-18
0.0,0.0,5.82355104933e-15
0.0,1.0,0.989880600997
0.0,0.0,9.73612080112e-11
0.0,0.0,6.83339052119e-05
0.0,1.0,0.999999999378
0.0,0.0,0.000821539241703
0.0,0.0,5.55601492596e-07
0.0,0.0,0.150588109969
0.0,0.0,7.99081388124e-10
0.0,1.0,0.999999999675
0.0,0.0,1.58699907524e-13
0.0,0.0,6.94906604039e-22
0.0,0.0,1.55896756288e-11
0.0,0.0,1.82001618078e-11
0.0,0.0,7.28921325764e-09
0.0,1.0,0.999993790561
0.0,1.0,0.999686238881
0.0,1.0,0.99998910057
0.0,1.0,0.999999999989
0.0,1.0,0.999911505804
0.0,1.0,0.719856463387
0.0,0.0,6.34634711971e-18
0.0,0.0,3.55112407372e-11
0.0,0.0,0.0222621438443
0.0,0.0,3.01246048926e-05
0.0,1.0,0.998485675929
0.0,0.0,1.03506038934e-07
0.0,0.0,8.24640285129e-06
0.0,0.0,0.000529358984429
0.0,0.0,4.20688682765e-09
0.0,0.0,1.70391347278e-22
0.0,0.0,0.140969636582
0.0,0.0,4.9598737252e-11
0.0,0.0,1.55594355989e-10
0.0,0.0,2.53335776233e-15
0.0,0.0,0.0119185488127
0.0,0.0,4.97661176774e-05
0.0,0.0,8.50348965669e-17
0.0,1.0,1.0
0.0,0.0,1.56727356837e-05
0.0,1.0,0.710563272099
0.0,0.0,4.38365762578e-07
0.0,0.0,7.67619678393e-06
0.0,0.0,0.00233100852402
0.0,1.0,0.996595912433
0.0,0.0,8.46135337849e-19
0.0,1.0,0.999045274553
0.0,0.0,0.0157841063546
0.0,1.0,1.0
0.0,1.0,0.999999998813
0.0,0.0,7.28111505653e-08
0.0,0.0,0.105220334235
0.0,0.0,5.85506501117e-12
0.0,1.0,0.999999999998
0.0,1.0,0.999999999993
0.0,1.0,1.0
0.0,0.0,5.32769029977e-10
0.0,0.0,2.79070286286e-16
0.0,0.0,0.000197073178488
0.0,1.0,0.999999999987
0.0,0.0,1.30279415544e-11
0.0,0.0,1.22152768239e-09
0.0,1.0,0.998479280012
0.0,0.0,6.70374788532e-14
0.0,0.0,9.07917171514e-16
0.0,0.0,4.70106552045e-15
0.0,1.0,0.999999999999
0.0,0.0,4.8036548459e-09
0.0,0.0,3.34637041854e-19
0.0,0.0,1.37123108991e-16
0.0,1.0,0.999999641869
0.0,0.0,1.71997963701e-07
0.0,1.0,0.999999995525
0.0,0.0,6.61026093211e-08
0.0,0.0,7.56841869951e-05
0.0,0.0,0.000206297788994
0.0,0.0,0.32960109208
0.0,1.0,0.99990365092
0.0,1.0,0.999999999954
0.0,0.0,4.55484812618e-09
0.0,0.0,7.67905320237e-09
0.0,1.0,0.995753349293
0.0,0.0,4.04793721547e-12
0.0,1.0,0.995163414055
0.0,0.0,1.47567225648e-05
0.0,0.0,1.13773579538e-17
0.0,0.0,6.15726693189e-20
0.0,1.0,0.999999950326
0.0,1.0,0.604584940457
0.0,1.0,0.679303986016
0.0,0.0,1.10499154298e-11
0.0,1.0,0.662207812582
0.0,0.0,3.13552359431e-08
0.0,0.0,2.80852957424e-16
0.0,1.0,1.0
0.0,0.0,9.21214153491e-09
0.0,0.0,0.000926542588863
0.0,0.0,3.47157013216e-10
0.0,0.0,0.289587896375
0.0,1.0,1.0
0.0,0.0,7.56136031158e-22
0.0,0.0,4.90312244542e-12
0.0,1.0,1.0
0.0,0.0,8.84027030108e-22
0.0,1.0,0.999999999999
0.0,0.0,0.0210742738686
0.0,0.0,3.72388945681e-11
0.0,0.0,5.87792018457e-09
0.0,0.0,7.66795500648e-06
0.0,0.0,1.04408920625e-12
0.0,0.0,2.05178556356e-09
0.0,1.0,0.999996906505
0.0,1.0,0.999998794094
0.0,0.0,9.42636297682e-11
0.0,0.0,9.59380318311e-10
0.0,0.0,4.14809072384e-13
0.0,0.0,1.29200387171e-15
0.0,0.0,0.119624289829
0.0,0.0,0.000115665924107
0.0,0.0,3.6936115556e-07
0.0,0.0,3.37052164428e-05
0.0,1.0,0.999501131694
0.0,0.0,7.48319873364e-05
0.0,0.0,1.12375153654e-10
0.0,0.0,0.286061008276
0.0,0.0,1.50589855129e-12
0.0,0.0,3.2340944916e-15
0.0,0.0,6.53329450939e-16
0.0,1.0,0.99999999454
0.0,0.0,8.16194432891e-11
0.0,0.0,4.86459642322e-06
0.0,0.0,4.8369287884e-06
0.0,0.0,2.37374580207e-13
0.0,0.0,1.27010446389e-17
0.0,0.0,1.78571095999e-11
0.0,0.0,4.33005745158e-09
0.0,0.0,4.10916870599e-13
0.0,1.0,0.999995169789
0.0,0.0,6.00590467322e-15
0.0,1.0,0.999999999996
0.0,1.0,0.999999999997
0.0,1.0,0.999999831027
0.0,0.0,1.51934161684e-16
0.0,1.0,0.999999842751
0.0,0.0,2.76617897067e-19
0.0,0.0,2.5486203913e-10
0.0,0.0,0.0268105917233
0.0,1.0,0.999999907776
0.0,1.0,1.0
0.0,0.0,8.33103530549e-16
0.0,0.0,8.83592820793e-10
0.0,0.0,4.76821215886e-09
0.0,0.0,3.23498644885e-10
0.0,1.0,0.999999953996
0.0,0.0,1.78560910254e-14
0.0,1.0,0.999999999903
0.0,1.0,0.999868276041
0.0,1.0,0.999999849332
0.0,1.0,1.0
0.0,0.0,0.0649553845013
0.0,1.0,0.999980402945
0.0,1.0,0.999999841244
0.0,0.0,4.46457387984e-11
0.0,0.0,5.90931901121e-07
0.0,1.0,0.988808201015
0.0,1.0,1.0
0.0,0.0,5.81551524914e-20
0.0,0.0,1.64142205773e-17
0.0,0.0,0.0597415229919
0.0,0.0,4.32487775487e-05
0.0,1.0,0.997480562723
0.0,1.0,1.0
0.0,0.0,0.000641488193656
0.0,1.0,0.999964018678
0.0,1.0,1.0
0.0,1.0,0.999984554746
0.0,1.0,1.0
0.0,0.0,2.5408678887e-10
0.0,0.0,0.000321184441408
0.0,1.0,0.999962002653
0.0,0.0,0.0948130753299
0.0,1.0,0.977029309567
0.0,0.0,7.90342522215e-13
0.0,0.0,1.36635658381e-13
0.0,0.0,0.221955778053
0.0,0.0,9.38078730498e-17
0.0,0.0,0.375245159715
0.0,0.0,1.06828276703e-06
0.0,1.0,0.88026679686
0.0,0.0,0.0121669564214
0.0,0.0,3.38773807324e-07
0.0,0.0,3.67550854705e-08
0.0,0.0,5.02691275729e-17
0.0,0.0,2.1619868917e-07
0.0,0.0,1.45126085761e-08
0.0,1.0,1.0
0.0,0.0,2.26666880005e-18
0.0,0.0,1.49372615562e-17
0.0,1.0,0.997744052534
0.0,0.0,2.1231187961e-23
0.0,0.0,2.06824899692e-06
0.0,0.0,8.46603543073e-14
0.0,0.0,0.00435654857153
0.0,0.0,0.32531793068
0.0,1.0,0.999999627342
0.0,1.0,1.0
0.0,0.0,3.79824694421e-15
0.0,0.0,1.32368197722e-11
0.0,0.0,8.89408610122e-09
0.0,1.0,0.849515070857
0.0,0.0,3.07534869471e-16
0.0,0.0,1.79104735991e-10
0.0,1.0,0.99975753538
0.0,0.0,6.27025522818e-14
0.0,0.0,6.23184498096e-12
0.0,0.0,2.18028654582e-20
0.0,0.0,3.78952795252e-14
0.0,0.0,0.00439329962701
0.0,0.0,2.8256174985e-17
0.0,0.0,0.149875492277
0.0,0.0,0.0202924651601
0.0,0.0,1.77827686276e-23
0.0,0.0,2.66144719097e-15
0.0,1.0,0.926884096581
0.0,0.0,0.00052179656654
0.0,0.0,2.42416071756e-14
0.0,1.0,0.999997937891
0.0,1.0,0.999999999829
0.0,1.0,1.0
0.0,0.0,0.00110192480576
0.0,0.0,0.00169596712331
0.0,0.0,7.45121821399e-05
0.0,0.0,1.27240388637e-10
0.0,0.0,5.50104826732e-09
0.0,0.0,1.36296096434e-05
0.0,0.0,0.0313534542079
0.0,0.0,1.23746142886e-10
0.0,0.0,0.00380679833247
0.0,0.0,1.81324263014e-18
0.0,1.0,0.906752118687
0.0,0.0,4.16435238725e-14
0.0,1.0,0.961807907339
0.0,1.0,0.999999833889
0.0,1.0,0.999999998624
0.0,0.0,0.00119022295811
0.0,0.0,1.40038742947e-17
0.0,1.0,0.999999999914
0.0,1.0,0.99999916487
0.0,0.0,6.19816621135e-06
0.0,1.0,0.998974740122
0.0,0.0,4.58047550089e-11
0.0,1.0,0.740703708724
0.0,0.0,4.00141704897e-08
0.0,1.0,0.834282205363
0.0,1.0,1.0
0.0,0.0,9.24198888593e-18
0.0,0.0,2.25499160294e-08
0.0,1.0,1.0
0.0,1.0,0.51895153718
0.0,0.0,1.48931699789e-13
0.0,0.0,5.01092905971e-08
0.0,1.0,0.999579610513
0.0,0.0,7.84255126036e-08
0.0,0.0,0.0366118394569
0.0,0.0,3.93262720385e-20
0.0,0.0,1.54802998174e-05
0.0,1.0,0.76491634534
0.0,0.0,8.0598876935e-11
0.0,1.0,0.999996736001
0.0,1.0,0.999922460935
0.0,1.0,0.851020062557
0.0,0.0,0.254726527177
0.0,0.0,1.49625153201e-12
0.0,0.0,4.196993901e-15
0.0,1.0,0.999999999998
0.0,0.0,3.89193073553e-17
0.0,1.0,0.999999999218
0.0,0.0,0.00486057169827
0.0,1.0,0.999924040427
0.0,0.0,1.5665034651e-06
0.0,0.0,0.00253449990823
0.0,1.0,0.999989010176
0.0,0.0,3.00983014651e-17
0.0,0.0,7.61723432692e-13
0.0,1.0,1.0
0.0,1.0,0.999969575074
0.0,0.0,5.63840693141e-10
0.0,1.0,1.0
0.0,0.0,1.33607426158e-07
0.0,0.0,4.12309384074e-19
0.0,1.0,0.999985302127
0.0,0.0,7.41077267416e-13
0.0,0.0,1.76257406198e-09
0.0,1.0,0.99999999967
0.0,1.0,0.999999999999
0.0,1.0,1.0
0.0,0.0,1.48540828586e-09
0.0,0.0,2.59283481716e-10
0.0,0.0,4.58073389985e-09
0.0,0.0,1.28807956182e-14
0.0,0.0,0.00393097627976
0.0,1.0,0.999999997024
0.0,0.0,2.29944697986e-05
0.0,1.0,0.999999999991
0.0,1.0,0.999832257399
0.0,1.0,0.999315593691
0.0,1.0,0.999999984743
0.0,0.0,0.00601744669044
0.0,0.0,0.0898369395687
0.0,0.0,1.03989741308e-10
0.0,1.0,0.981008451695
0.0,1.0,0.99851790185
0.0,1.0,0.999997323362
0.0,1.0,1.0
0.0,0.0,0.00791881266108
0.0,1.0,0.999999999985
0.0,0.0,7.56947868813e-09
0.0,1.0,1.0
0.0,0.0,0.000290229554727
0.0,1.0,0.999999931114
0.0,0.0,1.09857036136e-05
0.0,1.0,1.0
0.0,0.0,9.40290125855e-06
0.0,0.0,2.05968354133e-05
0.0,0.0,8.80657726094e-11
0.0,1.0,1.0
0.0,0.0,5.87719808191e-07
0.0,1.0,0.99999999999
0.0,0.0,2.1110663004e-11
0.0,0.0,3.32301916808e-05
0.0,1.0,1.0
0.0,1.0,0.875003946083
0.0,1.0,0.999992364801
0.0,0.0,1.28964331198e-10
0.0,1.0,0.989731197317
0.0,1.0,0.999591761012
0.0,0.0,0.00716981526222
0.0,0.0,0.00349946932363
0.0,0.0,1.51345019864e-11
0.0,0.0,0.000340228172214
0.0,1.0,0.698096384568
0.0,0.0,3.84648823469e-05
0.0,0.0,9.43713657323e-09
0.0,0.0,6.04783261262e-06
0.0,1.0,1.0
0.0,1.0,1.0
0.0,1.0,0.999992859876
0.0,1.0,0.960321100272
0.0,1.0,1.0
0.0,0.0,6.33766682792e-11
0.0,0.0,8.87744422041e-15
0.0,0.0,1.04436675894e-05
0.0,0.0,1.07643777499e-07
0.0,1.0,0.999999993405
0.0,0.0,3.86174922209e-10
0.0,0.0,3.64506538152e-13
0.0,0.0,0.448100323051
0.0,0.0,1.96893439619e-05
0.0,1.0,0.693756841342
0.0,0.0,0.326111305336
0.0,0.0,2.45145130331e-20
0.0,1.0,0.999999999839
0.0,0.0,4.51975214074e-10
0.0,1.0,0.999995419378
0.0,0.0,2.80671077774e-07
0.0,1.0,0.999999999654
0.0,0.0,1.82966344939e-05
0.0,0.0,2.5171515956e-11
0.0,0.0,9.52988146484e-18
0.0,0.0,4.4688347321e-14
0.0,1.0,0.999998917997
0.0,0.0,7.77174761368e-08
0.0,0.0,0.060262342795
0.0,0.0,1.41967376986e-06
0.0,1.0,1.0
0.0,0.0,4.00311845395e-17
0.0,1.0,1.0
0.0,0.0,1.22891334545e-11
0.0,0.0,4.52048156077e-07
0.0,1.0,1.0
0.0,0.0,3.50260677719e-10
0.0,0.0,7.88087924481e-08
0.0,1.0,0.999999981956
0.0,0.0,1.99941190471e-09
0.0,1.0,1.0
0.0,1.0,0.999999999995
0.0,1.0,0.647252153506
0.0,1.0,0.999893030846
0.0,0.0,1.81698310595e-08
0.0,0.0,1.67596451099e-15
0.0,1.0,0.888377983275
0.0,1.0,1.0
0.0,0.0,6.22537041784e-05
0.0,1.0,0.999999705307
0.0,1.0,0.996718314506
0.0,0.0,1.4410670455e-09
0.0,1.0,0.999999946532
0.0,0.0,3.10219058324e-17
0.0,0.0,0.0807164084252
0.0,1.0,0.999999999999
0.0,1.0,1.0
0.0,0.0,4.74976692028e-09
0.0,0.0,2.36274384752e-06
0.0,1.0,0.601431167432
0.0,0.0,1.08343671828e-12
0.0,0.0,2.1184891701e-23
0.0,0.0,0.000890428063154
0.0,1.0,0.999999999994
0.0,0.0,5.0764423022e-05
0.0,1.0,1.0
0.0,1.0,1.0
0.0,0.0,1.03868881935e-17
0.0,1.0,0.999877396713
0.0,0.0,1.04544152095e-15
0.0,0.0,3.59566969056e-11
0.0,0.0,2.90297042151e-08
0.0,0.0,0.00256414063471
0.0,1.0,0.999998854707
0.0,0.0,3.41345649485e-08
0.0,0.0,2.28678998413e-10
0.0,1.0,0.999999715001
0.0,1.0,1.0
0.0,1.0,0.999999987613
0.0,0.0,8.01368728941e-15
0.0,0.0,1.50573507576e-07
0.0,1.0,0.961335020803
0.0,0.0,1.68024473621e-13
0.0,1.0,0.842462886838
0.0,1.0,0.999999999995
0.0,0.0,1.85788185047e-05
0.0,0.0,1.9775201129e-11
0.0,0.0,0.216083131214
0.0,0.0,8.93500031221e-07
0.0,0.0,9.93599232311e-12
0.0,1.0,0.975399864749
0.0,1.0,0.999999999999
0.0,0.0,0.000464567132651
0.0,1.0,0.753148566266
0.0,1.0,0.99997142484
0.0,0.0,0.193713331997
0.0,1.0,0.996944913027
0.0,0.0,7.1748141587e-18
0.0,0.0,9.85962936188e-26
0.0,0.0,2.77404968137e-13
0.0,1.0,1.0
0.0,1.0,0.91245668287
0.0,0.0,5.95126941455e-12
0.0,1.0,1.0
0.0,0.0,4.47618596182e-21
0.0,1.0,0.998776641639
0.0,0.0,0.000190027433148
0.0,1.0,0.999893100153
0.0,1.0,0.935146650019
0.0,1.0,0.999999999964
0.0,0.0,0.00353898562552
0.0,1.0,1.0
0.0,1.0,1.0
0.0,0.0,1.8715313731e-08
0.0,0.0,1.33470251312e-12
0.0,1.0,0.953054837027
0.0,0.0,0.405132238721
0.0,1.0,1.0
0.0,0.0,1.58054229096e-05
0.0,1.0,1.0
0.0,1.0,0.999999999958
0.0,1.0,1.0
0.0,1.0,0.999876024561
0.0,0.0,3.56118232781e-14
0.0,1.0,0.999999999999
0.0,0.0,2.84793577626e-06
0.0,1.0,0.95096323313
0.0,1.0,0.999999988812
0.0,0.0,1.12069928535e-08
0.0,0.0,1.17926389357e-16
0.0,1.0,0.999980841552
0.0,0.0,3.15179257087e-11
0.0,0.0,3.42728381671e-05
0.0,0.0,1.59913669238e-08
0.0,0.0,1.03791508209e-08
0.0,0.0,0.419423502862
0.0,1.0,1.0
0.0,1.0,1.0
0.0,1.0,0.974809154625
0.0,0.0,0.00720360445636
0.0,1.0,1.0
0.0,1.0,1.0
0.0,1.0,0.999999999945
0.0,0.0,3.17268380089e-05
0.0,1.0,1.0
0.0,1.0,1.0
0.0,0.0,1.44088751748e-08
0.0,0.0,2.66414927537e-15
0.0,0.0,8.11836608766e-11
0.0,0.0,2.65377953793e-10
0.0,0.0,3.27964964882e-10
0.0,0.0,9.17274262013e-07
0.0,0.0,6.81545097621e-12
0.0,0.0,2.95723358092e-09
0.0,1.0,1.0
0.0,0.0,2.42614243238e-17
0.0,0.0,1.4053975665e-10
0.0,1.0,0.999997188334
0.0,0.0,8.12942573902e-08
0.0,1.0,0.999999787119
0.0,0.0,1.03356567129e-09
0.0,1.0,0.999997673808
0.0,0.0,6.89815311566e-14
0.0,0.0,6.80901407105e-14
0.0,0.0,6.11987995326e-11
0.0,0.0,2.29614490728e-05
0.0,1.0,1.0
0.0,0.0,1.3683884235e-06
0.0,0.0,0.000149743762658
0.0,0.0,1.60717975801e-13
0.0,0.0,2.70836722077e-08
0.0,0.0,8.65523690048e-08
0.0,0.0,2.32964332731e-12
0.0,0.0,0.472069838481
0.0,0.0,1.24168434001e-13
0.0,0.0,1.04130767085e-18
0.0,1.0,1.0
0.0,0.0,0.000792855202044
0.0,0.0,0.0411619728365
0.0,1.0,0.9900108088
0.0,0.0,2.536613678e-13
0.0,0.0,8.7641202894e-13
0.0,0.0,0.115171693869
0.0,0.0,6.76726012854e-18
0.0,1.0,1.0
0.0,1.0,0.99999562662
0.0,1.0,1.0
0.0,0.0,1.48765540323e-06
0.0,0.0,1.73163806361e-13
0.0,0.0,2.25864398194e-09
0.0,0.0,1.76813832073e-05
0.0,1.0,0.976583297089
0.0,0.0,3.06959789429e-12
0.0,0.0,1.3057532487e-10
0.0,1.0,1.0
0.0,0.0,4.6298926752e-08
0.0,0.0,0.00201285988985
0.0,1.0,0.999999998808
0.0,0.0,0.180353003745
0.0,1.0,0.603353084944
0.0,0.0,7.22741447392e-18
0.0,0.0,4.81233997602e-15
0.0,0.0,4.51681192285e-06
0.0,0.0,0.00121446928808
0.0,1.0,0.999883531517
0.0,0.0,2.75322086515e-22
0.0,0.0,0.00010559728848
0.0,1.0,0.999998797294
0.0,0.0,2.04049582593e-13
0.0,0.0,1.67131760758e-14
0.0,0.0,4.83757203416e-10
0.0,0.0,0.142715078874
0.0,0.0,0.0173417257403
0.0,0.0,1.36813901872e-09
0.0,0.0,9.44161559589e-16
0.0,0.0,0.000145565926481
0.0,0.0,3.38463789499e-16
0.0,0.0,1.66992032527e-06
0.0,0.0,3.31092293434e-10
0.0,0.0,3.87796277622e-08
0.0,0.0,1.11921258308e-14
0.0,0.0,4.36087431761e-06
0.0,0.0,2.60259818717e-13
0.0,0.0,1.77236216023e-19
0.0,0.0,2.94677666505e-20
0.0,0.0,6.26955414204e-06
0.0,1.0,0.999999987716
0.0,0.0,1.07822976562e-11
0.0,0.0,4.54433695411e-13
0.0,0.0,2.84224338418e-14
0.0,0.0,1.35576126688e-05
0.0,0.0,0.000298023078142
0.0,1.0,0.999595091815
0.0,1.0,0.745953660673
0.0,0.0,0.00209736961175
0.0,0.0,3.53652216844e-13
0.0,0.0,0.0602305196119
0.0,1.0,1.0
0.0,0.0,2.15323360165e-09
0.0,0.0,0.00240401452592
0.0,1.0,1.0
0.0,0.0,1.6401243843e-07
0.0,1.0,0.998209597034
0.0,0.0,7.44129372052e-16
0.0,0.0,1.18369442529e-16
0.0,0.0,2.51441683722e-05
0.0,1.0,0.999999999991
0.0,0.0,0.0252668052288
0.0,0.0,1.01267373452e-09
0.0,0.0,1.00196980305e-14
0.0,0.0,9.94207887704e-15
0.0,0.0,0.087239108167
0.0,0.0,6.48127138197e-08
0.0,0.0,3.69073539031e-16
0.0,0.0,4.00899210533e-07
0.0,0.0,3.98757629935e-14
0.0,0.0,5.91179039669e-07
0.0,1.0,0.999997102461
0.0,0.0,6.2139893703e-10
0.0,0.0,3.11673396182e-06
0.0,0.0,6.05809454664e-10
0.0,0.0,0.000147790591179
0.0,0.0,1.75736050668e-10
0.0,0.0,4.48801958628e-13
0.0,0.0,8.04803537442e-14
0.0,0.0,1.29602247111e-22
0.0,0.0,0.000220073427394
0.0,0.0,1.91413342158e-20
0.0,0.0,2.20727531368e-06
