1.0,0.0,1.12256102099e-36
1.0,1.0,1.0
1.0,0.0,5.40888992407e-36
1.0,1.0,1.0
1.0,1.0,1.0
1.0,0.0,1.85808924389e-37
1.0,0.0,5.86729605712e-37
1.0,1.0,1.0
1.0,0.0,8.52637678545e-36
1.0,0.0,4.09740444983e-36
1.0,1.0,1.0
1.0,0.0,2.07277266166e-36
1.0,0.0,1.15084272609e-36
1.0,1.0,1.0
1.0,1.0,1.0
1.0,0.0,1.29871485036e-36
1.0,1.0,1.0
1.0,1.0,1.0
1.0,1.0,1.0
1.0,0.0,5.79757248986e-37
1.0,1.0,1.0
1.0,1.0,1.0
1.0,1.0,1.0
1.0,0.0,3.65434698238e-37
1.0,1.0,1.0
1.0,1.0,1.0
1.0,1.0,1.0
1.0,1.0,1.0
1.0,1.0,1.0
1.0,1.0,1.0
1.0,1.0,1.0
1.0,1.0,1.0
1.0,1.0,1.0
1.0,1.0,1.0
1.0,1.0,1.0
1.0,0.0,9.67383930529e-37
1.0,0.0,1.00183086461e-36
1.0,1.0,1.0
1.0,1.0,1.0
1.0,1.0,1.0
1.0,1.0,1.0
1.0,0.0,2.29620192724e-36
1.0,0.0,6.07489087664e-36
1.0,1.0,1.0
1.0,1.0,1.0
1.0,1.0,1.0
1.0,1.0,1.0
1.0,1.0,1.0
1.0,1.0,1.0
1.0,1.0,1.0
1.0,1.0,1.0
1.0,1.0,1.0
1.0,1.0,1.0
1.0,1.0,1.0
1.0,1.0,1.0
1.0,1.0,1.0
1.0,1.0,1.0
1.0,1.0,1.0
1.0,1.0,1.0
1.0,1.0,1.0
1.0,1.0,1.0
1.0,1.0,1.0
1.0,1.0,1.0
1.0,0.0,1.05267009721e-36
1.0,0.0,1.73836778231e-36
1.0,1.0,1.0
1.0,1.0,1.0
1.0,1.0,1.0
1.0,1.0,1.0
1.0,0.0,4.33562682862e-39
1.0,1.0,1.0
1.0,0.0,1.02940451125e-36
1.0,0.0,2.31907280954e-36
1.0,1.0,1.0
1.0,1.0,1.0
1.0,0.0,6.48522543478e-37
1.0,1.0,1.0
1.0,1.0,1.0
1.0,1.0,1.0
1.0,1.0,1.0
1.0,1.0,1.0
1.0,1.0,1.0
1.0,1.0,1.0
1.0,0.0,4.20605143777e-36
1.0,1.0,1.0
1.0,1.0,1.0
1.0,1.0,1.0
1.0,1.0,1.0
1.0,1.0,1.0
1.0,1.0,1.0
1.0,1.0,1.0
1.0,0.0,3.39641376576e-36
1.0,1.0,1.0
1.0,1.0,1.0
1.0,0.0,4.27627786728e-36
1.0,1.0,1.0
1.0,1.0,1.0
1.0,0.0,4.55157468749e-37
1.0,1.0,1.0
1.0,1.0,1.0
1.0,1.0,1.0
1.0,1.0,1.0
1.0,1.0,1.0
1.0,1.0,1.0
1.0,1.0,1.0
1.0,1.0,1.0
1.0,0.0,4.96250439088e-37
1.0,1.0,1.0
1.0,1.0,1.0
1.0,1.0,1.0
1.0,1.0,1.0
1.0,1.0,1.0
1.0,0.0,3.88074976711e-36
1.0,0.0,2.70945483723e-36
1.0,0.0,9.32736665552e-37
1.0,1.0,1.0
1.0,1.0,1.0
1.0,1.0,1.0
1.0,0.0,1.61809577703e-36
1.0,1.0,1.0
1.0,0.0,1.55029539557e-35
1.0,1.0,1.0
1.0,1.0,1.0
1.0,1.0,1.0
1.0,1.0,1.0
1.0,1.0,1.0
1.0,1.0,1.0
1.0,0.0,8.28703489424e-37
1.0,1.0,1.0
1.0,1.0,1.0
1.0,1.0,1.0
1.0,1.0,1.0
1.0,1.0,1.0
1.0,0.0,6.17673075932e-37
1.0,1.0,1.0
1.0,1.0,1.0
1.0,1.0,1.0
1.0,1.0,1.0
1.0,1.0,1.0
1.0,1.0,1.0
1.0,1.0,1.0
1.0,1.0,1.0
1.0,1.0,1.0
1.0,1.0,1.0
1.0,0.0,1.26593893651e-35
1.0,0.0,4.40131795037e-36
1.0,1.0,1.0
1.0,1.0,1.0
1.0,0.0,4.11502088387e-37
1.0,1.0,1.0
1.0,0.0,3.14017610262e-37
1.0,0.0,1.55114465949e-37
1.0,1.0,1.0
1.0,1.0,1.0
1.0,1.0,1.0
1.0,1.0,1.0
1.0,1.0,1.0
1.0,0.0,3.28653551529e-37
1.0,0.0,1.18639068689e-36
1.0,0.0,8.00655901834e-37
1.0,0.0,1.14015395572e-36
1.0,1.0,1.0
1.0,1.0,1.0
1.0,1.0,1.0
1.0,1.0,1.0
1.0,1.0,1.0
1.0,0.0,2.29103475075e-37
1.0,1.0,1.0
1.0,1.0,1.0
1.0,1.0,1.0
1.0,1.0,1.0
1.0,1.0,1.0
1.0,1.0,1.0
1.0,0.0,1.16206696658e-36
1.0,1.0,1.0
1.0,0.0,1.0737304278e-37
1.0,1.0,1.0
1.0,0.0,8.01157771676e-37
1.0,1.0,1.0
1.0,1.0,1.0
1.0,0.0,9.4618049683e-37
1.0,0.0,1.93074071814e-36
1.0,1.0,1.0
1.0,0.0,5.25601444429e-37
1.0,1.0,1.0
1.0,0.0,6.0195203122e-37
1.0,1.0,1.0
1.0,0.0,2.31102717796e-36
1.0,0.0,3.50732276663e-36
1.0,1.0,1.0
1.0,1.0,1.0
1.0,1.0,1.0
1.0,1.0,1.0
1.0,1.0,1.0
1.0,1.0,1.0
1.0,1.0,1.0
1.0,1.0,1.0
1.0,0.0,2.39230513842e-37
1.0,0.0,4.68720485705e-37
1.0,1.0,1.0
1.0,1.0,1.0
1.0,1.0,1.0
1.0,1.0,1.0
1.0,1.0,1.0
1.0,1.0,1.0
1.0,0.0,2.70886910182e-37
1.0,1.0,1.0
1.0,1.0,1.0
1.0,1.0,1.0
1.0,1.0,1.0
1.0,1.0,1.0
1.0,0.0,3.43186742887e-37
1.0,1.0,1.0
1.0,1.0,1.0
1.0,0.0,3.8743715478e-36
1.0,1.0,1.0
1.0,1.0,1.0
1.0,1.0,1.0
1.0,1.0,1.0
1.0,0.0,2.51516841672e-36
1.0,0.0,3.36696363552e-37
1.0,1.0,1.0
1.0,1.0,1.0
1.0,1.0,1.0
1.0,1.0,1.0
1.0,0.0,1.74649733605e-36
1.0,1.0,1.0
1.0,1.0,1.0
1.0,0.0,1.58909456158e-36
1.0,1.0,1.0
1.0,0.0,9.44466906683e-37
1.0,0.0,3.47677422367e-37
1.0,1.0,1.0
1.0,1.0,1.0
1.0,1.0,1.0
1.0,0.0,3.15750775951e-36
1.0,1.0,1.0
1.0,1.0,1.0
1.0,1.0,1.0
1.0,1.0,1.0
1.0,1.0,1.0
1.0,1.0,1.0
1.0,1.0,1.0
1.0,1.0,1.0
1.0,0.0,3.07040548863e-36
1.0,1.0,1.0
1.0,1.0,1.0
1.0,1.0,1.0
1.0,1.0,1.0
1.0,1.0,1.0
1.0,1.0,1.0
1.0,1.0,1.0
1.0,1.0,1.0
1.0,1.0,1.0
1.0,0.0,1.74976972334e-36
1.0,1.0,1.0
1.0,1.0,1.0
1.0,1.0,1.0
1.0,0.0,1.01489843572e-37
1.0,1.0,1.0
1.0,1.0,1.0
1.0,1.0,1.0
1.0,1.0,1.0
1.0,1.0,1.0
1.0,0.0,5.83116722624e-37
1.0,1.0,1.0
1.0,1.0,1.0
1.0,1.0,1.0
1.0,1.0,1.0
1.0,1.0,1.0
1.0,1.0,1.0
1.0,0.0,2.60990345984e-36
1.0,0.0,5.2644817637e-37
1.0,1.0,1.0
1.0,1.0,1.0
1.0,1.0,1.0
1.0,1.0,1.0
1.0,1.0,1.0
1.0,1.0,1.0
1.0,0.0,1.21984444995e-36
1.0,1.0,1.0
1.0,1.0,1.0
1.0,1.0,1.0
1.0,1.0,1.0
1.0,0.0,8.89693753723e-37
1.0,1.0,1.0
1.0,1.0,1.0
1.0,1.0,1.0
1.0,1.0,1.0
1.0,1.0,1.0
1.0,1.0,1.0
1.0,1.0,1.0
1.0,1.0,1.0
1.0,1.0,1.0
1.0,1.0,1.0
1.0,1.0,1.0
1.0,1.0,1.0
1.0,1.0,1.0
1.0,1.0,1.0
1.0,1.0,1.0
1.0,1.0,1.0
1.0,1.0,1.0
1.0,0.0,7.42232659232e-36
1.0,0.0,7.83169773599e-37
1.0,1.0,1.0
1.0,1.0,1.0
1.0,1.0,1.0
1.0,0.0,6.06692839767e-36
1.0,1.0,1.0
1.0,1.0,1.0
1.0,1.0,1.0
1.0,1.0,1.0
1.0,0.0,1.60114491258e-37
1.0,1.0,1.0
1.0,0.0,3.59722101176e-37
1.0,1.0,1.0
1.0,1.0,1.0
1.0,1.0,1.0
1.0,1.0,1.0
1.0,1.0,1.0
1.0,1.0,1.0
1.0,0.0,5.21484265766e-37
1.0,1.0,1.0
1.0,0.0,5.25736130919e-37
1.0,1.0,1.0
1.0,1.0,1.0
1.0,1.0,1.0
1.0,1.0,1.0
1.0,1.0,1.0
1.0,1.0,1.0
1.0,0.0,2.16876545732e-36
1.0,1.0,1.0
1.0,1.0,1.0
1.0,1.0,1.0
1.0,1.0,1.0
1.0,0.0,6.65802982139e-37
1.0,0.0,8.2886140704e-38
1.0,0.0,2.83889733294e-37
1.0,1.0,1.0
1.0,0.0,1.12377793262e-36
1.0,0.0,2.86494761026e-37
1.0,0.0,1.2190710854e-35
1.0,1.0,1.0
1.0,1.0,1.0
1.0,1.0,1.0
1.0,1.0,1.0
1.0,1.0,1.0
1.0,1.0,1.0
1.0,1.0,1.0
1.0,1.0,1.0
1.0,1.0,1.0
1.0,1.0,1.0
1.0,1.0,1.0
1.0,0.0,4.36340528124e-37
1.0,0.0,5.16166417785e-37
1.0,1.0,1.0
1.0,1.0,1.0
1.0,1.0,1.0
1.0,1.0,1.0
1.0,1.0,1.0
1.0,1.0,1.0
1.0,1.0,1.0
1.0,1.0,1.0
1.0,1.0,1.0
1.0,1.0,1.0
1.0,1.0,1.0
1.0,1.0,1.0
1.0,1.0,1.0
1.0,1.0,1.0
1.0,1.0,1.0
1.0,1.0,1.0
1.0,1.0,1.0
1.0,0.0,1.01444060232e-36
1.0,1.0,1.0
1.0,1.0,1.0
1.0,1.0,1.0
1.0,1.0,1.0
1.0,1.0,1.0
1.0,1.0,1.0
1.0,1.0,1.0
1.0,1.0,1.0
1.0,1.0,1.0
1.0,1.0,1.0
1.0,0.0,1.47997224027e-36
1.0,1.0,1.0
1.0,1.0,1.0
1.0,0.0,1.04204336331e-36
1.0,1.0,1.0
1.0,1.0,1.0
1.0,0.0,8.53225742142e-37
1.0,1.0,1.0
1.0,1.0,1.0
1.0,0.0,2.17535639452e-37
1.0,1.0,1.0
1.0,0.0,1.14171727912e-36
1.0,1.0,1.0
1.0,1.0,1.0
1.0,1.0,1.0
1.0,1.0,1.0
1.0,1.0,1.0
1.0,1.0,1.0
1.0,1.0,1.0
1.0,1.0,1.0
1.0,1.0,1.0
1.0,1.0,1.0
1.0,1.0,1.0
1.0,1.0,1.0
1.0,0.0,2.01104074945e-37
1.0,0.0,9.40400937211e-36
1.0,1.0,1.0
1.0,1.0,1.0
1.0,0.0,1.19831815981e-36
1.0,1.0,1.0
1.0,0.0,1.54211560949e-37
1.0,1.0,1.0
1.0,0.0,4.36054216663e-37
1.0,1.0,1.0
1.0,1.0,1.0
1.0,1.0,1.0
1.0,1.0,1.0
1.0,1.0,1.0
1.0,1.0,1.0
1.0,1.0,1.0
1.0,1.0,1.0
1.0,1.0,1.0
1.0,1.0,1.0
1.0,1.0,1.0
1.0,1.0,1.0
1.0,0.0,9.87840043662e-38
1.0,0.0,7.57984499567e-37
1.0,0.0,6.21407948477e-37
1.0,1.0,1.0
1.0,1.0,1.0
1.0,1.0,1.0
1.0,1.0,1.0
1.0,1.0,1.0
1.0,1.0,1.0
1.0,1.0,1.0
1.0,1.0,1.0
1.0,1.0,1.0
1.0,1.0,1.0
1.0,1.0,1.0
1.0,1.0,1.0
1.0,1.0,1.0
1.0,1.0,1.0
1.0,1.0,1.0
1.0,1.0,1.0
1.0,1.0,1.0
1.0,1.0,1.0
1.0,1.0,1.0
1.0,0.0,6.09760095879e-37
1.0,1.0,1.0
1.0,1.0,1.0
1.0,1.0,1.0
1.0,1.0,1.0
1.0,1.0,1.0
1.0,1.0,1.0
1.0,1.0,1.0
1.0,0.0,1.11032483951e-36
1.0,1.0,1.0
1.0,1.0,1.0
1.0,0.0,5.05143922192e-37
1.0,1.0,1.0
1.0,1.0,1.0
1.0,1.0,1.0
1.0,1.0,1.0
1.0,1.0,1.0
1.0,1.0,1.0
1.0,1.0,1.0
1.0,1.0,1.0
1.0,0.0,1.44155270956e-36
1.0,0.0,5.5091312039e-37
1.0,0.0,1.48468064784e-36
1.0,0.0,4.32333325799e-37
1.0,1.0,1.0
1.0,1.0,1.0
1.0,1.0,1.0
1.0,1.0,1.0
1.0,1.0,1.0
1.0,1.0,1.0
1.0,1.0,1.0
1.0,1.0,1.0
1.0,0.0,1.09061239468e-36
1.0,0.0,1.99724928826e-37
1.0,1.0,1.0
1.0,0.0,1.67594183374e-36
1.0,1.0,1.0
1.0,1.0,1.0
1.0,1.0,1.0
1.0,1.0,1.0
1.0,1.0,1.0
1.0,0.0,2.03626182302e-36
1.0,1.0,1.0
1.0,1.0,1.0
1.0,1.0,1.0
1.0,1.0,1.0
1.0,1.0,1.0
1.0,0.0,1.6051723863e-36
1.0,1.0,1.0
1.0,0.0,1.14494658058e-36
1.0,1.0,1.0
1.0,1.0,1.0
1.0,1.0,1.0
1.0,1.0,1.0
1.0,1.0,1.0
1.0,1.0,1.0
1.0,1.0,1.0
1.0,1.0,1.0
1.0,0.0,4.22614886284e-36
1.0,1.0,1.0
1.0,1.0,1.0
1.0,1.0,1.0
1.0,1.0,1.0
1.0,1.0,1.0
1.0,1.0,1.0
1.0,1.0,1.0
1.0,0.0,6.20706733042e-37
1.0,1.0,1.0
1.0,1.0,1.0
1.0,1.0,1.0
1.0,1.0,1.0
1.0,1.0,1.0
1.0,1.0,1.0
1.0,1.0,1.0
1.0,1.0,1.0
1.0,0.0,6.09904149939e-37
1.0,1.0,1.0
1.0,0.0,4.11320567392e-35
1.0,0.0,2.69941709533e-36
1.0,1.0,1.0
1.0,1.0,1.0
1.0,1.0,1.0
1.0,0.0,2.67092673008e-36
1.0,1.0,1.0
1.0,1.0,1.0
1.0,1.0,1.0
1.0,1.0,1.0
1.0,0.0,1.47645124326e-35
1.0,1.0,1.0
1.0,1.0,1.0
1.0,1.0,1.0
1.0,0.0,4.07637409578e-37
1.0,1.0,1.0
1.0,1.0,1.0
1.0,1.0,1.0
1.0,1.0,1.0
1.0,1.0,1.0
1.0,1.0,1.0
1.0,1.0,1.0
1.0,1.0,1.0
1.0,1.0,1.0
1.0,0.0,1.79911621066e-36
1.0,1.0,1.0
1.0,1.0,1.0
1.0,1.0,1.0
1.0,1.0,1.0
1.0,1.0,1.0
1.0,1.0,1.0
1.0,1.0,1.0
1.0,1.0,1.0
1.0,1.0,1.0
1.0,1.0,1.0
1.0,0.0,3.06681143406e-37
1.0,0.0,3.684597872e-37
1.0,1.0,1.0
1.0,0.0,2.07208911898e-38
1.0,1.0,1.0
1.0,0.0,1.77895712292e-37
1.0,1.0,1.0
1.0,1.0,1.0
1.0,1.0,1.0
1.0,0.0,8.10263576681e-37
1.0,1.0,1.0
1.0,1.0,1.0
1.0,1.0,1.0
1.0,1.0,1.0
1.0,1.0,1.0
1.0,1.0,1.0
1.0,1.0,1.0
1.0,1.0,1.0
1.0,1.0,1.0
1.0,1.0,1.0
1.0,1.0,1.0
1.0,0.0,2.50310582501e-37
1.0,1.0,1.0
1.0,1.0,1.0
1.0,1.0,1.0
1.0,1.0,1.0
1.0,1.0,1.0
1.0,1.0,1.0
1.0,1.0,1.0
1.0,0.0,2.19741079506e-36
1.0,1.0,1.0
1.0,1.0,1.0
1.0,1.0,1.0
1.0,0.0,5.16388570506e-37
1.0,0.0,1.20453814356e-36
1.0,1.0,1.0
1.0,1.0,1.0
1.0,1.0,1.0
1.0,1.0,1.0
1.0,1.0,1.0
1.0,0.0,1.66258811577e-36
1.0,1.0,1.0
1.0,0.0,1.56620406547e-37
1.0,0.0,8.3388353219e-37
1.0,1.0,1.0
1.0,0.0,1.57094070028e-37
1.0,1.0,1.0
1.0,1.0,1.0
1.0,1.0,1.0
1.0,1.0,1.0
1.0,1.0,1.0
1.0,1.0,1.0
1.0,1.0,1.0
1.0,1.0,1.0
1.0,1.0,1.0
1.0,1.0,1.0
1.0,0.0,8.41183703742e-37
1.0,1.0,1.0
1.0,1.0,1.0
1.0,1.0,1.0
1.0,1.0,1.0
1.0,1.0,1.0
1.0,1.0,1.0
1.0,1.0,1.0
1.0,1.0,1.0
1.0,1.0,1.0
1.0,1.0,1.0
1.0,1.0,1.0
1.0,1.0,1.0
1.0,0.0,1.90757305424e-36
1.0,1.0,1.0
1.0,1.0,1.0
1.0,1.0,1.0
1.0,1.0,1.0
1.0,1.0,1.0
1.0,1.0,1.0
1.0,1.0,1.0
1.0,1.0,1.0
1.0,1.0,1.0
1.0,1.0,1.0
1.0,1.0,1.0
1.0,1.0,1.0
1.0,0.0,1.72902782193e-36
1.0,1.0,1.0
1.0,1.0,1.0
1.0,0.0,3.05033254144e-37
1.0,0.0,2.53059567192e-37
1.0,1.0,1.0
1.0,1.0,1.0
1.0,1.0,1.0
1.0,1.0,1.0
1.0,1.0,1.0
1.0,1.0,1.0
1.0,1.0,1.0
1.0,1.0,1.0
1.0,1.0,1.0
1.0,1.0,1.0
1.0,1.0,1.0
1.0,1.0,1.0
1.0,1.0,1.0
1.0,1.0,1.0
1.0,1.0,1.0
1.0,1.0,1.0
1.0,1.0,1.0
1.0,1.0,1.0
1.0,0.0,9.07547102946e-38
1.0,1.0,1.0
1.0,1.0,1.0
1.0,1.0,1.0
1.0,1.0,1.0
1.0,1.0,1.0
1.0,1.0,1.0
1.0,1.0,1.0
1.0,1.0,1.0
1.0,1.0,1.0
1.0,1.0,1.0
1.0,1.0,1.0
1.0,0.0,5.39833453537e-37
1.0,1.0,1.0
1.0,1.0,1.0
1.0,0.0,9.24708836961e-37
1.0,1.0,1.0
1.0,1.0,1.0
1.0,1.0,1.0
1.0,1.0,1.0
1.0,1.0,1.0
1.0,1.0,1.0
1.0,1.0,1.0
1.0,1.0,1.0
1.0,1.0,1.0
1.0,1.0,1.0
1.0,1.0,1.0
1.0,1.0,1.0
1.0,1.0,1.0
1.0,1.0,1.0
1.0,1.0,1.0
1.0,1.0,1.0
1.0,1.0,1.0
1.0,0.0,1.4837344194e-37
1.0,1.0,1.0
1.0,1.0,1.0
1.0,1.0,1.0
1.0,1.0,1.0
1.0,1.0,1.0
1.0,0.0,3.70702475563e-37
1.0,0.0,6.68021392732e-37
1.0,1.0,1.0
1.0,1.0,1.0
1.0,1.0,1.0
1.0,1.0,1.0
1.0,0.0,6.56609601423e-37
1.0,0.0,5.43872206063e-38
1.0,1.0,1.0
1.0,1.0,1.0
1.0,1.0,1.0
1.0,1.0,1.0
1.0,1.0,1.0
1.0,1.0,1.0
1.0,1.0,1.0
1.0,1.0,1.0
1.0,1.0,1.0
1.0,1.0,1.0
1.0,1.0,1.0
1.0,1.0,1.0
1.0,1.0,1.0
1.0,1.0,1.0
1.0,1.0,1.0
1.0,1.0,1.0
1.0,1.0,1.0
1.0,1.0,1.0
1.0,0.0,2.69293065785e-37
1.0,1.0,1.0
1.0,1.0,1.0
1.0,1.0,1.0
1.0,1.0,1.0
1.0,0.0,3.94371196611e-38
1.0,1.0,1.0
1.0,1.0,1.0
1.0,1.0,1.0
1.0,1.0,1.0
1.0,1.0,1.0
1.0,1.0,1.0
1.0,0.0,1.91269569108e-36
1.0,1.0,1.0
1.0,0.0,1.55698120528e-36
1.0,1.0,1.0
1.0,1.0,1.0
1.0,0.0,1.50656490618e-36
1.0,1.0,1.0
1.0,1.0,1.0
1.0,1.0,1.0
1.0,1.0,1.0
1.0,1.0,1.0
1.0,1.0,1.0
1.0,1.0,1.0
1.0,0.0,2.50635329419e-36
1.0,1.0,1.0
1.0,1.0,1.0
1.0,1.0,1.0
1.0,0.0,6.25715944561e-38
1.0,0.0,2.42758800566e-36
1.0,1.0,1.0
1.0,1.0,1.0
1.0,1.0,1.0
1.0,1.0,1.0
1.0,1.0,1.0
1.0,1.0,1.0
1.0,1.0,1.0
1.0,1.0,1.0
1.0,1.0,1.0
1.0,1.0,1.0
1.0,1.0,1.0
1.0,1.0,1.0
1.0,1.0,1.0
1.0,1.0,1.0
1.0,1.0,1.0
1.0,1.0,1.0
1.0,1.0,1.0
1.0,0.0,3.29584418475e-37
1.0,1.0,1.0
1.0,1.0,1.0
1.0,1.0,1.0
1.0,1.0,1.0
1.0,1.0,1.0
1.0,1.0,1.0
1.0,1.0,1.0
1.0,0.0,3.36595305587e-37
1.0,1.0,1.0
1.0,1.0,1.0
1.0,1.0,1.0
1.0,1.0,1.0
1.0,1.0,1.0
1.0,0.0,1.29001850459e-36
1.0,1.0,1.0
1.0,1.0,1.0
1.0,0.0,8.41463034646e-38
1.0,1.0,1.0
1.0,1.0,1.0
1.0,0.0,7.95243503687e-37
1.0,1.0,1.0
1.0,1.0,1.0
1.0,1.0,1.0
1.0,1.0,1.0
1.0,1.0,1.0
1.0,1.0,1.0
1.0,1.0,1.0
1.0,1.0,1.0
1.0,1.0,1.0
1.0,1.0,1.0
1.0,1.0,1.0
1.0,1.0,1.0
1.0,0.0,4.98533664779e-38
1.0,1.0,1.0
1.0,1.0,1.0
1.0,1.0,1.0
1.0,1.0,1.0
1.0,1.0,1.0
1.0,1.0,1.0
1.0,1.0,1.0
1.0,1.0,1.0
1.0,1.0,1.0
1.0,1.0,1.0
1.0,1.0,1.0
1.0,1.0,1.0
1.0,1.0,1.0
1.0,1.0,1.0
1.0,1.0,1.0
1.0,1.0,1.0
1.0,1.0,1.0
1.0,1.0,1.0
1.0,1.0,1.0
1.0,1.0,1.0
1.0,1.0,1.0
1.0,1.0,1.0
1.0,1.0,1.0
1.0,1.0,1.0
1.0,1.0,1.0
1.0,1.0,1.0
1.0,1.0,1.0
1.0,1.0,1.0
1.0,1.0,1.0
1.0,1.0,1.0
1.0,1.0,1.0
1.0,1.0,1.0
1.0,1.0,1.0
1.0,1.0,1.0
1.0,1.0,1.0
1.0,0.0,1.7733019137e-37
1.0,1.0,1.0
1.0,1.0,1.0
1.0,1.0,1.0
1.0,1.0,1.0
1.0,1.0,1.0
1.0,1.0,1.0
1.0,0.0,5.64972413879e-37
1.0,1.0,1.0
1.0,1.0,1.0
1.0,0.0,3.26763719433e-36
1.0,1.0,1.0
1.0,1.0,1.0
1.0,1.0,1.0
1.0,0.0,5.69693079167e-37
1.0,1.0,1.0
1.0,1.0,1.0
1.0,1.0,1.0
1.0,0.0,1.2106378144e-35
1.0,1.0,1.0
1.0,1.0,1.0
1.0,1.0,1.0
1.0,1.0,1.0
1.0,1.0,1.0
1.0,1.0,1.0
1.0,1.0,1.0
1.0,1.0,1.0
1.0,1.0,1.0
1.0,1.0,1.0
1.0,1.0,1.0
1.0,1.0,1.0
1.0,0.0,4.49708430576e-37
1.0,0.0,8.30329986078e-38
1.0,1.0,1.0
1.0,1.0,1.0
1.0,1.0,1.0
1.0,0.0,7.20873640852e-37
1.0,1.0,1.0
1.0,1.0,1.0
1.0,1.0,1.0
1.0,1.0,1.0
1.0,1.0,1.0
1.0,1.0,1.0
1.0,1.0,1.0
1.0,1.0,1.0
1.0,1.0,1.0
1.0,1.0,1.0
1.0,1.0,1.0
1.0,1.0,1.0
1.0,0.0,9.78586975435e-37
1.0,1.0,1.0
1.0,1.0,1.0
1.0,1.0,1.0
1.0,1.0,1.0
1.0,1.0,1.0
1.0,1.0,1.0
1.0,0.0,9.81924306267e-37
1.0,0.0,2.96602018523e-36
1.0,0.0,1.45115575425e-37
1.0,1.0,1.0
1.0,1.0,1.0
1.0,1.0,1.0
1.0,0.0,8.16365830929e-37
1.0,1.0,1.0
1.0,1.0,1.0
1.0,1.0,1.0
1.0,1.0,1.0
1.0,0.0,8.33577749463e-37
1.0,1.0,1.0
1.0,1.0,1.0
1.0,1.0,1.0
1.0,0.0,1.49107901609e-36
1.0,1.0,1.0
1.0,1.0,1.0
1.0,1.0,1.0
1.0,0.0,2.62504597984e-37
1.0,1.0,1.0
1.0,1.0,1.0
1.0,0.0,2.39481502664e-35
1.0,1.0,1.0
1.0,1.0,1.0
1.0,0.0,3.84496715019e-37
1.0,1.0,1.0
1.0,1.0,1.0
1.0,1.0,1.0
1.0,1.0,1.0
1.0,1.0,1.0
1.0,1.0,1.0
1.0,1.0,1.0
1.0,1.0,1.0
1.0,0.0,7.49290169934e-37
1.0,1.0,1.0
1.0,1.0,1.0
1.0,1.0,1.0
1.0,1.0,1.0
1.0,0.0,1.42715585508e-36
1.0,1.0,1.0
1.0,1.0,1.0
1.0,1.0,1.0
1.0,1.0,1.0
1.0,1.0,1.0
1.0,1.0,1.0
1.0,1.0,1.0
1.0,1.0,1.0
1.0,1.0,1.0
1.0,1.0,1.0
1.0,1.0,1.0
1.0,1.0,1.0
1.0,0.0,9.41128767093e-37
1.0,1.0,1.0
1.0,1.0,1.0
1.0,1.0,1.0
1.0,1.0,1.0
1.0,1.0,1.0
1.0,1.0,1.0
1.0,0.0,3.1944472354e-36
1.0,1.0,1.0
1.0,1.0,1.0
1.0,1.0,1.0
1.0,1.0,1.0
1.0,1.0,1.0
1.0,1.0,1.0
1.0,1.0,1.0
1.0,1.0,1.0
1.0,1.0,1.0
1.0,1.0,1.0
1.0,1.0,1.0
1.0,0.0,7.93080130724e-37
1.0,0.0,4.13381476388e-37
1.0,1.0,1.0
1.0,1.0,1.0
1.0,1.0,1.0
1.0,1.0,1.0
1.0,1.0,1.0
1.0,0.0,6.33128347743e-37
1.0,1.0,1.0
1.0,1.0,1.0
1.0,1.0,1.0
1.0,1.0,1.0
1.0,1.0,1.0
1.0,1.0,1.0
1.0,0.0,2.50938962154e-36
1.0,1.0,1.0
1.0,1.0,1.0
1.0,1.0,1.0
1.0,1.0,1.0
1.0,1.0,1.0
1.0,1.0,1.0
1.0,1.0,1.0
1.0,1.0,1.0
1.0,1.0,1.0
1.0,1.0,1.0
1.0,1.0,1.0
1.0,1.0,1.0
1.0,0.0,1.61078963401e-37
1.0,0.0,2.64355236719e-37
1.0,1.0,1.0
1.0,1.0,1.0
1.0,1.0,1.0
1.0,1.0,1.0
1.0,1.0,1.0
1.0,1.0,1.0
1.0,1.0,1.0
1.0,1.0,1.0
1.0,1.0,1.0
1.0,1.0,1.0
1.0,1.0,1.0
1.0,1.0,1.0
1.0,1.0,1.0
1.0,0.0,1.29072782649e-36
1.0,1.0,1.0
1.0,0.0,1.79549497724e-36
1.0,1.0,1.0
1.0,1.0,1.0
1.0,1.0,1.0
1.0,1.0,1.0
1.0,1.0,1.0
1.0,1.0,1.0
1.0,1.0,1.0
1.0,1.0,1.0
1.0,1.0,1.0
1.0,1.0,1.0
1.0,0.0,1.14806586268e-35
1.0,1.0,1.0
1.0,1.0,1.0
1.0,1.0,1.0
1.0,1.0,1.0
1.0,1.0,1.0
1.0,0.0,8.24116697636e-37
1.0,1.0,1.0
1.0,1.0,1.0
1.0,1.0,1.0
1.0,1.0,1.0
1.0,1.0,1.0
1.0,1.0,1.0
1.0,1.0,1.0
1.0,1.0,1.0
1.0,0.0,1.21752461749e-37
1.0,1.0,1.0
1.0,1.0,1.0
1.0,1.0,1.0
1.0,1.0,1.0
1.0,1.0,1.0
1.0,1.0,1.0
1.0,1.0,1.0
1.0,1.0,1.0
1.0,1.0,1.0
1.0,1.0,1.0
1.0,1.0,1.0
1.0,1.0,1.0
1.0,1.0,1.0
1.0,1.0,1.0
1.0,1.0,1.0
1.0,1.0,1.0
1.0,1.0,1.0
1.0,0.0,1.251526583e-36
1.0,1.0,1.0
1.0,1.0,1.0
1.0,1.0,1.0
1.0,1.0,1.0
1.0,1.0,1.0
1.0,1.0,1.0
1.0,1.0,1.0
1.0,1.0,1.0
1.0,1.0,1.0
1.0,1.0,1.0
1.0,1.0,1.0
1.0,1.0,1.0
1.0,0.0,2.50215126054e-36
1.0,0.0,7.57993964147e-37
1.0,1.0,1.0
1.0,1.0,1.0
1.0,1.0,1.0
1.0,1.0,1.0
1.0,1.0,1.0
1.0,1.0,1.0
1.0,1.0,1.0
1.0,1.0,1.0
1.0,1.0,1.0
1.0,1.0,1.0
1.0,1.0,1.0
1.0,1.0,1.0
1.0,1.0,1.0
1.0,1.0,1.0
1.0,1.0,1.0
1.0,1.0,1.0
1.0,1.0,1.0
1.0,1.0,1.0
1.0,1.0,1.0
1.0,1.0,1.0
1.0,1.0,1.0
1.0,1.0,1.0
1.0,1.0,1.0
1.0,1.0,1.0
1.0,1.0,1.0
1.0,1.0,1.0
1.0,0.0,9.07352935771e-37
1.0,1.0,1.0
1.0,1.0,1.0
1.0,1.0,1.0
1.0,1.0,1.0
1.0,1.0,1.0
1.0,1.0,1.0
1.0,1.0,1.0
1.0,1.0,1.0
1.0,1.0,1.0
1.0,0.0,4.70824044594e-36
1.0,1.0,1.0
1.0,1.0,1.0
1.0,1.0,1.0
1.0,1.0,1.0
1.0,1.0,1.0
1.0,1.0,1.0
1.0,1.0,1.0
1.0,1.0,1.0
1.0,1.0,1.0
1.0,0.0,3.52417049503e-37
1.0,1.0,1.0
1.0,1.0,1.0
1.0,1.0,1.0
1.0,1.0,1.0
0.0,0.0,1.71787905353e-36
0.0,0.0,7.5519529065e-37
0.0,0.0,2.2645338184e-36
0.0,0.0,6.08166059658e-37
0.0,0.0,3.21190302539e-38
0.0,0.0,7.16832185281e-37
0.0,0.0,3.25673540741e-36
0.0,0.0,2.30822389147e-37
0.0,0.0,1.26056666358e-37
0.0,0.0,9.92544101301e-37
0.0,0.0,4.50351905912e-37
0.0,0.0,2.13528278362e-37
0.0,0.0,3.07131354701e-38
0.0,0.0,5.39015318701e-37
0.0,0.0,4.08516560044e-38
0.0,0.0,7.3639512125e-37
0.0,0.0,1.10443303795e-37
0.0,0.0,1.50313901441e-36
0.0,0.0,4.24018579099e-37
0.0,0.0,1.36719503884e-36
0.0,0.0,2.74059182942e-37
0.0,0.0,4.81809858014e-37
0.0,0.0,7.83783278791e-37
0.0,0.0,1.05285145619e-36
0.0,0.0,4.99476067892e-37
0.0,0.0,7.6429225085e-38
0.0,0.0,5.16602038871e-37
0.0,0.0,1.29316235771e-37
0.0,0.0,1.09608592673e-37
0.0,0.0,5.19231482324e-36
0.0,0.0,1.83840354396e-36
0.0,0.0,7.65150635474e-37
0.0,0.0,5.3023336339e-37
0.0,0.0,7.96677802307e-37
0.0,0.0,3.04475184719e-37
0.0,0.0,2.56845442743e-36
0.0,0.0,3.61185529407e-37
0.0,0.0,3.00969247737e-37
0.0,0.0,8.36212496563e-37
0.0,0.0,2.87965174734e-36
0.0,0.0,1.84163575053e-36
0.0,0.0,1.89497900911e-37
0.0,0.0,4.20409343874e-37
0.0,0.0,9.60867911448e-37
0.0,0.0,8.33445092769e-37
0.0,0.0,2.31390983801e-37
0.0,0.0,1.12235321715e-36
0.0,0.0,6.59632034042e-36
0.0,0.0,5.67888445741e-37
0.0,0.0,2.40202750649e-36
0.0,0.0,7.5744741116e-38
0.0,0.0,4.28197490869e-37
0.0,0.0,3.07507960089e-37
0.0,0.0,1.57553452058e-37
0.0,0.0,2.02469451366e-36
0.0,0.0,4.1780430235e-36
0.0,0.0,3.6741141034e-37
0.0,0.0,7.4889938545e-38
0.0,0.0,8.98654848615e-37
0.0,0.0,1.24965086622e-35
0.0,0.0,1.03300216057e-38
0.0,0.0,5.03442777264e-37
0.0,0.0,3.13398550676e-36
0.0,0.0,3.99850770077e-37
0.0,0.0,1.96063165549e-37
0.0,0.0,2.24388138911e-37
0.0,0.0,4.54095922258e-37
0.0,0.0,1.39089542292e-37
0.0,0.0,2.30547975346e-37
0.0,0.0,1.28955629888e-35
0.0,0.0,7.87159416361e-37
0.0,0.0,2.14709423953e-36
0.0,0.0,3.96188838959e-37
0.0,0.0,1.56757224563e-36
0.0,0.0,1.22988230357e-36
0.0,0.0,8.24550997031e-37
0.0,0.0,2.93578874399e-36
0.0,0.0,7.49683771683e-37
0.0,0.0,7.07156449104e-37
0.0,0.0,8.88584740719e-37
0.0,0.0,1.26509799541e-36
0.0,0.0,5.96351244523e-37
0.0,0.0,1.53594311351e-37
0.0,0.0,1.05509480082e-36
0.0,0.0,5.76301672095e-37
0.0,0.0,1.19174617753e-36
0.0,0.0,1.57723587072e-36
0.0,0.0,3.63070524244e-36
0.0,0.0,4.46854829725e-37
0.0,0.0,5.18996238645e-38
0.0,0.0,6.74204093329e-37
0.0,0.0,2.24316352296e-36
0.0,0.0,3.67751093589e-37
0.0,0.0,3.5139937066e-37
0.0,0.0,4.02628640989e-37
0.0,0.0,1.57714514899e-36
0.0,0.0,9.65722710707e-37
0.0,0.0,1.91362704337e-37
0.0,0.0,2.562253955e-37
0.0,0.0,3.36390757333e-37
0.0,0.0,5.075696412e-37
0.0,0.0,1.65059427094e-37
0.0,0.0,1.77497278447e-37
0.0,0.0,6.62945544173e-38
0.0,0.0,4.1581757893e-37
0.0,0.0,2.82388698781e-37
0.0,0.0,6.06133238525e-36
0.0,0.0,3.32661393443e-37
0.0,0.0,4.4222782649e-36
0.0,0.0,2.22433210268e-36
0.0,0.0,3.48524526524e-37
0.0,0.0,4.40979608708e-36
0.0,0.0,3.5992871197e-36
0.0,0.0,1.81252405023e-37
0.0,0.0,1.26760642895e-38
0.0,0.0,4.37740316568e-37
0.0,0.0,6.53643787601e-37
0.0,0.0,6.56244138349e-37
0.0,0.0,3.86321394447e-37
0.0,0.0,2.38739303864e-37
0.0,0.0,5.80080186459e-37
0.0,0.0,3.40441640366e-37
0.0,0.0,2.88987381136e-36
0.0,0.0,3.6831162948e-37
0.0,0.0,1.17191645854e-36
0.0,0.0,2.71713146114e-38
0.0,0.0,9.08525273983e-37
0.0,0.0,1.06102372829e-37
0.0,0.0,8.28786590135e-36
0.0,0.0,4.39205297976e-36
0.0,0.0,8.33589307626e-37
0.0,0.0,7.0727428731e-37
0.0,0.0,4.02086313951e-39
0.0,0.0,1.09488961144e-36
0.0,0.0,9.62335341859e-37
0.0,0.0,1.30931165493e-37
0.0,0.0,4.23114533821e-37
0.0,0.0,3.78193122774e-37
0.0,0.0,7.78854583613e-37
0.0,0.0,2.35688968171e-37
0.0,0.0,1.14811155925e-36
0.0,0.0,9.80286443698e-37
0.0,0.0,4.49454087702e-37
0.0,0.0,2.65803385296e-37
0.0,0.0,1.61603380408e-37
0.0,0.0,6.35810146647e-36
0.0,0.0,1.72787091909e-36
0.0,0.0,1.10603148858e-36
0.0,0.0,3.44934533294e-36
0.0,0.0,1.99371138101e-37
0.0,0.0,1.44386189034e-37
0.0,0.0,1.03194352375e-37
0.0,0.0,2.81475738391e-36
0.0,0.0,1.79837340787e-36
0.0,0.0,6.19480579276e-37
0.0,0.0,5.0971393048e-36
0.0,0.0,8.19787066442e-37
0.0,0.0,2.03324397657e-38
0.0,0.0,8.64614686841e-38
0.0,0.0,5.63087297616e-37
0.0,0.0,4.30225390202e-37
0.0,0.0,1.01032587667e-36
0.0,0.0,6.04524083748e-36
0.0,0.0,6.43921849046e-37
0.0,0.0,3.83385831281e-36
0.0,0.0,2.1796629228e-37
0.0,0.0,3.05887006507e-38
0.0,0.0,7.43747974508e-37
0.0,0.0,2.76843319472e-37
0.0,0.0,2.7330673906e-37
0.0,0.0,1.14100986608e-36
0.0,0.0,2.38709604986e-37
0.0,0.0,2.10515454612e-37
0.0,0.0,2.58409193452e-37
0.0,0.0,2.13528356339e-37
0.0,0.0,5.83181641973e-38
0.0,0.0,1.56978546336e-36
0.0,0.0,2.95788580305e-36
0.0,0.0,1.22902454792e-36
0.0,0.0,5.44259360753e-37
0.0,0.0,2.80668225714e-37
0.0,0.0,2.35424886435e-36
0.0,0.0,2.3580567091e-37
0.0,0.0,2.67745352364e-36
0.0,0.0,2.9167218007e-37
0.0,0.0,2.37786474853e-37
0.0,0.0,1.02548454027e-37
0.0,0.0,7.75708797278e-37
0.0,0.0,4.20683506884e-36
0.0,0.0,3.09871990319e-36
0.0,0.0,4.40618976831e-37
0.0,0.0,1.84000695457e-36
0.0,0.0,1.2849724211e-36
0.0,0.0,2.61270876292e-37
0.0,0.0,4.66630202799e-36
0.0,0.0,8.30560202936e-37
0.0,0.0,6.77870185151e-37
0.0,0.0,1.0576458422e-36
0.0,0.0,1.53945144146e-37
0.0,0.0,7.956699178e-37
0.0,0.0,4.99655990097e-37
0.0,0.0,4.13990649227e-37
0.0,0.0,4.37684284859e-37
0.0,0.0,1.39036329439e-36
0.0,0.0,5.32173081432e-37
0.0,0.0,5.56140335427e-36
0.0,0.0,9.60870870269e-37
0.0,0.0,2.0188967333e-36
0.0,0.0,3.01560288192e-36
0.0,0.0,3.6605809157e-37
0.0,0.0,3.53861785366e-37
0.0,0.0,2.71140859929e-36
0.0,0.0,1.54619370748e-36
0.0,0.0,6.87383462565e-37
0.0,0.0,6.98975799274e-38
0.0,0.0,2.77441558309e-37
0.0,0.0,1.04987005306e-36
0.0,0.0,9.06737099087e-38
0.0,0.0,2.23199078296e-37
0.0,0.0,3.49570261724e-36
0.0,0.0,1.15421426823e-36
0.0,0.0,1.063026997e-37
0.0,0.0,3.55072010853e-36
0.0,0.0,9.40934518465e-38
0.0,0.0,4.79741508587e-37
0.0,0.0,1.33596038017e-36
0.0,0.0,4.10453633469e-37
0.0,0.0,3.09202146155e-37
0.0,0.0,1.63036927995e-37
0.0,0.0,4.75282704262e-37
0.0,0.0,3.84126362991e-37
0.0,0.0,6.98171013745e-37
0.0,0.0,2.52526847525e-38
0.0,0.0,9.88337882109e-38
0.0,0.0,2.15793459187e-36
0.0,0.0,3.53658158469e-37
0.0,0.0,8.52198278592e-37
0.0,0.0,1.90363842112e-37
0.0,0.0,1.07214425857e-36
0.0,0.0,1.39679330141e-37
0.0,0.0,1.30140867765e-36
0.0,0.0,3.0333412435e-36
0.0,0.0,3.12002819597e-36
0.0,0.0,3.815497045e-37
0.0,0.0,4.26830148864e-36
0.0,0.0,2.2756850594e-36
0.0,0.0,5.69785551448e-37
0.0,0.0,1.74863211491e-37
0.0,0.0,4.31387436145e-36
0.0,0.0,3.64517607538e-37
0.0,0.0,1.10754898294e-36
0.0,0.0,6.66619100998e-37
0.0,0.0,2.0612534232e-37
0.0,0.0,2.37298803278e-37
0.0,0.0,5.34686480814e-36
0.0,0.0,3.38052690085e-37
0.0,0.0,1.72132285341e-36
0.0,0.0,2.64758448434e-36
0.0,0.0,1.22444736228e-36
0.0,0.0,1.38949374737e-37
0.0,0.0,7.29235688103e-37
0.0,0.0,5.14634051616e-38
0.0,0.0,4.09489616647e-37
0.0,0.0,3.55575484141e-37
0.0,0.0,2.18427215281e-36
0.0,0.0,5.80463944152e-37
0.0,0.0,4.05717603775e-36
0.0,0.0,1.79181726541e-36
0.0,0.0,2.34815738979e-36
0.0,0.0,2.27278080893e-37
0.0,0.0,1.84017460951e-37
0.0,0.0,6.59594182893e-37
0.0,0.0,6.64705982215e-37
0.0,0.0,1.72239770971e-36
0.0,0.0,4.83728730709e-37
0.0,0.0,3.51028362003e-37
0.0,0.0,3.78631258162e-37
0.0,0.0,1.05817998316e-36
0.0,0.0,6.91377901727e-37
0.0,0.0,1.33771392449e-36
0.0,0.0,1.61532435696e-35
0.0,0.0,2.65238980155e-36
0.0,0.0,7.01658330337e-37
0.0,0.0,4.12983920577e-36
0.0,0.0,1.28271984918e-36
0.0,0.0,2.75488417726e-37
0.0,0.0,5.47960885676e-35
0.0,0.0,5.5599164367e-36
0.0,0.0,5.75438747099e-37
0.0,0.0,3.52376341586e-37
0.0,0.0,3.04766224355e-37
0.0,0.0,9.41539619609e-37
0.0,0.0,3.90943201889e-37
0.0,0.0,5.87035210158e-38
0.0,0.0,8.98210702268e-37
0.0,0.0,1.73126029988e-36
0.0,0.0,2.04733826303e-36
0.0,0.0,1.42626171043e-36
0.0,0.0,8.18619915983e-37
0.0,0.0,3.63469219292e-36
0.0,0.0,2.55132102367e-37
0.0,0.0,2.57062503252e-37
0.0,0.0,3.49879224895e-37
0.0,0.0,1.04758820943e-36
0.0,0.0,2.55065880574e-36
0.0,0.0,8.61178734083e-37
0.0,0.0,5.01157376418e-37
0.0,0.0,9.6832238212e-37
0.0,0.0,1.4394947978e-36
0.0,0.0,2.79487721144e-37
0.0,0.0,1.3614266691e-36
0.0,0.0,1.94392618189e-36
0.0,0.0,9.81663393271e-37
0.0,0.0,7.25293787992e-37
0.0,0.0,5.81660584267e-37
0.0,0.0,1.72767535246e-36
0.0,0.0,6.72788909878e-36
0.0,0.0,2.64429807939e-36
0.0,0.0,1.00807600574e-36
0.0,0.0,1.89611249912e-36
0.0,0.0,2.42061710503e-36
0.0,0.0,5.48581318889e-38
0.0,0.0,1.00036587336e-36
0.0,0.0,8.02394515196e-37
0.0,0.0,2.51435263309e-37
0.0,0.0,8.33440255005e-37
0.0,0.0,5.70207118902e-37
0.0,0.0,5.12299722052e-37
0.0,0.0,5.47663826491e-37
0.0,0.0,6.50783537011e-37
0.0,0.0,9.69603901726e-37
0.0,0.0,7.72847301943e-37
0.0,0.0,1.7729871729e-36
0.0,0.0,1.77610248975e-37
0.0,0.0,4.06790831469e-36
0.0,0.0,9.18160266846e-37
0.0,0.0,1.48027457844e-37
0.0,0.0,7.89896671892e-36
0.0,0.0,1.33165463218e-36
0.0,0.0,5.48414993672e-37
0.0,0.0,9.47218292007e-37
0.0,0.0,9.41175133183e-37
0.0,0.0,7.24108058108e-37
0.0,0.0,1.92382184652e-36
0.0,0.0,1.26766955576e-37
0.0,0.0,5.59473158122e-37
0.0,0.0,9.50932587358e-37
0.0,0.0,1.87802854055e-36
0.0,0.0,1.70233563702e-37
0.0,0.0,1.35118966757e-36
0.0,0.0,1.28179660298e-36
0.0,0.0,1.99796633991e-36
0.0,0.0,1.91579414315e-36
0.0,0.0,2.0792173278e-36
0.0,0.0,1.9205778524e-38
0.0,0.0,1.19370240749e-36
0.0,0.0,1.20153447702e-36
0.0,0.0,6.64131895197e-37
0.0,0.0,7.47423649083e-37
0.0,0.0,1.5789321229e-36
0.0,0.0,4.47203937686e-37
0.0,0.0,4.06675591233e-37
0.0,0.0,4.36972643741e-36
0.0,0.0,1.79882179418e-37
0.0,0.0,2.10598565631e-36
0.0,0.0,1.29254376843e-36
0.0,0.0,1.97135620677e-36
0.0,0.0,1.03959285041e-36
0.0,0.0,1.42975906061e-36
0.0,0.0,1.1196335145e-37
0.0,0.0,1.52215954547e-37
0.0,0.0,1.48559047119e-36
0.0,0.0,8.95010901404e-37
0.0,0.0,7.11020501911e-38
0.0,0.0,3.28900459786e-36
0.0,0.0,1.57890478421e-37
0.0,0.0,2.18993759735e-36
0.0,0.0,9.0048199243e-38
0.0,0.0,3.18356574277e-36
0.0,0.0,2.86560626331e-37
0.0,0.0,1.30250296402e-36
0.0,0.0,3.46009954316e-37
0.0,0.0,3.21044155072e-36
0.0,0.0,2.62226119444e-37
0.0,0.0,1.9682567846e-36
0.0,0.0,9.69791433111e-38
0.0,0.0,2.31873412503e-37
0.0,0.0,2.29016496364e-37
0.0,0.0,1.90813960891e-36
0.0,0.0,3.32416727075e-36
0.0,0.0,4.87280052147e-36
0.0,0.0,1.03793126922e-36
0.0,0.0,2.5675066633e-37
0.0,0.0,1.31908682994e-36
0.0,0.0,1.64627486073e-36
0.0,0.0,2.11378839326e-37
0.0,0.0,8.78701884432e-37
0.0,0.0,2.54538698756e-36
0.0,0.0,1.20535095708e-36
0.0,0.0,8.26321713835e-36
0.0,0.0,3.76061602269e-36
0.0,0.0,5.15097733822e-38
0.0,0.0,2.20284209318e-36
0.0,0.0,2.5053659502e-36
0.0,0.0,2.99088320838e-36
0.0,0.0,2.67075517729e-36
0.0,0.0,7.60150755306e-37
0.0,0.0,7.20508682552e-37
0.0,0.0,2.38497294389e-36
0.0,0.0,4.01096605149e-36
0.0,0.0,1.61460027463e-36
0.0,0.0,5.18036408967e-37
0.0,0.0,3.1745075456e-37
0.0,0.0,1.07607055917e-35
0.0,0.0,5.28317172059e-38
0.0,0.0,1.19893761158e-36
0.0,0.0,3.47507003409e-37
0.0,0.0,3.32779061401e-37
0.0,0.0,6.02427751514e-36
0.0,0.0,3.28425249649e-36
0.0,0.0,6.87096881847e-37
0.0,0.0,7.14046490877e-38
0.0,0.0,1.05302268603e-36
0.0,0.0,1.6563557148e-36
0.0,0.0,6.82633666212e-36
0.0,0.0,3.02070684019e-36
0.0,0.0,1.10260272832e-36
0.0,0.0,9.84471678357e-37
0.0,0.0,2.31959895223e-37
0.0,0.0,1.46476681465e-36
0.0,0.0,7.9354307085e-37
0.0,0.0,1.05472974138e-36
0.0,0.0,4.43028248881e-36
0.0,0.0,1.00974362976e-36
0.0,0.0,1.61671970067e-36
0.0,0.0,3.49223471672e-38
0.0,0.0,2.19817423903e-37
0.0,0.0,1.02521434357e-36
0.0,0.0,1.94902116709e-36
0.0,0.0,2.61614535311e-36
0.0,0.0,1.56337382522e-37
0.0,0.0,4.54946401856e-37
0.0,0.0,7.25640305524e-37
0.0,0.0,4.70107653934e-37
0.0,0.0,2.18867521561e-37
0.0,0.0,1.4046181558e-36
0.0,0.0,2.76123675062e-36
0.0,0.0,2.46349376695e-38
0.0,0.0,4.72774746741e-37
0.0,0.0,2.30464153779e-36
0.0,0.0,1.36840646684e-36
0.0,0.0,5.69080491137e-37
0.0,0.0,1.16422320123e-35
0.0,0.0,5.26190123188e-38
0.0,0.0,2.25438713896e-36
0.0,0.0,3.5925755332e-37
0.0,0.0,3.59266910409e-37
0.0,0.0,7.28484760943e-37
0.0,0.0,9.44611352994e-37
0.0,0.0,1.61470336301e-36
0.0,0.0,5.2603711841e-37
0.0,0.0,1.95241955538e-36
0.0,0.0,2.18457941348e-37
0.0,0.0,2.65462481607e-37
0.0,0.0,3.74124709399e-36
0.0,0.0,1.65242046255e-36
0.0,0.0,3.03106968097e-36
0.0,0.0,2.31663602877e-36
0.0,0.0,1.12825793479e-36
0.0,0.0,1.21369276847e-36
0.0,0.0,3.24065039889e-36
0.0,0.0,1.77457709518e-37
0.0,0.0,1.75964666925e-37
0.0,0.0,5.25713318425e-36
0.0,0.0,9.62642627598e-37
0.0,0.0,9.51203629126e-37
0.0,0.0,2.43464335537e-38
0.0,0.0,1.30366060134e-36
0.0,0.0,1.80271278698e-36
0.0,0.0,3.47198965432e-37
0.0,0.0,2.44134224872e-37
0.0,0.0,3.32427152451e-37
0.0,0.0,2.52961629364e-36
0.0,0.0,4.36057749785e-37
0.0,0.0,3.93912220488e-36
0.0,0.0,1.2542099527e-36
0.0,0.0,6.56464220611e-37
0.0,0.0,2.37368060005e-37
0.0,0.0,4.47765236446e-37
0.0,0.0,4.24611467561e-37
0.0,0.0,4.05153792134e-36
0.0,0.0,1.24020751573e-36
0.0,0.0,1.6729363776e-36
0.0,0.0,3.03682508138e-37
0.0,0.0,1.12234313473e-36
0.0,0.0,4.7821090086e-36
0.0,0.0,4.01357207518e-36
0.0,0.0,2.48138189192e-36
0.0,0.0,2.40625876312e-36
0.0,0.0,4.06250567664e-37
0.0,0.0,1.19816505071e-36
0.0,0.0,3.74096930742e-37
0.0,0.0,5.40212527388e-37
0.0,0.0,2.00613640244e-36
0.0,0.0,1.46650557195e-36
0.0,0.0,9.58288230963e-37
0.0,0.0,1.01020350139e-37
0.0,0.0,2.80000812875e-37
0.0,0.0,4.60827049439e-37
0.0,0.0,2.54994374929e-37
0.0,0.0,3.05608486878e-37
0.0,0.0,1.14759009187e-37
0.0,0.0,7.58258359032e-37
0.0,0.0,3.44350391735e-37
0.0,0.0,5.71973208206e-37
0.0,0.0,2.00448411529e-36
0.0,0.0,9.00327484981e-38
0.0,0.0,1.58547575188e-37
0.0,0.0,2.39058671077e-36
0.0,0.0,3.24725980493e-37
0.0,0.0,1.15600084117e-36
0.0,0.0,9.33075812422e-37
0.0,0.0,1.22397165068e-36
0.0,0.0,1.01132228085e-37
0.0,0.0,3.36555539411e-37
0.0,0.0,9.13594472137e-37
0.0,0.0,8.07935708216e-36
0.0,0.0,1.65981746141e-37
0.0,0.0,1.07830362271e-37
0.0,0.0,1.64279227015e-37
0.0,0.0,1.3786554649e-36
0.0,0.0,6.6841192379e-37
0.0,0.0,2.43905063028e-36
0.0,0.0,4.55129701954e-37
0.0,0.0,2.13044705641e-36
0.0,0.0,2.20123517927e-36
0.0,0.0,1.87726020136e-36
0.0,0.0,6.6609977595e-37
0.0,0.0,6.0773047982e-37
0.0,0.0,5.42767286285e-38
0.0,0.0,1.7761824271e-37
0.0,0.0,6.19990438924e-37
0.0,0.0,5.09755146852e-37
0.0,0.0,1.11755306701e-36
0.0,0.0,1.82700015653e-36
0.0,0.0,3.87539380884e-37
0.0,0.0,4.00595452196e-37
0.0,0.0,1.26760642895e-38
0.0,0.0,1.52527324808e-36
0.0,0.0,2.01496129678e-38
0.0,0.0,2.29006110273e-37
0.0,0.0,1.14419351059e-37
0.0,0.0,7.47316835691e-38
0.0,0.0,6.2637702649e-37
0.0,0.0,1.86735840417e-37
0.0,0.0,1.81897416199e-36
0.0,0.0,9.65051014024e-37
0.0,0.0,1.12197827296e-36
0.0,0.0,3.84077784569e-37
0.0,0.0,7.20129631107e-37
0.0,0.0,5.66222299664e-37
0.0,0.0,5.1186996134e-37
0.0,0.0,5.88682596032e-37
0.0,0.0,2.56030173268e-36
0.0,0.0,1.5292613174e-36
0.0,0.0,1.52054235228e-36
0.0,0.0,5.01550451184e-36
0.0,0.0,7.73054661104e-38
0.0,0.0,3.07910675704e-37
0.0,0.0,1.12156241838e-37
0.0,0.0,1.21373334122e-36
0.0,0.0,3.816697466e-36
0.0,0.0,1.23380741795e-35
0.0,0.0,3.97675209033e-37
0.0,0.0,1.81289693187e-37
0.0,0.0,4.70853669609e-37
0.0,0.0,8.00034803814e-36
0.0,0.0,4.2917222203e-37
0.0,0.0,4.19052584812e-37
0.0,0.0,1.50007091977e-36
0.0,0.0,2.22762531117e-37
0.0,0.0,3.38007954007e-37
0.0,0.0,4.64939752749e-38
0.0,0.0,7.85098230848e-36
0.0,0.0,1.12428410459e-36
0.0,0.0,3.75818665459e-37
0.0,0.0,1.21623505732e-37
0.0,0.0,1.40881743021e-36
0.0,0.0,2.14979857735e-36
0.0,0.0,8.68157745932e-37
0.0,0.0,1.05705115661e-37
0.0,0.0,1.11736385114e-36
0.0,0.0,5.48071418186e-36
0.0,0.0,3.76073040028e-36
0.0,0.0,5.54298073308e-37
0.0,0.0,6.30772763479e-36
0.0,0.0,1.24248581292e-36
0.0,0.0,7.47696284329e-37
0.0,0.0,8.93381008329e-37
0.0,0.0,9.31205576295e-38
0.0,0.0,1.56736776961e-36
0.0,0.0,2.47036191214e-36
0.0,0.0,1.39593412736e-37
0.0,0.0,1.41436904546e-37
0.0,0.0,9.44383165503e-37
0.0,0.0,1.22669084056e-37
0.0,0.0,1.50075020117e-36
0.0,0.0,3.83492788849e-37
0.0,0.0,9.17991632474e-37
0.0,0.0,9.66753740641e-37
0.0,0.0,5.91121422333e-37
0.0,0.0,1.31415370184e-36
0.0,0.0,3.0241168226e-36
0.0,0.0,2.9044891295e-37
0.0,0.0,1.20943713678e-36
0.0,0.0,1.78241010629e-36
0.0,0.0,1.21150334443e-36
0.0,0.0,1.8123112721e-37
0.0,0.0,1.11371151491e-37
0.0,0.0,5.0823109957e-36
0.0,0.0,1.00064082837e-37
0.0,0.0,1.63976958745e-36
0.0,0.0,1.95157434675e-36
0.0,0.0,3.01493417592e-37
0.0,0.0,2.13592122009e-36
0.0,0.0,6.93524258212e-37
0.0,0.0,4.54969154607e-39
0.0,0.0,1.57289811556e-37
0.0,0.0,6.69673923878e-37
0.0,0.0,1.07146729229e-36
0.0,0.0,1.09300030315e-36
0.0,0.0,6.83019964977e-37
0.0,0.0,1.52498122091e-38
0.0,0.0,1.28053182681e-37
0.0,0.0,3.6195041619e-37
0.0,0.0,9.43959391258e-37
0.0,0.0,5.66193601759e-37
0.0,0.0,3.34823563516e-36
0.0,0.0,1.49196915604e-36
0.0,0.0,2.66418372319e-36
0.0,0.0,1.43942416542e-37
0.0,0.0,2.12466088542e-36
0.0,0.0,1.94674073646e-37
0.0,0.0,5.34647796274e-37
0.0,0.0,1.35463902143e-37
0.0,0.0,3.51176285046e-36
0.0,0.0,2.78612479466e-37
0.0,0.0,4.41298339917e-37
0.0,0.0,2.24474224272e-36
0.0,0.0,5.02526352575e-37
0.0,0.0,4.40053921799e-38
0.0,0.0,1.84657341388e-37
0.0,0.0,1.03583378445e-36
0.0,0.0,5.45183366949e-37
0.0,0.0,7.42899653013e-37
0.0,0.0,1.16688038039e-36
0.0,0.0,1.30620187213e-36
0.0,0.0,2.96496540686e-36
0.0,0.0,6.20523340409e-36
0.0,0.0,1.4410761299e-37
0.0,0.0,4.64349744142e-36
0.0,0.0,7.25532675451e-38
0.0,0.0,6.99626107963e-37
0.0,0.0,3.8561643742e-37
0.0,0.0,2.69881394639e-36
0.0,0.0,2.07085899138e-36
0.0,0.0,2.72731971245e-37
0.0,0.0,1.61902417865e-37
0.0,0.0,6.12655213466e-37
0.0,0.0,1.69578739451e-37
0.0,0.0,7.40862036248e-36
0.0,0.0,1.13583369098e-36
0.0,0.0,6.43832932874e-37
0.0,0.0,1.38390135191e-36
0.0,0.0,2.32796783099e-36
0.0,0.0,4.39471391203e-36
0.0,0.0,2.1605234337e-36
0.0,0.0,7.50440996664e-37
0.0,0.0,9.04013562907e-37
0.0,0.0,1.10151160869e-37
0.0,0.0,3.93879442724e-37
0.0,0.0,4.61247832396e-37
0.0,0.0,1.74633178492e-36
0.0,0.0,6.92267407317e-38
0.0,0.0,2.93171609874e-37
0.0,0.0,2.84303720725e-37
0.0,0.0,1.34415504787e-36
0.0,0.0,5.14999701192e-36
0.0,0.0,3.38126785146e-36
0.0,0.0,6.18763251042e-37
0.0,0.0,2.48973464988e-36
0.0,0.0,7.1996696592e-36
0.0,0.0,5.8426531264e-36
0.0,0.0,1.19469657228e-36
0.0,0.0,3.87294146877e-38
0.0,0.0,1.67799713825e-36
0.0,0.0,2.21897565639e-36
0.0,0.0,1.69774847855e-36
0.0,0.0,8.05725096326e-37
0.0,0.0,7.54879487799e-38
0.0,0.0,2.46307876003e-37
0.0,0.0,3.72150601593e-37
0.0,0.0,5.07551559637e-37
0.0,0.0,1.89313299455e-36
0.0,0.0,8.02785858563e-37
0.0,0.0,1.04863061989e-36
0.0,0.0,6.05708236142e-37
0.0,0.0,1.26596466239e-36
0.0,0.0,6.36945506182e-37
0.0,0.0,3.81717276415e-37
0.0,0.0,1.3102031668e-36
0.0,0.0,1.39593684183e-36
0.0,0.0,4.4821293267e-36
0.0,0.0,1.0062888584e-37
0.0,0.0,2.10120048674e-37
0.0,0.0,3.54264495421e-36
0.0,0.0,3.85427674857e-38
0.0,0.0,4.37508083087e-37
0.0,0.0,4.34528809651e-37
0.0,0.0,6.54566416465e-37
0.0,0.0,6.59221464694e-37
0.0,0.0,2.44585251057e-36
0.0,0.0,6.90490303123e-37
0.0,0.0,1.39983493817e-37
0.0,0.0,3.64128178143e-37
0.0,0.0,1.58146632343e-37
0.0,0.0,1.30520881268e-36
0.0,0.0,2.42959342986e-37
0.0,0.0,2.96592399897e-37
0.0,0.0,5.23988703083e-37
0.0,0.0,3.09770484527e-37
0.0,0.0,4.09105383286e-37
0.0,0.0,1.49388619058e-37
0.0,0.0,3.77316494699e-37
0.0,0.0,3.94372407636e-37
0.0,0.0,1.23604678741e-37
0.0,0.0,6.27498963e-37
0.0,0.0,6.55514325113e-37
0.0,0.0,1.9413694442e-38
0.0,0.0,2.28763332771e-37
0.0,0.0,3.31427967437e-36
0.0,0.0,3.97325777644e-37
0.0,0.0,2.31626588468e-37
0.0,0.0,3.53661745712e-36
0.0,0.0,1.70159124498e-36
0.0,0.0,1.49196869056e-36
0.0,0.0,1.78053084042e-36
0.0,0.0,1.31226636523e-36
0.0,0.0,3.76381709024e-36
0.0,0.0,1.05642295131e-36
0.0,0.0,5.50618049671e-37
0.0,0.0,4.62871484573e-37
0.0,0.0,1.16708524839e-36
0.0,0.0,2.16257903882e-37
0.0,0.0,1.12673404785e-36
0.0,0.0,1.03336804705e-37
0.0,0.0,4.06853621472e-37
0.0,0.0,8.09773710531e-38
0.0,0.0,2.62554338489e-36
0.0,0.0,4.55992568746e-36
0.0,0.0,2.86051985301e-36
0.0,0.0,7.39038752454e-37
0.0,0.0,1.76419512731e-37
0.0,0.0,2.58050713368e-36
0.0,0.0,1.63833913097e-36
0.0,0.0,5.81914520004e-37
0.0,0.0,1.94366120156e-36
0.0,0.0,3.09732904916e-38
0.0,0.0,1.66683720502e-36
0.0,0.0,7.2545045338e-37
0.0,0.0,1.37140107743e-37
0.0,0.0,6.03671498401e-36
0.0,0.0,1.16315375716e-36
0.0,0.0,9.56281170939e-38
0.0,0.0,1.10081022872e-35
0.0,0.0,7.10015936564e-37
0.0,0.0,1.0640562045e-36
0.0,0.0,2.75577460461e-37
0.0,0.0,3.357107599e-36
0.0,0.0,1.03107921792e-36
0.0,0.0,1.06512449438e-36
0.0,0.0,4.05835464331e-39
0.0,0.0,6.21715600412e-37
0.0,0.0,1.13130564884e-36
0.0,0.0,1.13534404442e-36
0.0,0.0,3.46010102112e-37
0.0,0.0,4.67689751738e-37
0.0,0.0,2.64288518739e-36
0.0,0.0,1.71061280998e-36
0.0,0.0,4.02668868066e-37
0.0,0.0,3.02813375418e-35
0.0,0.0,2.68371243231e-36
0.0,0.0,3.00119718167e-37
0.0,0.0,4.692300345e-36
0.0,0.0,9.42912976129e-38
0.0,0.0,4.64801160675e-37
0.0,0.0,8.5341198037e-37
0.0,0.0,4.77033015501e-37
0.0,0.0,7.58378402788e-36
0.0,0.0,5.92704379592e-37
0.0,0.0,4.4257924595e-37
0.0,0.0,4.45299432198e-37
0.0,0.0,2.03506402631e-36
0.0,0.0,2.19162817264e-37
0.0,0.0,5.2399643757e-36
0.0,0.0,3.27141919087e-36
0.0,0.0,1.52453152103e-37
0.0,0.0,2.220984154e-36
0.0,0.0,5.89977455983e-37
0.0,0.0,7.83852640614e-37
0.0,0.0,3.37204924949e-36
0.0,0.0,3.10316896229e-36
0.0,0.0,3.5296255461e-36
0.0,0.0,1.887900999e-36
0.0,0.0,8.28045120503e-37
0.0,0.0,3.1169936486e-37
0.0,0.0,2.23777188511e-37
0.0,0.0,5.26112224984e-37
0.0,0.0,1.94168923077e-36
0.0,0.0,1.31057473894e-36
0.0,0.0,7.34970996024e-37
0.0,0.0,2.71728209314e-36
0.0,0.0,1.77797495277e-36
0.0,0.0,9.34502924676e-37
0.0,0.0,9.01088766949e-37
0.0,0.0,1.92694084389e-36
0.0,0.0,1.39396730015e-37
0.0,0.0,1.50071970854e-36
0.0,0.0,4.42270821224e-37
0.0,0.0,1.26611860528e-36
0.0,0.0,1.38025755606e-35
0.0,0.0,2.39736271956e-36
0.0,0.0,2.18978470088e-36
0.0,0.0,8.61186511159e-37
0.0,0.0,1.58924610391e-36
0.0,0.0,2.76938694702e-36
0.0,0.0,2.07086001326e-36
0.0,0.0,1.97916042384e-36
0.0,0.0,6.34266116017e-36
0.0,0.0,2.88053558124e-37
0.0,0.0,2.69776439179e-37
0.0,0.0,6.1854071633e-37
0.0,0.0,2.36619807225e-36
0.0,0.0,2.24482279201e-36
0.0,0.0,3.41390713078e-36
0.0,0.0,3.83446554277e-37
0.0,0.0,1.08271921821e-36
0.0,0.0,1.22918459004e-36
0.0,0.0,8.5618756681e-37
0.0,0.0,5.29012196229e-37
0.0,0.0,5.81102341361e-37
0.0,0.0,5.24902964139e-37
0.0,0.0,5.46040360229e-36
0.0,0.0,4.82123891048e-36
0.0,0.0,4.13727204149e-37
0.0,0.0,2.11186357752e-37
0.0,0.0,1.34003109211e-36
0.0,0.0,1.03164512631e-37
0.0,0.0,9.37609989033e-37
0.0,0.0,5.60191819783e-37
0.0,0.0,2.56228388309e-36
0.0,0.0,6.79449231375e-37
0.0,0.0,5.71167071982e-36
0.0,0.0,1.88398314892e-36
0.0,0.0,9.60316961618e-37
0.0,0.0,2.34763039786e-36
0.0,0.0,3.76534640989e-37
0.0,0.0,3.06756220329e-37
0.0,0.0,1.29490176082e-36
0.0,0.0,1.50570596947e-36
0.0,0.0,3.80628421168e-36
0.0,0.0,8.05585696697e-37
0.0,0.0,7.16483410851e-38
0.0,0.0,9.33810423754e-37
0.0,0.0,1.02321537519e-36
0.0,0.0,1.35742808857e-36
0.0,0.0,7.73514851077e-37
0.0,0.0,3.30775264034e-37
0.0,0.0,1.53485233318e-36
0.0,0.0,7.67674344109e-37
0.0,0.0,6.19478090176e-37
0.0,0.0,3.79323068417e-36
0.0,0.0,8.67105454392e-37
0.0,0.0,1.12590338313e-37
0.0,0.0,1.15276213371e-36
0.0,0.0,6.03463466793e-37
0.0,0.0,2.83530546177e-37
0.0,0.0,1.80567015342e-36
0.0,0.0,7.90409624817e-37
0.0,0.0,7.29737718502e-37
0.0,0.0,3.70632635657e-37
0.0,0.0,3.83908449614e-36
0.0,0.0,1.38797709284e-37
0.0,0.0,3.46933662102e-36
0.0,0.0,6.53305981194e-37
0.0,0.0,3.95077472594e-37
0.0,0.0,2.70355413366e-36
0.0,0.0,9.74018217001e-37
0.0,0.0,2.59212244466e-37
0.0,0.0,4.86580317003e-36
0.0,0.0,1.81070256642e-36
0.0,0.0,2.39694521451e-36
0.0,0.0,7.29157469344e-37
0.0,0.0,3.98406071051e-37
0.0,0.0,8.12460193414e-36
0.0,0.0,4.45671945174e-37
0.0,0.0,1.40604750881e-38
0.0,0.0,3.94948109005e-38
0.0,0.0,7.09908212046e-36
0.0,0.0,1.18859023783e-36
0.0,0.0,1.57166486793e-36
0.0,0.0,2.5291755736e-36
0.0,0.0,6.78634712866e-37
0.0,0.0,1.69436443603e-36
0.0,0.0,1.43075589271e-37
0.0,0.0,4.39827281359e-37
0.0,0.0,4.49650947591e-36
0.0,0.0,9.39538386572e-37
0.0,0.0,1.45224318626e-37
0.0,0.0,2.52491695981e-37
0.0,0.0,5.41626800684e-37
0.0,0.0,7.83610482116e-37
0.0,0.0,9.07942093162e-38
0.0,0.0,8.68248803765e-37
0.0,0.0,9.80454769511e-37
0.0,0.0,4.95410959587e-37
0.0,0.0,2.5072343663e-36
0.0,0.0,1.25624194244e-36
0.0,0.0,6.03725671714e-37
0.0,0.0,1.86396824237e-36
0.0,0.0,7.68737757762e-38
0.0,0.0,1.88125203837e-37
0.0,0.0,7.73653242492e-37
0.0,0.0,1.09257533898e-36
0.0,0.0,1.43452660147e-36
0.0,0.0,6.17265960967e-37
0.0,0.0,2.91002890478e-37
0.0,0.0,5.51624081003e-37
0.0,0.0,3.90805779078e-36
0.0,0.0,2.38995159391e-36
0.0,0.0,3.05344687065e-37
0.0,0.0,1.34074785421e-37
0.0,0.0,6.77361519456e-37
0.0,0.0,3.8605165739e-38
0.0,0.0,2.67257546623e-36
0.0,0.0,1.00077908905e-36
0.0,0.0,7.59875366455e-37
0.0,0.0,4.06668075318e-38
0.0,0.0,3.51073318022e-36
0.0,0.0,8.26720813969e-37
0.0,0.0,4.68699704695e-37
0.0,0.0,8.44593653832e-37
0.0,0.0,1.387261854e-36
0.0,0.0,2.27150941246e-36
0.0,0.0,2.92468457015e-37
0.0,0.0,7.09925585918e-37
0.0,0.0,1.59793081476e-36
0.0,0.0,3.24973505485e-36
0.0,0.0,2.81428972859e-37
0.0,0.0,1.80328220154e-37
0.0,0.0,4.83705607811e-37
0.0,0.0,4.49905708311e-36
0.0,0.0,1.97549085295e-36
0.0,0.0,1.24779786954e-37
0.0,0.0,6.72158898369e-36
0.0,0.0,7.29752166057e-38
0.0,0.0,9.88337882109e-38
0.0,0.0,1.02338274732e-36
0.0,0.0,1.90363842112e-37
0.0,0.0,4.11717678691e-37
0.0,0.0,6.90269520427e-37
0.0,0.0,8.39994371047e-37
0.0,0.0,1.28931698403e-34
0.0,0.0,1.40244490728e-36
0.0,0.0,2.08314732384e-36
0.0,0.0,1.16970351963e-37
0.0,0.0,4.20119487743e-37
0.0,0.0,5.96052263081e-37
0.0,0.0,3.57947127662e-36
0.0,0.0,1.72308272001e-36
0.0,0.0,9.36780310881e-36
0.0,0.0,4.79640165365e-36
0.0,0.0,5.60405407883e-36
0.0,0.0,7.44058365235e-37
0.0,0.0,1.45904680183e-37
0.0,0.0,7.06610014687e-36
0.0,0.0,3.68228137613e-37
0.0,0.0,7.54700984738e-37
0.0,0.0,4.58476253696e-36
0.0,0.0,3.88942053941e-37
0.0,0.0,1.61216074015e-36
0.0,0.0,2.0792173278e-36
0.0,0.0,5.96753789661e-38
0.0,0.0,2.35317175366e-36
0.0,0.0,1.11243426441e-36
0.0,0.0,8.02667528724e-37
0.0,0.0,2.31679458263e-36
0.0,0.0,6.99992582477e-36
0.0,0.0,1.35182906924e-37
0.0,0.0,8.5109284815e-37
0.0,0.0,1.14730985635e-36
0.0,0.0,5.18947027182e-36
0.0,0.0,6.80707112821e-37
0.0,0.0,1.48355749039e-36
0.0,0.0,1.52860837387e-36
0.0,0.0,5.06483822965e-36
0.0,0.0,3.26720542835e-36
0.0,0.0,1.04131231962e-36
0.0,0.0,4.42203885479e-37
0.0,0.0,2.96598387179e-38
0.0,0.0,4.48940097033e-37
0.0,0.0,3.47214315273e-37
0.0,0.0,5.29866641341e-37
0.0,0.0,2.06616176443e-37
0.0,0.0,1.12583233186e-37
0.0,0.0,6.33687238966e-37
0.0,0.0,6.34647161899e-38
0.0,0.0,6.07015537122e-37
0.0,0.0,9.08257745768e-37
0.0,0.0,1.5594654759e-37
0.0,0.0,4.81031591776e-37
0.0,0.0,9.92338284416e-37
0.0,0.0,1.56058553669e-36
0.0,0.0,2.00323806714e-37
0.0,0.0,4.47301187061e-37
0.0,0.0,7.98485207821e-37
0.0,0.0,1.21693930068e-36
0.0,0.0,1.50677776717e-36
0.0,0.0,1.87819221986e-38
0.0,0.0,2.72010119758e-38
0.0,0.0,5.33548187212e-37
0.0,0.0,6.70729441436e-37
0.0,0.0,6.92606378755e-37
0.0,0.0,3.33936899256e-37
0.0,0.0,4.92462390602e-37
0.0,0.0,9.40739469988e-38
0.0,0.0,4.38302305858e-37
0.0,0.0,9.51664655448e-37
0.0,0.0,1.07339692422e-36
0.0,0.0,8.37712842674e-37
0.0,0.0,1.96886392695e-36
0.0,0.0,6.16571854711e-37
0.0,0.0,7.60848314101e-37
0.0,0.0,4.9688377285e-38
0.0,0.0,6.31873896189e-38
0.0,0.0,6.8090656704e-37
0.0,0.0,2.38728892827e-37
0.0,0.0,4.7490874263e-36
0.0,0.0,9.60701778311e-38
0.0,0.0,2.1663449869e-37
0.0,0.0,2.22641102118e-36
0.0,0.0,1.11612593124e-36
0.0,0.0,8.43167217676e-37
0.0,0.0,6.14454144068e-38
0.0,0.0,4.7182423466e-37
0.0,0.0,4.23391041358e-36
0.0,0.0,9.72453618856e-37
0.0,0.0,3.37769786764e-37
0.0,0.0,7.58418134898e-36
0.0,0.0,3.91696912661e-36
0.0,0.0,5.16328739076e-37
0.0,0.0,1.79000199863e-37
0.0,0.0,7.10979598058e-37
0.0,0.0,6.96787173476e-37
0.0,0.0,6.60833322004e-37
0.0,0.0,9.28065978722e-37
0.0,0.0,2.61104041044e-37
0.0,0.0,1.86734166531e-37
0.0,0.0,3.36055703032e-36
0.0,0.0,3.06778395781e-37
0.0,0.0,8.89602918397e-37
0.0,0.0,4.53514841545e-37
0.0,0.0,3.25075202673e-37
0.0,0.0,8.11408100129e-37
0.0,0.0,2.64408673251e-37
0.0,0.0,4.13260146663e-37
0.0,0.0,2.29082247272e-36
0.0,0.0,1.84729782925e-37
0.0,0.0,1.21833425543e-36
0.0,0.0,3.31813017037e-37
0.0,0.0,1.63688421316e-37
0.0,0.0,2.77050823551e-37
0.0,0.0,2.38679329911e-37
0.0,0.0,1.5490134947e-37
0.0,0.0,1.26760642895e-38
0.0,0.0,5.49122955819e-38
0.0,0.0,1.46070679671e-37
0.0,0.0,1.89195183035e-37
0.0,0.0,1.46480860517e-37
0.0,0.0,5.68842712091e-37
0.0,0.0,1.31027253293e-36
0.0,0.0,2.99321076106e-37
0.0,0.0,1.76663468953e-37
0.0,0.0,6.35432086912e-37
0.0,0.0,1.29073293528e-36
0.0,0.0,1.84190243643e-37
0.0,0.0,1.35822502269e-37
0.0,0.0,3.07254361922e-37
0.0,0.0,1.76699792842e-35
0.0,0.0,2.39610325312e-38
0.0,0.0,1.28839718642e-36
0.0,0.0,3.49825226861e-36
0.0,0.0,1.84730885786e-36
0.0,0.0,1.72070645668e-36
0.0,0.0,1.10212792317e-37
0.0,0.0,2.14011384845e-37
0.0,0.0,1.30271928358e-36
0.0,0.0,1.06206247711e-36
0.0,0.0,3.32691998866e-36
0.0,0.0,2.4675092086e-37
0.0,0.0,5.56340885477e-37
0.0,0.0,6.45058779703e-37
0.0,0.0,2.9162071933e-36
0.0,0.0,8.45901088072e-37
0.0,0.0,1.74326008555e-37
0.0,0.0,3.24822730899e-37
0.0,0.0,2.33968978828e-36
0.0,0.0,1.26036322947e-36
0.0,0.0,1.29691572854e-37
0.0,0.0,5.51273712277e-37
0.0,0.0,9.11641620747e-38
0.0,0.0,7.47696284329e-37
0.0,0.0,8.26090989385e-37
0.0,0.0,8.47815735025e-38
0.0,0.0,2.78587904326e-37
0.0,0.0,5.88471026629e-37
0.0,0.0,1.71572072053e-37
0.0,0.0,1.97079390647e-37
0.0,0.0,8.35505052967e-38
0.0,0.0,2.82909160168e-37
