1.0,0.0,6.66410439713e-12
1.0,1.0,0.999958949299
1.0,1.0,0.992802795539
1.0,1.0,1.0
1.0,1.0,0.983281655954
1.0,0.0,3.7295381849e-05
1.0,0.0,2.46411626078e-07
1.0,0.0,0.0105915709161
1.0,0.0,1.28928778293e-07
1.0,0.0,0.167841685531
1.0,0.0,9.29660409414e-07
1.0,0.0,1.63431382273e-10
1.0,0.0,1.40665484364e-05
1.0,0.0,0.177883187714
1.0,0.0,3.2457108627e-06
1.0,1.0,0.999948077537
1.0,1.0,0.999999984979
1.0,0.0,6.9490522943e-09
1.0,0.0,8.86234261824e-16
1.0,0.0,3.08640980898e-06
1.0,0.0,1.8870585117e-08
1.0,1.0,0.960499947292
1.0,0.0,0.292297929165
1.0,1.0,0.81774938365
1.0,0.0,2.16029189599e-05
1.0,0.0,0.00047534108012
1.0,0.0,8.66936689123e-12
1.0,1.0,0.66119552365
1.0,0.0,3.77184728436e-09
1.0,1.0,1.0
1.0,1.0,0.712003111327
1.0,0.0,8.6403237465e-07
1.0,0.0,2.20448946614e-09
1.0,0.0,4.82298214815e-11
1.0,0.0,0.000156269655414
1.0,0.0,0.446133704033
1.0,1.0,0.917644942177
1.0,0.0,2.81484807087e-09
1.0,1.0,1.0
1.0,1.0,0.99999992825
1.0,0.0,7.71830916145e-06
1.0,1.0,0.999999999994
1.0,0.0,0.00327184665143
1.0,0.0,0.000226384617429
1.0,1.0,0.999999978864
1.0,1.0,0.999999293497
1.0,0.0,0.045356151724
1.0,1.0,1.0
1.0,0.0,0.0211480823469
1.0,0.0,5.88185938793e-06
1.0,1.0,0.989709351611
1.0,1.0,0.972013601142
1.0,0.0,6.22031462984e-08
1.0,0.0,0.00137010894784
1.0,0.0,0.00297292233463
1.0,0.0,1.96744307944e-06
1.0,0.0,0.0471095368819
1.0,1.0,0.677859756004
1.0,0.0,0.00106406220053
1.0,0.0,4.23669208511e-09
1.0,1.0,1.0
1.0,0.0,0.00988925251493
1.0,1.0,0.980720720805
1.0,1.0,1.0
1.0,1.0,1.0
1.0,1.0,0.99998844428
1.0,1.0,1.0
1.0,0.0,1.75634371483e-12
1.0,0.0,1.55314824087e-11
1.0,1.0,0.836567225954
1.0,0.0,3.24404893726e-08
1.0,1.0,0.999999906755
1.0,0.0,0.000289249851758
1.0,0.0,0.0127378240218
1.0,1.0,0.999999999996
1.0,0.0,0.362054616535
1.0,1.0,1.0
1.0,0.0,9.59703787929e-07
1.0,0.0,2.36621357925e-06
1.0,0.0,2.64401717169e-12
1.0,1.0,0.727347719633
1.0,1.0,1.0
1.0,1.0,0.973993806443
1.0,1.0,0.989184483548
1.0,1.0,0.999867613248
1.0,0.0,3.39678218295e-05
1.0,1.0,1.0
1.0,1.0,1.0
1.0,0.0,0.0436005521599
1.0,0.0,2.11824226541e-07
1.0,0.0,4.41387899607e-10
1.0,1.0,1.0
1.0,1.0,0.999999841564
1.0,1.0,0.996503879033
1.0,1.0,1.0
1.0,1.0,1.0
1.0,1.0,1.0
1.0,0.0,0.00068675100947
1.0,0.0,0.0140511001223
1.0,0.0,7.07045243968e-09
1.0,1.0,1.0
1.0,1.0,1.0
1.0,1.0,0.999996113937
1.0,0.0,0.000100804704287
1.0,0.0,7.9136757776e-08
1.0,1.0,0.999999999509
1.0,1.0,0.999990519946
1.0,0.0,7.10477574724e-05
1.0,1.0,0.756517779088
1.0,1.0,0.999301184631
1.0,1.0,1.0
1.0,1.0,1.0
1.0,0.0,4.51245119346e-06
1.0,1.0,0.999997674345
1.0,0.0,1.05627590812e-09
1.0,1.0,0.999999999981
1.0,1.0,0.999411556011
1.0,0.0,1.05929780266e-10
1.0,1.0,0.999980541023
1.0,1.0,1.0
1.0,1.0,1.0
1.0,1.0,0.997569088884
1.0,1.0,0.999682078184
1.0,0.0,0.000188709628358
1.0,1.0,0.999999999987
1.0,1.0,1.0
1.0,1.0,1.0
1.0,0.0,3.75416540396e-08
1.0,1.0,0.999844456013
1.0,0.0,0.118105784762
1.0,1.0,0.999999999848
1.0,1.0,1.0
1.0,1.0,0.999999996575
1.0,0.0,2.26996168328e-06
1.0,0.0,2.87313710686e-12
1.0,1.0,1.0
1.0,0.0,1.9561613099e-06
1.0,1.0,0.873067968
1.0,0.0,6.3051620705e-05
1.0,0.0,0.0181065632037
1.0,1.0,0.984490231461
1.0,0.0,7.49399667832e-05
1.0,0.0,6.83351301545e-13
1.0,0.0,2.91891389271e-06
1.0,1.0,0.999946021561
1.0,1.0,0.999921670404
1.0,0.0,4.1843663811e-12
1.0,1.0,0.680671182675
1.0,1.0,0.995447201864
1.0,0.0,0.0671635671758
1.0,0.0,7.87963099696e-11
1.0,0.0,1.80982598197e-11
1.0,0.0,0.141609293233
1.0,0.0,3.47117011789e-07
1.0,1.0,0.709924140885
1.0,1.0,1.0
1.0,0.0,2.30790135941e-06
1.0,0.0,1.73325315709e-11
1.0,0.0,0.00623037467175
1.0,0.0,5.10483226509e-07
1.0,0.0,1.91268873725e-10
1.0,1.0,0.999198933914
1.0,0.0,3.34479409747e-09
1.0,1.0,0.999999999992
1.0,0.0,7.89376738215e-06
1.0,0.0,4.58656266504e-11
1.0,0.0,1.08765961448e-05
1.0,0.0,7.58295836634e-06
1.0,1.0,0.999936831417
1.0,1.0,0.989390417884
1.0,0.0,0.00233286625879
1.0,0.0,2.09205519192e-11
1.0,1.0,1.0
1.0,0.0,0.000957067008829
1.0,0.0,1.41450010743e-07
1.0,1.0,1.0
1.0,0.0,0.000605305382066
1.0,1.0,0.999982484727
1.0,0.0,1.18312413765e-07
1.0,0.0,8.42173822416e-12
1.0,0.0,2.11047641498e-07
1.0,0.0,1.67076953071e-06
1.0,0.0,1.88326313583e-05
1.0,1.0,0.999990261133
1.0,0.0,0.341717662254
1.0,0.0,2.20792548548e-09
1.0,1.0,0.999999993143
1.0,0.0,1.29189392563e-08
1.0,0.0,1.42848887185e-09
1.0,1.0,1.0
1.0,0.0,0.00288325958961
1.0,0.0,0.203492655565
1.0,0.0,0.00128426117033
1.0,0.0,0.017539635055
1.0,1.0,0.998952811546
1.0,0.0,0.00021468837103
1.0,1.0,1.0
1.0,0.0,1.87045663654e-10
1.0,1.0,0.800959089257
1.0,1.0,1.0
1.0,0.0,0.0105529230871
1.0,0.0,7.85364004985e-05
1.0,1.0,0.999999982249
1.0,0.0,2.97132111067e-11
1.0,0.0,1.16417887162e-05
1.0,1.0,0.999999852301
1.0,0.0,0.00012285209981
1.0,0.0,0.0006330346297
1.0,0.0,1.2632720861e-09
1.0,1.0,0.999999999967
1.0,1.0,1.0
1.0,0.0,3.96380540014e-06
1.0,1.0,0.999999999987
1.0,1.0,1.0
1.0,1.0,0.99999999995
1.0,1.0,0.999999836011
1.0,1.0,0.999989117867
1.0,1.0,0.761593861035
1.0,0.0,0.00283834176896
1.0,1.0,0.760976125473
1.0,0.0,0.102466144391
1.0,0.0,1.3565828153e-07
1.0,1.0,0.962533606167
1.0,0.0,5.22838552755e-05
1.0,0.0,6.0425276098e-09
1.0,1.0,0.999999999999
1.0,1.0,0.999989898597
1.0,0.0,0.0311527831177
1.0,0.0,8.28228167572e-06
1.0,0.0,0.000125856329394
1.0,0.0,0.0010115354473
1.0,0.0,9.87100791389e-09
1.0,0.0,6.1493634057e-06
1.0,1.0,0.999885492609
1.0,1.0,0.872962906711
1.0,0.0,4.24907360677e-07
1.0,0.0,1.47387975216e-07
1.0,0.0,0.00934323676594
1.0,1.0,0.999901052195
1.0,1.0,1.0
1.0,1.0,0.881105889192
1.0,1.0,0.998877678382
1.0,0.0,2.14204257729e-07
1.0,1.0,0.999999999403
1.0,0.0,0.106901089478
1.0,1.0,1.0
1.0,0.0,0.0016779236413
1.0,0.0,0.017917171198
1.0,0.0,5.23990796745e-13
1.0,0.0,0.348161820667
1.0,1.0,0.999659555843
1.0,1.0,1.0
1.0,1.0,0.999999999999
1.0,1.0,0.999999999935
1.0,0.0,3.85435379265e-09
1.0,1.0,1.0
1.0,1.0,0.939800785596
1.0,0.0,0.0178281276398
1.0,1.0,0.985778758295
1.0,0.0,2.13246245358e-06
1.0,0.0,9.79376445312e-12
1.0,0.0,1.93141193024e-08
1.0,0.0,7.02937662367e-07
1.0,0.0,0.0341818044108
1.0,0.0,6.18794433254e-07
1.0,0.0,0.0077439626337
1.0,0.0,1.01727653637e-08
1.0,1.0,1.0
1.0,1.0,1.0
1.0,0.0,1.20480776687e-07
1.0,0.0,1.90811114853e-12
1.0,1.0,1.0
1.0,1.0,0.999999344368
1.0,1.0,0.999999999997
1.0,1.0,0.563809800136
1.0,0.0,3.91904427395e-06
1.0,0.0,0.0250518874448
1.0,1.0,1.0
1.0,1.0,0.999915244088
1.0,1.0,0.985206467123
1.0,1.0,1.0
1.0,0.0,8.74941050308e-08
1.0,0.0,0.00160819400706
1.0,1.0,0.999997459145
1.0,1.0,0.999999551471
1.0,0.0,0.000974706763497
1.0,1.0,0.999999999309
1.0,0.0,1.3499105598e-07
1.0,1.0,0.99999999994
1.0,1.0,0.994390223723
1.0,1.0,1.0
1.0,0.0,1.48175630287e-11
1.0,0.0,0.456536633092
1.0,0.0,7.01279700544e-12
1.0,0.0,8.14856881085e-12
1.0,0.0,4.71132195581e-11
1.0,1.0,1.0
1.0,1.0,0.97795155537
1.0,1.0,0.980031491627
1.0,0.0,5.72760299927e-06
1.0,0.0,0.000307627231281
1.0,1.0,1.0
1.0,1.0,1.0
1.0,0.0,3.06057191747e-07
1.0,1.0,0.981199752559
1.0,0.0,2.34220407637e-10
1.0,0.0,0.000564189990764
1.0,0.0,4.84051322149e-05
1.0,0.0,8.4124044081e-06
1.0,1.0,0.968278133398
1.0,0.0,2.19037012776e-05
1.0,1.0,0.999994518717
1.0,1.0,0.972617605095
1.0,0.0,8.65777781182e-08
1.0,0.0,5.03338139839e-15
1.0,0.0,0.000429085149739
1.0,0.0,1.56118280979e-09
1.0,0.0,3.41953690441e-08
1.0,0.0,7.30402461389e-05
1.0,0.0,4.93857694694e-13
1.0,0.0,6.65491506496e-15
1.0,1.0,0.999385895295
1.0,0.0,3.62312535348e-10
1.0,0.0,3.20930470868e-07
1.0,1.0,0.819359233098
1.0,0.0,0.000998043865438
1.0,1.0,1.0
1.0,1.0,0.999999999876
1.0,0.0,5.858568763e-16
1.0,0.0,6.33607560936e-09
1.0,0.0,7.76505983223e-12
1.0,0.0,5.50250829801e-11
1.0,0.0,8.01213988751e-11
1.0,0.0,1.62632852386e-11
1.0,1.0,1.0
1.0,1.0,1.0
1.0,0.0,0.000685135619681
1.0,1.0,0.996895466229
1.0,1.0,0.999990273807
1.0,0.0,2.70112838497e-09
1.0,0.0,5.57556586698e-07
1.0,0.0,0.00269590033473
1.0,1.0,0.99999996832
1.0,1.0,1.0
1.0,0.0,0.0378660320493
1.0,0.0,0.00145625656765
1.0,1.0,0.99999915891
1.0,1.0,1.0
1.0,0.0,3.14436839819e-10
1.0,1.0,0.983282996876
1.0,0.0,0.0368871774833
1.0,0.0,2.38514196239e-08
1.0,1.0,0.999980126427
1.0,0.0,7.19707604111e-06
1.0,0.0,1.99790287823e-06
1.0,1.0,1.0
1.0,1.0,1.0
1.0,0.0,5.14454414823e-09
1.0,1.0,0.999717038187
1.0,1.0,0.918791815825
1.0,0.0,1.05650196547e-07
1.0,0.0,1.91111017506e-12
1.0,0.0,7.08260136847e-06
1.0,0.0,0.000158698190295
1.0,0.0,0.00917372259274
1.0,0.0,0.000201400146867
1.0,0.0,1.79723104488e-14
1.0,0.0,4.23551407618e-10
1.0,1.0,1.0
1.0,0.0,0.00854545625266
1.0,0.0,4.52598842983e-07
1.0,1.0,0.973214266895
1.0,0.0,3.45695391371e-06
1.0,0.0,2.21871305205e-13
1.0,1.0,0.999999608984
1.0,0.0,0.0338201294909
1.0,0.0,0.00127355002437
1.0,1.0,1.0
1.0,1.0,0.547560771971
1.0,0.0,0.000411067280913
1.0,0.0,0.000304634380677
1.0,1.0,0.516620594554
1.0,0.0,7.00545313036e-15
1.0,0.0,3.63837272403e-07
1.0,1.0,0.708555463708
1.0,0.0,3.08051283041e-09
1.0,0.0,1.80714242152e-06
1.0,1.0,0.999796622138
1.0,0.0,0.00264245381208
1.0,1.0,0.999997182253
1.0,0.0,2.25145559606e-08
1.0,0.0,0.232681361744
1.0,0.0,3.4771051725e-18
1.0,1.0,1.0
1.0,0.0,2.83275243244e-09
1.0,0.0,0.151551109296
1.0,1.0,1.0
1.0,0.0,1.59438597344e-06
1.0,0.0,0.000100278911067
1.0,0.0,0.0818898858176
1.0,0.0,8.11622472558e-08
1.0,0.0,1.9678480111e-05
1.0,1.0,0.999989658573
1.0,0.0,4.87759461673e-05
1.0,1.0,1.0
1.0,0.0,2.22122238373e-09
1.0,0.0,3.59198996416e-14
1.0,0.0,0.00262292098422
1.0,1.0,0.999825097025
1.0,1.0,1.0
1.0,0.0,3.99312491504e-08
1.0,0.0,0.12323571859
1.0,0.0,0.00120419465946
1.0,0.0,4.55575075976e-14
1.0,0.0,1.42489466919e-05
1.0,0.0,2.76514079771e-10
1.0,0.0,0.0149974460983
1.0,0.0,2.1519609168e-08
1.0,1.0,0.999999513494
1.0,0.0,6.3398733111e-10
1.0,1.0,1.0
1.0,0.0,1.65613354581e-11
1.0,0.0,0.0314569977045
1.0,0.0,6.03125910739e-06
1.0,1.0,1.0
1.0,0.0,6.68304049192e-09
1.0,0.0,0.0385801122071
1.0,1.0,1.0
1.0,0.0,1.12728239273e-10
1.0,0.0,1.41705498133e-05
1.0,0.0,3.15236537606e-05
1.0,1.0,0.706431688838
1.0,0.0,8.49844198356e-06
1.0,0.0,6.75059940731e-13
1.0,0.0,1.26125940445e-09
1.0,0.0,0.0118093907066
1.0,1.0,0.999991142086
1.0,1.0,1.0
1.0,0.0,0.0229538774758
1.0,0.0,4.08869349738e-10
1.0,1.0,0.999953656452
1.0,1.0,0.972652992045
1.0,0.0,2.68508424416e-08
1.0,0.0,0.000115248363475
1.0,0.0,3.73256109045e-06
1.0,1.0,0.993486787789
1.0,1.0,1.0
1.0,0.0,1.78274742422e-05
1.0,1.0,1.0
1.0,0.0,0.000255684852492
1.0,0.0,5.58800362741e-13
1.0,1.0,0.999999611421
1.0,0.0,1.84773577865e-09
1.0,0.0,3.05617777754e-09
1.0,0.0,1.7739269131e-11
1.0,0.0,9.55022017993e-13
1.0,1.0,1.0
1.0,1.0,0.99999788794
1.0,0.0,0.00128670904617
1.0,0.0,1.08755407449e-06
1.0,0.0,1.18971490393e-05
1.0,0.0,4.11789689192e-10
1.0,0.0,0.0477931939259
1.0,1.0,1.0
1.0,0.0,0.000853291910202
1.0,0.0,5.02989140255e-12
1.0,1.0,0.999977869312
1.0,0.0,0.00194623702201
1.0,0.0,0.00985474506251
1.0,0.0,3.82216731333e-13
1.0,0.0,5.78938839774e-10
1.0,1.0,0.998797766489
1.0,0.0,0.0102615692018
1.0,0.0,5.83346734621e-08
1.0,0.0,0.0294006412827
1.0,0.0,3.60110602992e-06
1.0,1.0,0.999998791356
1.0,0.0,0.00278003553437
1.0,1.0,0.713520421185
1.0,0.0,0.000278862510262
1.0,0.0,8.7050714143e-05
1.0,0.0,5.21856746501e-09
1.0,0.0,4.12764207628e-07
1.0,0.0,8.89188168567e-05
1.0,1.0,0.999999925527
1.0,0.0,0.00104333689066
1.0,0.0,0.0355896117803
1.0,0.0,2.19047239198e-09
1.0,0.0,0.427664181609
1.0,0.0,1.22971537038e-09
1.0,0.0,3.59811390691e-12
1.0,1.0,1.0
1.0,1.0,1.0
1.0,1.0,0.999938005792
1.0,0.0,0.00425687320514
1.0,0.0,1.81178685192e-06
1.0,1.0,0.976513231217
1.0,0.0,0.000572186724289
1.0,0.0,0.000174865257672
1.0,0.0,4.48184350847e-13
1.0,1.0,1.0
1.0,0.0,7.89936890495e-08
1.0,0.0,0.0145517687025
1.0,1.0,1.0
1.0,0.0,2.17180214529e-07
1.0,0.0,3.04033575151e-09
1.0,0.0,0.00137492304148
1.0,0.0,0.439226487653
1.0,0.0,0.0135105604395
1.0,0.0,0.0440570479045
1.0,1.0,0.999999738464
1.0,1.0,0.975251377046
1.0,1.0,0.992573743329
1.0,1.0,0.999999999293
1.0,0.0,3.4796723486e-13
1.0,0.0,1.29897984696e-08
1.0,1.0,0.999999975779
1.0,0.0,5.37470231375e-08
1.0,0.0,2.5293729282e-07
1.0,0.0,0.0678533385792
1.0,1.0,1.0
1.0,1.0,1.0
1.0,0.0,1.65188519903e-06
1.0,0.0,6.24265999202e-07
1.0,0.0,0.00153454294563
1.0,0.0,1.78072644842e-06
1.0,0.0,9.01815673433e-08
1.0,1.0,1.0
1.0,0.0,5.60494965758e-05
1.0,0.0,0.00062772933663
1.0,0.0,7.66003138729e-09
1.0,0.0,8.15767046201e-05
1.0,0.0,1.48405107292e-05
1.0,1.0,0.965993128273
1.0,0.0,1.35701948304e-05
1.0,1.0,0.998098535611
1.0,1.0,0.996368312116
1.0,1.0,1.0
1.0,1.0,0.999693678238
1.0,0.0,4.00082924592e-06
1.0,0.0,0.0804144673931
1.0,0.0,0.000219442194197
1.0,1.0,1.0
1.0,1.0,0.999731428885
1.0,0.0,5.22385903999e-06
1.0,1.0,1.0
1.0,0.0,1.63110826788e-07
1.0,1.0,0.995542895518
1.0,0.0,7.7504252317e-14
1.0,0.0,1.82805704525e-12
1.0,0.0,1.31911031834e-10
1.0,0.0,1.33033237391e-08
1.0,1.0,1.0
1.0,1.0,0.999999999779
1.0,0.0,1.27321780015e-11
1.0,1.0,0.9999998492
1.0,1.0,0.999999999243
1.0,0.0,0.00833863345227
1.0,1.0,0.999999999668
1.0,1.0,0.999967717649
1.0,1.0,0.874235712932
1.0,1.0,0.999985702732
1.0,1.0,1.0
1.0,0.0,8.86164655351e-07
1.0,0.0,8.50771914632e-06
1.0,0.0,5.88014841829e-12
1.0,1.0,0.999562463731
1.0,0.0,3.88473237438e-11
1.0,0.0,2.1208657955e-08
1.0,1.0,1.0
1.0,0.0,5.2812418776e-09
1.0,0.0,3.71376344588e-11
1.0,1.0,1.0
1.0,1.0,0.999996960286
1.0,0.0,6.01724014846e-06
1.0,0.0,0.0314130516466
1.0,0.0,3.56446622015e-05
1.0,0.0,2.92138818589e-05
1.0,0.0,3.43397152097e-09
1.0,0.0,0.00164537717044
1.0,0.0,0.371389049811
1.0,0.0,1.84547973676e-11
1.0,1.0,1.0
1.0,0.0,1.28174315729e-13
1.0,1.0,0.999999999996
1.0,1.0,0.999967637602
1.0,1.0,0.999990386675
1.0,0.0,0.327806490012
1.0,1.0,1.0
1.0,1.0,0.982523239147
1.0,0.0,0.000296731531069
1.0,0.0,6.13208527738e-08
1.0,0.0,2.10919471635e-08
1.0,0.0,4.63789388986e-05
1.0,1.0,0.999999999997
1.0,0.0,4.49877554591e-05
1.0,0.0,2.00866174926e-10
1.0,1.0,1.0
1.0,1.0,1.0
1.0,1.0,1.0
1.0,1.0,0.50692806833
1.0,0.0,8.43818052064e-09
1.0,0.0,0.000854382875439
1.0,1.0,0.999996887204
1.0,0.0,9.06295371566e-13
1.0,0.0,1.601291609e-12
1.0,1.0,1.0
1.0,0.0,4.30191106788e-07
1.0,0.0,0.0549213963582
1.0,1.0,1.0
1.0,1.0,0.999999999999
1.0,1.0,0.984097804384
1.0,0.0,6.02233173133e-07
1.0,0.0,0.000157296314988
1.0,0.0,1.42402706823e-07
1.0,0.0,1.01213893077e-08
1.0,1.0,0.97965138912
1.0,0.0,0.293692953037
1.0,1.0,0.99999399394
1.0,0.0,1.70986136054e-08
1.0,1.0,0.999999989684
1.0,1.0,1.0
1.0,0.0,2.62662016826e-08
1.0,1.0,0.999999005987
1.0,1.0,1.0
1.0,0.0,8.54750701014e-08
1.0,1.0,0.999999730671
1.0,1.0,0.999973390785
1.0,1.0,1.0
1.0,1.0,1.0
1.0,1.0,0.999999998539
1.0,0.0,0.0045908489168
1.0,0.0,0.00135850043889
1.0,0.0,5.53503529118e-09
1.0,0.0,0.000487156995119
1.0,1.0,0.978376467255
1.0,0.0,1.09241263501e-10
1.0,1.0,0.999999999785
1.0,1.0,0.999050907065
1.0,1.0,0.996542973032
1.0,0.0,1.27730606876e-06
1.0,0.0,0.00351651002586
1.0,1.0,0.998419136461
1.0,1.0,1.0
1.0,1.0,0.79346405366
1.0,1.0,1.0
1.0,1.0,1.0
1.0,0.0,2.78612545869e-09
1.0,0.0,7.3963355751e-10
1.0,1.0,0.999998904749
1.0,0.0,0.00101215804067
1.0,0.0,1.05680355932e-11
1.0,1.0,0.982965258743
1.0,1.0,1.0
1.0,0.0,1.14503854418e-11
1.0,1.0,0.999999999695
1.0,0.0,0.000103029907032
1.0,1.0,0.999999999936
1.0,1.0,0.859053712413
1.0,1.0,0.999994505805
1.0,1.0,1.0
1.0,1.0,0.999999999997
1.0,1.0,0.999999817136
1.0,1.0,0.846332141446
1.0,1.0,1.0
1.0,0.0,2.88130766112e-09
1.0,0.0,0.077956654165
1.0,1.0,0.999999999966
1.0,0.0,1.26624971278e-08
1.0,0.0,2.95303336888e-11
1.0,0.0,8.81400003635e-07
1.0,0.0,2.78926643735e-10
1.0,0.0,1.30509777966e-12
1.0,0.0,0.0899030634063
1.0,1.0,0.999101646995
1.0,0.0,0.00306134670468
1.0,0.0,1.01972380556e-07
1.0,0.0,0.0457999962268
1.0,0.0,6.43464964409e-06
1.0,1.0,0.952067685585
1.0,1.0,0.999997580311
1.0,0.0,1.44461075171e-14
1.0,0.0,8.57313007846e-05
1.0,0.0,6.22724387733e-09
1.0,1.0,1.0
1.0,0.0,6.33696036124e-07
1.0,1.0,0.99999999995
1.0,0.0,3.92767608578e-10
1.0,0.0,2.59650188606e-10
1.0,0.0,0.037060421421
1.0,0.0,8.8953680051e-07
1.0,1.0,0.952997386181
1.0,1.0,0.999999999182
1.0,0.0,1.56711161604e-08
1.0,1.0,1.0
1.0,0.0,1.18060862084e-05
1.0,0.0,2.72491889862e-07
1.0,1.0,0.999999999999
1.0,1.0,0.999999999918
1.0,0.0,0.0812859962919
1.0,0.0,3.14000177141e-07
1.0,0.0,1.65449034183e-08
1.0,1.0,0.605376104436
1.0,1.0,1.0
1.0,1.0,0.998077909877
1.0,1.0,1.0
1.0,0.0,9.68332383721e-09
1.0,1.0,0.837030199173
1.0,1.0,0.974961816154
1.0,0.0,2.02920771598e-08
1.0,0.0,1.58302285114e-05
1.0,1.0,0.999999999998
1.0,0.0,2.91310914417e-06
1.0,1.0,1.0
1.0,1.0,1.0
1.0,1.0,0.9990872774
1.0,0.0,0.483577248819
1.0,1.0,0.76273657087
1.0,0.0,0.365605647428
1.0,0.0,6.09180901113e-05
1.0,1.0,0.705205404647
1.0,1.0,0.999582748005
1.0,0.0,0.0798061582448
1.0,1.0,0.59650350279
1.0,1.0,0.998940421316
1.0,1.0,0.999999999989
1.0,0.0,0.00381120787067
1.0,0.0,0.0383550778638
1.0,0.0,1.66646335956e-05
1.0,1.0,0.956482437257
1.0,1.0,1.0
1.0,1.0,1.0
1.0,0.0,0.0405932675797
1.0,1.0,0.999999338593
1.0,1.0,1.0
1.0,1.0,1.0
1.0,0.0,2.75413163675e-06
1.0,0.0,3.75389382552e-12
1.0,0.0,0.206405041181
1.0,1.0,0.993666797713
1.0,1.0,0.999999999993
1.0,0.0,0.0296833374919
1.0,0.0,0.233155866015
1.0,0.0,7.13308518225e-08
1.0,1.0,0.634674179417
1.0,1.0,0.999999999954
1.0,0.0,0.000291747514499
1.0,0.0,1.09250954371e-09
1.0,1.0,0.999999998982
1.0,1.0,0.999999998818
1.0,1.0,0.999935586038
1.0,1.0,0.996957491666
1.0,0.0,1.64762099189e-09
1.0,1.0,0.998926829648
1.0,0.0,0.000290904151651
1.0,1.0,1.0
1.0,0.0,0.360710598141
1.0,1.0,0.999998955852
1.0,0.0,0.164513398569
1.0,0.0,0.00631125544759
1.0,0.0,3.7564301021e-10
1.0,0.0,1.76483998452e-05
1.0,0.0,0.089240406533
1.0,0.0,1.85557596979e-05
1.0,0.0,1.61086370627e-09
1.0,0.0,4.82064860143e-10
1.0,0.0,0.0332969507703
1.0,0.0,5.34282576558e-08
1.0,1.0,0.999999999518
1.0,0.0,1.70188933379e-10
1.0,1.0,0.67864421494
1.0,0.0,1.22172192647e-08
1.0,0.0,0.00426795866318
1.0,1.0,1.0
1.0,0.0,0.000102291342099
1.0,0.0,4.51133966972e-08
1.0,1.0,0.712604952184
1.0,0.0,0.00599961681612
1.0,1.0,1.0
1.0,1.0,0.999995791372
1.0,0.0,4.28206871738e-11
1.0,1.0,1.0
1.0,1.0,0.96358758256
1.0,1.0,1.0
1.0,0.0,1.84878887188e-05
1.0,0.0,8.87890138184e-05
1.0,1.0,0.893830651329
1.0,1.0,1.0
1.0,0.0,1.85837067979e-08
1.0,0.0,0.00125476788057
1.0,1.0,1.0
1.0,1.0,1.0
1.0,1.0,1.0
1.0,0.0,3.291449599e-10
1.0,1.0,0.93780792947
1.0,0.0,2.58632134371e-07
1.0,1.0,0.999911880769
1.0,0.0,1.75278178361e-06
1.0,1.0,1.0
1.0,1.0,1.0
1.0,0.0,1.71222580149e-05
1.0,0.0,3.8244932177e-09
1.0,0.0,0.000925158241717
1.0,1.0,0.987514292766
1.0,1.0,1.0
1.0,1.0,0.999998619288
1.0,0.0,5.45695720671e-09
1.0,1.0,0.999601969257
1.0,1.0,1.0
1.0,0.0,0.00146785992617
1.0,1.0,0.690141306863
1.0,1.0,1.0
1.0,1.0,0.999999999915
1.0,0.0,2.83615443766e-12
1.0,1.0,0.991980983599
1.0,1.0,0.996393408259
1.0,1.0,0.875120659891
1.0,1.0,1.0
1.0,0.0,4.41824404667e-06
1.0,0.0,0.00275409796123
1.0,1.0,0.848036466407
1.0,1.0,0.999999999246
1.0,1.0,0.99999998237
1.0,0.0,0.000132179457189
1.0,1.0,0.99999999982
1.0,0.0,1.65361998721e-13
1.0,0.0,2.97002541399e-09
1.0,0.0,0.00122571031949
1.0,1.0,0.927086381648
1.0,1.0,0.999116037394
1.0,0.0,0.372743933961
1.0,1.0,0.999997436807
1.0,0.0,3.96241312872e-05
1.0,1.0,0.972763238579
1.0,0.0,1.40794832166e-10
1.0,1.0,1.0
1.0,0.0,6.15319377973e-06
1.0,1.0,1.0
1.0,0.0,1.58707927603e-05
1.0,1.0,0.999243192568
1.0,0.0,0.00250748362777
1.0,1.0,1.0
1.0,1.0,1.0
1.0,1.0,1.0
1.0,1.0,0.999999999505
1.0,0.0,1.84521152789e-05
1.0,1.0,0.883649353436
1.0,1.0,0.991114827619
1.0,0.0,0.000344148233782
1.0,1.0,0.999849757535
1.0,0.0,2.66481037591e-08
1.0,0.0,0.30076870066
1.0,0.0,0.000443625291889
1.0,1.0,0.999999999994
1.0,0.0,0.000313097220783
1.0,1.0,1.0
1.0,0.0,0.00133357293667
1.0,1.0,0.709068864368
1.0,1.0,1.0
1.0,1.0,1.0
1.0,1.0,0.999999997801
1.0,0.0,7.45697668589e-08
1.0,1.0,0.88482361491
1.0,0.0,0.192278404356
1.0,0.0,8.95448288382e-07
1.0,0.0,1.72683555074e-09
1.0,1.0,1.0
1.0,0.0,7.03136058391e-08
1.0,0.0,0.00510540900837
1.0,0.0,0.000763373069314
1.0,1.0,0.999999916208
1.0,1.0,1.0
1.0,1.0,0.99977094042
1.0,0.0,0.0482659440053
1.0,0.0,0.00183685250978
1.0,1.0,0.99990957514
1.0,1.0,0.996829255128
1.0,1.0,1.0
1.0,0.0,0.0252925498183
1.0,1.0,1.0
1.0,0.0,8.18419134645e-09
1.0,1.0,1.0
1.0,0.0,0.000500601873556
1.0,1.0,0.999999999962
1.0,1.0,0.971818708588
1.0,1.0,1.0
1.0,1.0,1.0
1.0,0.0,2.32855223148e-05
1.0,1.0,0.999999999965
1.0,0.0,3.84607675813e-11
1.0,1.0,0.999999981805
1.0,0.0,0.372848478623
1.0,1.0,0.721773339953
1.0,0.0,0.0133273539922
1.0,1.0,1.0
1.0,1.0,1.0
1.0,0.0,0.0127664458581
1.0,0.0,0.314238044992
1.0,0.0,8.12492193582e-05
1.0,1.0,0.998925185324
1.0,1.0,0.999999988972
1.0,1.0,1.0
1.0,1.0,0.812046149692
1.0,0.0,0.088159779419
1.0,1.0,0.999999999901
1.0,1.0,0.999999999846
1.0,0.0,0.0115037163561
1.0,0.0,2.90838517863e-09
1.0,1.0,1.0
1.0,1.0,1.0
1.0,0.0,1.44435055275e-09
1.0,0.0,3.24472710525e-06
1.0,0.0,1.49608838129e-09
1.0,1.0,1.0
1.0,1.0,0.984562897532
1.0,1.0,0.999999900385
1.0,1.0,0.999971388921
1.0,1.0,1.0
1.0,1.0,0.794151436545
1.0,1.0,0.99999998315
1.0,1.0,1.0
1.0,1.0,0.999999999568
1.0,0.0,4.95651370437e-08
1.0,0.0,0.170264861312
1.0,0.0,6.86422769417e-14
1.0,1.0,0.999999999225
1.0,1.0,0.998372197303
1.0,0.0,7.06472683263e-14
1.0,0.0,0.00140678212133
1.0,1.0,1.0
1.0,0.0,0.00208909592912
1.0,1.0,1.0
1.0,0.0,0.000367906775414
1.0,0.0,8.1833637112e-07
1.0,1.0,1.0
1.0,0.0,1.17481636566e-11
1.0,1.0,0.999999990748
1.0,1.0,0.999999718309
1.0,0.0,0.0587086802057
1.0,0.0,4.27911785916e-10
1.0,0.0,5.49005714824e-09
1.0,1.0,1.0
1.0,0.0,6.49544418721e-12
1.0,0.0,1.42731388251e-09
1.0,1.0,1.0
1.0,0.0,2.88131972736e-06
1.0,0.0,6.48753520831e-05
1.0,1.0,1.0
1.0,0.0,6.03163663335e-10
1.0,1.0,0.991376268453
1.0,0.0,0.439718749165
1.0,0.0,0.191912330798
1.0,0.0,3.81707975153e-06
1.0,1.0,1.0
1.0,0.0,3.28770867803e-10
1.0,1.0,0.999999998794
1.0,0.0,0.000954450041493
1.0,0.0,3.88165883931e-10
1.0,0.0,1.59948033708e-06
1.0,1.0,1.0
1.0,1.0,0.999772943966
1.0,0.0,0.0718108755308
1.0,1.0,0.99974344177
1.0,1.0,0.976706674077
1.0,0.0,0.00866625682165
1.0,1.0,0.999999999972
1.0,0.0,6.6106467409e-10
1.0,1.0,0.575593163786
1.0,0.0,8.88048063302e-06
1.0,0.0,4.97161684549e-11
1.0,1.0,0.999999999604
1.0,1.0,1.0
1.0,1.0,1.0
1.0,1.0,0.999999999992
1.0,1.0,1.0
1.0,1.0,1.0
1.0,1.0,1.0
1.0,0.0,0.144128294344
1.0,1.0,1.0
1.0,1.0,0.992877195943
1.0,1.0,1.0
1.0,0.0,0.000161282141574
1.0,1.0,1.0
1.0,1.0,0.999997711136
1.0,1.0,1.0
1.0,1.0,0.999999999401
1.0,0.0,1.01642269326e-11
1.0,0.0,0.0521299909946
1.0,1.0,1.0
1.0,1.0,1.0
1.0,1.0,0.99975911066
1.0,0.0,7.47563484237e-13
1.0,1.0,1.0
1.0,0.0,9.85397659662e-09
1.0,0.0,2.5734679088e-06
1.0,1.0,1.0
1.0,1.0,1.0
1.0,0.0,2.74915200582e-10
1.0,1.0,0.998010087417
1.0,0.0,3.06247210492e-12
1.0,0.0,3.55249123226e-12
1.0,0.0,0.192684010452
1.0,1.0,0.988958535776
1.0,0.0,3.35754528991e-08
1.0,0.0,0.000141316002345
1.0,1.0,0.999374677073
1.0,1.0,0.964064219159
1.0,0.0,2.11905201792e-08
1.0,0.0,0.00174031945747
1.0,0.0,7.36076677467e-12
1.0,0.0,0.000124989201263
1.0,1.0,1.0
1.0,1.0,1.0
1.0,1.0,0.994079727334
1.0,0.0,0.0132754929112
1.0,0.0,1.39053196191e-13
1.0,0.0,1.3008990668e-09
1.0,1.0,1.0
1.0,0.0,1.55828646505e-08
1.0,0.0,3.08310293455e-08
1.0,1.0,1.0
1.0,0.0,0.0865103692016
1.0,1.0,1.0
1.0,1.0,0.999833228501
1.0,0.0,0.0210043089183
1.0,0.0,1.81115675503e-10
1.0,1.0,0.773210427808
1.0,1.0,0.999750198067
1.0,0.0,1.99654084595e-10
1.0,0.0,3.33921213212e-09
1.0,0.0,8.3157974045e-06
1.0,1.0,0.999999998321
1.0,0.0,2.78615862068e-06
1.0,0.0,1.10490966144e-12
1.0,0.0,0.000265681564969
1.0,0.0,0.402156095908
1.0,0.0,8.21108595706e-12
1.0,1.0,0.99999999749
1.0,1.0,0.999999999919
1.0,1.0,0.999999915931
1.0,0.0,0.0322335839258
1.0,1.0,1.0
1.0,0.0,0.383534445985
1.0,1.0,0.999999999708
1.0,0.0,0.0145494757911
1.0,0.0,1.20728136247e-08
1.0,0.0,5.82242202881e-13
1.0,0.0,2.47977227562e-10
1.0,1.0,0.999966993031
1.0,1.0,0.999992133453
1.0,1.0,1.0
1.0,1.0,0.999999932859
1.0,0.0,8.94934681487e-13
1.0,1.0,0.999999999826
1.0,0.0,0.466325890657
1.0,0.0,0.00046209877042
1.0,0.0,0.213331689802
1.0,0.0,0.279831286661
1.0,0.0,0.0115579029257
1.0,0.0,9.29174669503e-12
1.0,1.0,0.994506786679
1.0,0.0,0.000352683969881
1.0,1.0,0.999999999976
1.0,0.0,2.57363325889e-05
1.0,1.0,0.999999999055
1.0,1.0,1.0
1.0,1.0,0.999999999996
1.0,1.0,0.999999479822
1.0,0.0,0.0436367044587
1.0,1.0,1.0
1.0,1.0,0.795818842963
1.0,0.0,0.00123608673105
1.0,0.0,7.41650580906e-08
1.0,1.0,0.999999999989
1.0,1.0,1.0
1.0,0.0,4.3469980295e-06
1.0,1.0,0.999968273558
1.0,1.0,0.998108555462
1.0,1.0,1.0
1.0,0.0,0.00445403889209
1.0,1.0,1.0
1.0,1.0,0.999695906704
1.0,1.0,1.0
1.0,1.0,0.999999968359
1.0,0.0,1.91633588157e-08
1.0,0.0,7.22369120195e-11
1.0,0.0,0.0399937598739
1.0,1.0,0.985773940094
1.0,1.0,1.0
1.0,0.0,2.80344134333e-07
1.0,1.0,1.0
1.0,0.0,0.023452051819
1.0,0.0,2.9613315261e-11
1.0,1.0,0.999999999954
1.0,0.0,2.85838270318e-06
1.0,1.0,0.999999999747
1.0,0.0,0.0338897171862
1.0,1.0,1.0
1.0,0.0,0.407894983577
1.0,1.0,0.999990877754
1.0,1.0,0.817254059308
1.0,0.0,0.186672077227
1.0,1.0,0.999999644562
1.0,1.0,0.992631956073
1.0,1.0,0.999999864954
1.0,0.0,0.000432021323616
1.0,1.0,0.999999999719
1.0,0.0,0.0369752360949
1.0,1.0,0.999441728549
1.0,1.0,1.0
1.0,1.0,0.999997961824
1.0,0.0,9.15540182992e-06
1.0,0.0,2.14046592737e-08
1.0,0.0,5.52270518631e-09
1.0,0.0,0.00132627692409
1.0,0.0,0.0166052674629
1.0,1.0,1.0
1.0,1.0,1.0
1.0,1.0,0.692296462671
1.0,0.0,0.0032465109896
1.0,1.0,0.821820594339
1.0,0.0,1.19580666092e-10
1.0,0.0,0.00746326414951
1.0,0.0,0.139268487817
1.0,1.0,0.723230694903
1.0,1.0,0.73324744579
1.0,1.0,1.0
1.0,1.0,1.0
1.0,0.0,0.000254952311769
1.0,1.0,0.997476921847
0.0,0.0,9.8061064705e-08
0.0,0.0,0.000273737680115
0.0,0.0,3.76746354656e-05
0.0,0.0,9.92856326142e-11
0.0,0.0,4.85222894028e-09
0.0,0.0,4.63462446734e-08
0.0,0.0,2.31905644409e-11
0.0,0.0,1.0951521652e-06
0.0,0.0,5.70481504719e-13
0.0,0.0,1.37377752463e-05
0.0,0.0,4.73001357027e-09
0.0,0.0,6.08726323381e-12
0.0,0.0,0.000468027430611
0.0,0.0,3.24412724084e-05
0.0,0.0,3.95492057019e-08
0.0,0.0,5.14892953173e-07
0.0,1.0,0.887549680121
0.0,0.0,6.77705032662e-06
0.0,0.0,1.41000661106e-11
0.0,0.0,2.97250670855e-08
0.0,0.0,5.30033854677e-07
0.0,0.0,0.166796964465
0.0,0.0,1.27968630596e-08
0.0,0.0,4.48268481873e-05
0.0,1.0,0.992968515763
0.0,0.0,8.5245311947e-10
0.0,0.0,3.10211650641e-05
0.0,0.0,4.85652849909e-12
0.0,0.0,4.38230839609e-12
0.0,0.0,8.74549131626e-12
0.0,0.0,0.000125371286072
0.0,0.0,1.43960342452e-12
0.0,0.0,9.50635256278e-08
0.0,0.0,1.73646164867e-11
0.0,0.0,3.05616820244e-13
0.0,0.0,5.63176886234e-09
0.0,0.0,2.00610208293e-09
0.0,0.0,1.7522555435e-13
0.0,0.0,3.53604246714e-07
0.0,0.0,1.30637836912e-05
0.0,1.0,0.999999789391
0.0,0.0,1.99073468056e-09
0.0,0.0,2.44759277033e-10
0.0,0.0,5.78077133229e-09
0.0,0.0,8.40301542809e-06
0.0,0.0,8.89916351138e-17
0.0,0.0,1.06372696898e-10
0.0,1.0,0.995895999195
0.0,1.0,0.677441568253
0.0,0.0,0.0132155857585
0.0,0.0,0.0078439626713
0.0,0.0,2.33851560211e-11
0.0,0.0,0.000288566870859
0.0,0.0,2.89311170958e-08
0.0,0.0,2.2654882993e-05
0.0,0.0,0.000547701830891
0.0,1.0,0.999999999944
0.0,0.0,2.76974104689e-12
0.0,0.0,1.57355877598e-07
0.0,0.0,0.10944061717
0.0,0.0,8.556927707e-13
0.0,0.0,8.0275885021e-12
0.0,0.0,8.04264936128e-10
0.0,0.0,4.72863234004e-11
0.0,0.0,1.34534555042e-15
0.0,1.0,0.997474839598
0.0,0.0,2.42256048523e-10
0.0,0.0,5.64545656242e-11
0.0,0.0,1.70285595543e-11
0.0,0.0,1.5634435719e-08
0.0,0.0,5.77194807971e-07
0.0,0.0,2.28798971584e-09
0.0,0.0,6.64894786256e-05
0.0,0.0,2.11929617255e-06
0.0,0.0,6.55595175015e-12
0.0,0.0,6.69943067765e-11
0.0,0.0,2.00763002178e-09
0.0,0.0,3.8552364018e-09
0.0,0.0,6.89397925395e-08
0.0,0.0,0.00540091514409
0.0,0.0,3.17464993412e-11
0.0,0.0,4.45469052886e-11
0.0,0.0,1.61045826697e-14
0.0,0.0,1.48695110044e-11
0.0,0.0,1.06670848755e-09
0.0,1.0,0.999999987584
0.0,0.0,2.74327309281e-08
0.0,0.0,1.90483587127e-07
0.0,0.0,1.04907916049e-09
0.0,0.0,0.0198164544424
0.0,0.0,5.03942888263e-09
0.0,0.0,2.46663895853e-11
0.0,0.0,2.06409835027e-15
0.0,1.0,0.999929960427
0.0,1.0,0.999722987281
0.0,0.0,0.0015881334179
0.0,0.0,2.99172683884e-13
0.0,0.0,2.1080835715e-11
0.0,0.0,0.324100339259
0.0,0.0,8.16613709257e-13
0.0,0.0,0.000229675628637
0.0,0.0,1.34090709537e-07
0.0,0.0,3.75850866198e-05
0.0,0.0,1.53956902074e-05
0.0,0.0,7.24969850653e-12
0.0,0.0,1.81384494882e-12
0.0,0.0,1.28502701417e-09
0.0,0.0,5.45406924661e-10
0.0,0.0,0.000596773904474
0.0,0.0,1.68818146472e-08
0.0,0.0,1.62867735061e-08
0.0,1.0,1.0
0.0,0.0,3.84526512889e-14
0.0,0.0,0.000108276730458
0.0,0.0,4.13985651914e-17
0.0,1.0,0.671242541533
0.0,0.0,1.15810200843e-12
0.0,0.0,0.207872336583
0.0,0.0,7.84593769064e-06
0.0,0.0,2.69609089449e-13
0.0,0.0,0.005539219982
0.0,0.0,9.97179426623e-12
0.0,0.0,0.0882802654113
0.0,0.0,3.24389342656e-15
0.0,0.0,7.06343427633e-10
0.0,0.0,2.68920416131e-13
0.0,0.0,4.50646286095e-08
0.0,0.0,1.61169879422e-14
0.0,1.0,0.999999999065
0.0,0.0,0.340157644835
0.0,0.0,3.85730093373e-13
0.0,0.0,0.000134943750047
0.0,0.0,0.0356608663262
0.0,0.0,5.58701829963e-07
0.0,0.0,1.45934926441e-05
0.0,0.0,4.94011414068e-06
0.0,0.0,1.29021657278e-10
0.0,0.0,7.02189309538e-11
0.0,0.0,5.30595654029e-07
0.0,0.0,5.769034194e-08
0.0,0.0,2.09452997311e-05
0.0,0.0,0.000135263503796
0.0,0.0,1.31641414039e-10
0.0,0.0,3.01682274037e-16
0.0,0.0,8.95914157004e-15
0.0,1.0,1.0
0.0,1.0,0.9999993827
0.0,1.0,1.0
0.0,0.0,5.50414098201e-09
0.0,0.0,1.11017764158e-12
0.0,0.0,4.55060374985e-07
0.0,0.0,3.81911209389e-14
0.0,0.0,9.49221014379e-08
0.0,1.0,0.99999994879
0.0,0.0,0.00378744884988
0.0,0.0,1.20618263312e-12
0.0,0.0,6.17914653081e-14
0.0,0.0,2.24000294341e-09
0.0,0.0,1.2743958835e-09
0.0,0.0,3.81968105066e-12
0.0,1.0,1.0
0.0,0.0,3.89881455688e-10
0.0,0.0,1.33573608086e-09
0.0,1.0,1.0
0.0,1.0,0.999982193197
0.0,0.0,3.22572657561e-11
0.0,0.0,7.47347551421e-06
0.0,0.0,0.000222013389311
0.0,0.0,2.84892004884e-08
0.0,0.0,1.51995815597e-08
0.0,0.0,6.96235326201e-12
0.0,0.0,1.16799739949e-08
0.0,0.0,0.0105908450032
0.0,0.0,3.53235388929e-06
0.0,0.0,2.4346274175e-10
0.0,0.0,1.76032068105e-09
0.0,1.0,0.809245130626
0.0,0.0,3.32799002746e-05
0.0,0.0,0.0061998167229
0.0,1.0,0.99947509008
0.0,0.0,8.3317774341e-11
0.0,1.0,0.999999500965
0.0,0.0,2.03320715074e-08
0.0,0.0,0.000251085939607
0.0,0.0,4.6746583416e-06
0.0,0.0,6.95247289131e-11
0.0,0.0,2.74369393188e-08
0.0,0.0,0.0903964269259
0.0,1.0,0.990241387252
0.0,0.0,0.0344255158323
0.0,0.0,0.00918673015629
0.0,0.0,4.16560969959e-10
0.0,0.0,1.67161232968e-07
0.0,1.0,1.0
0.0,0.0,3.30496647707e-05
0.0,0.0,5.00296129128e-08
0.0,0.0,0.00322459295937
0.0,0.0,0.000571285054034
0.0,0.0,2.2745839517e-10
0.0,0.0,0.000199202175637
0.0,0.0,3.08700350836e-07
0.0,1.0,0.999999999996
0.0,0.0,0.0835005231922
0.0,0.0,1.47489323381e-08
0.0,0.0,0.00140282056104
0.0,0.0,2.60142369129e-08
0.0,0.0,1.04642871862e-05
0.0,0.0,2.67347523112e-11
0.0,1.0,0.999985478019
0.0,0.0,0.000189002424334
0.0,1.0,0.999999996808
0.0,1.0,0.856139512538
0.0,0.0,2.59948641493e-05
0.0,0.0,9.59213634639e-10
0.0,0.0,3.54543685259e-11
0.0,0.0,0.000123256234403
0.0,0.0,4.93581004132e-11
0.0,0.0,1.46207713087e-13
0.0,0.0,7.24134575254e-07
0.0,0.0,4.62441401842e-08
0.0,1.0,0.999967609604
0.0,0.0,1.83328698588e-11
0.0,0.0,3.74946303807e-05
0.0,0.0,3.08234728126e-08
0.0,0.0,7.25355340342e-10
0.0,0.0,0.00207138092553
0.0,0.0,1.82768600225e-10
0.0,0.0,1.47521173135e-08
0.0,0.0,5.10538940077e-13
0.0,0.0,1.78107632296e-12
0.0,0.0,3.39735801364e-09
0.0,1.0,0.98938038423
0.0,0.0,2.55164037516e-07
0.0,1.0,1.0
0.0,0.0,0.00124186447266
0.0,0.0,0.116019778522
0.0,0.0,4.17671759272e-07
0.0,0.0,5.11676158659e-07
0.0,0.0,3.28541811047e-12
0.0,0.0,4.46563597527e-06
0.0,0.0,2.75059924525e-14
0.0,0.0,0.0519761885762
0.0,0.0,3.59259786467e-06
0.0,0.0,1.12839072957e-10
0.0,0.0,1.53160588961e-09
0.0,1.0,0.999999247384
0.0,0.0,1.54298336587e-06
0.0,0.0,2.10349159128e-11
0.0,1.0,0.999999999413
0.0,0.0,0.00718090886079
0.0,0.0,1.43046651365e-09
0.0,0.0,8.21597531357e-06
0.0,0.0,8.12625485535e-08
0.0,1.0,0.999999422448
0.0,0.0,0.0274830310393
0.0,1.0,0.999999975124
0.0,0.0,0.0183618414996
0.0,0.0,7.64659040102e-07
0.0,0.0,9.72552892262e-10
0.0,0.0,0.00219011377161
0.0,0.0,0.00151492022806
0.0,0.0,0.016596725944
0.0,0.0,1.75282907461e-08
0.0,0.0,1.2203557359e-13
0.0,1.0,0.720753969366
0.0,0.0,2.36711651584e-08
0.0,0.0,0.0178539583888
0.0,0.0,5.25934817109e-11
0.0,1.0,0.999959925534
0.0,0.0,8.38798192194e-09
0.0,0.0,5.46457030402e-07
0.0,0.0,0.00122161815455
0.0,0.0,1.70096861416e-07
0.0,0.0,2.00083796835e-10
0.0,0.0,7.49215567981e-10
0.0,0.0,0.00111291740695
0.0,0.0,1.73011454458e-08
0.0,0.0,3.26833689462e-09
0.0,1.0,1.0
0.0,0.0,3.13948109069e-12
0.0,0.0,0.00249062362416
0.0,1.0,0.999906137336
0.0,0.0,5.4604798198e-09
0.0,0.0,2.39273765058e-06
0.0,1.0,0.999892694694
0.0,0.0,0.0415913864879
0.0,0.0,6.21270509667e-08
0.0,1.0,1.0
0.0,1.0,0.999955406839
0.0,0.0,5.16525710493e-13
0.0,1.0,0.500488815629
0.0,0.0,6.2142288097e-08
0.0,0.0,7.17928910956e-15
0.0,0.0,1.31370362357e-06
0.0,0.0,6.65509312969e-14
0.0,0.0,7.03812711118e-06
0.0,1.0,0.999999999999
0.0,0.0,0.000117772822621
0.0,0.0,9.68176771063e-09
0.0,0.0,2.9429427014e-13
0.0,0.0,1.25087728207e-08
0.0,0.0,4.52478256096e-12
0.0,0.0,1.47556183083e-05
0.0,0.0,0.0482006511285
0.0,1.0,0.999972746451
0.0,0.0,1.66839462337e-08
0.0,0.0,1.43775805494e-09
0.0,0.0,5.7558657999e-06
0.0,1.0,0.952233551359
0.0,0.0,2.34122548367e-11
0.0,0.0,1.15285984666e-09
0.0,1.0,1.0
0.0,0.0,4.63651420858e-13
0.0,1.0,0.999905597604
0.0,0.0,4.94155638278e-08
0.0,0.0,6.80081920929e-10
0.0,1.0,0.555355551473
0.0,0.0,0.0113840801364
0.0,1.0,0.823281365693
0.0,0.0,8.46939583263e-06
0.0,1.0,0.996909541544
0.0,0.0,2.8380819842e-07
0.0,0.0,8.18827025176e-11
0.0,0.0,2.07323142835e-09
0.0,0.0,0.000462225939623
0.0,1.0,0.945110062321
0.0,0.0,1.78975088488e-09
0.0,1.0,0.999999999984
0.0,0.0,2.64203639345e-06
0.0,0.0,8.18682640213e-10
0.0,0.0,3.79944300989e-11
0.0,0.0,0.000100238952087
0.0,0.0,0.025515762761
0.0,0.0,0.000100939133299
0.0,0.0,1.36715459816e-14
0.0,0.0,9.34106140106e-13
0.0,0.0,2.49862658385e-05
0.0,1.0,1.0
0.0,0.0,0.246569405147
0.0,0.0,3.96580862553e-06
0.0,0.0,7.20271678509e-07
0.0,1.0,0.99999999996
0.0,1.0,0.999999954974
0.0,0.0,0.000282693172177
0.0,0.0,0.0665169368657
0.0,0.0,2.87002428048e-07
0.0,0.0,0.48234962482
0.0,0.0,0.000691207638175
0.0,0.0,0.00034352050913
0.0,1.0,0.999984868203
0.0,0.0,0.0262075722411
0.0,0.0,5.87771813338e-12
0.0,0.0,3.15824518685e-08
0.0,1.0,1.0
0.0,1.0,1.0
0.0,0.0,1.56744485636e-11
0.0,0.0,1.58832493139e-06
0.0,0.0,0.226488266091
0.0,0.0,1.03271640992e-08
0.0,0.0,9.2777303433e-06
0.0,0.0,3.75798092497e-08
0.0,0.0,1.94003828311e-14
0.0,1.0,0.991307716637
0.0,1.0,0.999663162953
0.0,0.0,0.011287855414
0.0,1.0,1.0
0.0,0.0,1.08719307314e-09
0.0,0.0,9.86749576534e-10
0.0,0.0,0.00645771524716
0.0,1.0,1.0
0.0,0.0,5.46825253673e-10
0.0,0.0,1.5950593422e-06
0.0,1.0,0.853474622884
0.0,0.0,1.14972458006e-08
0.0,0.0,0.019069460344
0.0,0.0,0.498192599944
0.0,1.0,0.994456129311
0.0,0.0,0.000148571509265
0.0,0.0,0.000349352216914
0.0,1.0,1.0
0.0,1.0,0.999993923895
0.0,0.0,4.03813218925e-12
0.0,0.0,3.70396469622e-11
0.0,1.0,0.989296379126
0.0,0.0,5.10366568786e-10
0.0,0.0,1.73700086555e-16
0.0,0.0,7.68031964982e-08
0.0,0.0,6.75289172824e-08
0.0,0.0,0.0431470952929
0.0,1.0,0.995142982281
0.0,1.0,1.0
0.0,0.0,0.439698766454
0.0,0.0,8.76960676324e-05
0.0,0.0,2.14396716849e-08
0.0,0.0,2.01466349475e-07
0.0,0.0,1.34905781629e-13
0.0,0.0,2.58873799385e-09
0.0,0.0,0.011954113794
0.0,0.0,4.96551447585e-08
0.0,0.0,5.08611762391e-09
0.0,0.0,0.000112373294715
0.0,0.0,2.60329102619e-09
0.0,1.0,1.0
0.0,1.0,0.999999992392
0.0,0.0,2.79220916996e-08
0.0,1.0,1.0
0.0,1.0,1.0
0.0,0.0,0.0246864634535
0.0,1.0,1.0
0.0,1.0,1.0
0.0,0.0,0.0899371013688
0.0,0.0,6.78856248289e-09
0.0,0.0,3.29609117937e-10
0.0,1.0,0.810887696549
0.0,0.0,2.87848696575e-10
0.0,1.0,0.945492276866
0.0,0.0,5.30610357188e-14
0.0,0.0,9.316869699e-12
0.0,1.0,1.0
0.0,1.0,0.990859188678
0.0,0.0,3.88130012295e-13
0.0,0.0,8.2080820014e-12
0.0,1.0,1.0
0.0,1.0,1.0
0.0,0.0,4.15956955757e-13
0.0,0.0,0.000250752460412
0.0,0.0,2.85790714741e-06
0.0,0.0,5.3388101129e-12
0.0,1.0,0.999999999978
0.0,0.0,7.76182580879e-10
0.0,1.0,1.0
0.0,1.0,0.999994261551
0.0,1.0,0.999999999969
0.0,0.0,1.19979410638e-07
0.0,0.0,5.75279291596e-06
0.0,0.0,0.001517971481
0.0,1.0,0.999999998
0.0,0.0,2.30735750359e-05
0.0,1.0,1.0
0.0,0.0,4.32322986452e-12
0.0,1.0,0.999996610986
0.0,1.0,0.931651577922
0.0,0.0,1.62389434918e-09
0.0,0.0,6.36451668497e-12
0.0,0.0,4.67784659749e-09
0.0,0.0,5.59254246151e-13
0.0,0.0,0.422613626577
0.0,0.0,3.85957069184e-09
0.0,0.0,6.62679149394e-11
0.0,0.0,0.12981824198
0.0,0.0,0.000427761189835
0.0,0.0,9.99285810311e-08
0.0,0.0,0.337794839794
0.0,0.0,9.5788827813e-11
0.0,0.0,2.66104325402e-10
0.0,1.0,0.991898265696
0.0,0.0,4.35399551311e-05
0.0,0.0,8.65808747806e-08
0.0,0.0,2.26261543529e-14
0.0,1.0,0.690416931553
0.0,0.0,2.74829539819e-07
0.0,0.0,6.09587309358e-05
0.0,0.0,2.94764580501e-13
0.0,0.0,0.0070514821863
0.0,1.0,0.999806724712
0.0,0.0,0.00402969322066
0.0,0.0,0.00064566525396
0.0,1.0,0.999999983355
0.0,1.0,0.999977872019
0.0,0.0,0.150296651308
0.0,0.0,1.14710915533e-12
0.0,0.0,4.03799425076e-11
0.0,0.0,1.15038074665e-10
0.0,0.0,1.91742986518e-10
0.0,0.0,1.70572481087e-08
0.0,0.0,2.62933171937e-10
0.0,0.0,7.04985955594e-15
0.0,0.0,3.06855646601e-05
0.0,1.0,0.967337048662
0.0,0.0,3.19586473112e-11
0.0,1.0,0.999769999902
0.0,1.0,0.899418170212
0.0,0.0,8.48133983126e-06
0.0,0.0,9.67053480759e-07
0.0,0.0,4.57659699548e-06
0.0,1.0,0.999648890508
0.0,0.0,5.26470020312e-07
0.0,0.0,6.60781601935e-12
0.0,0.0,2.16872865335e-10
0.0,0.0,0.0139354759961
0.0,0.0,7.80846707237e-05
0.0,1.0,0.999999999304
0.0,0.0,5.09761795411e-07
0.0,0.0,2.68284253726e-13
0.0,0.0,0.00533920718516
0.0,0.0,6.02828101927e-13
0.0,0.0,9.52138775951e-08
0.0,0.0,1.72023712742e-10
0.0,0.0,6.72865883256e-11
0.0,1.0,0.724289224103
0.0,0.0,2.0027958439e-12
0.0,0.0,0.0319151737371
0.0,0.0,2.21004201936e-07
0.0,0.0,2.3204485333e-06
0.0,0.0,2.12906460852e-09
0.0,0.0,1.48350603435e-09
0.0,0.0,1.79629370952e-09
0.0,0.0,5.60667990746e-12
0.0,1.0,0.999999999981
0.0,0.0,3.0590370677e-08
0.0,0.0,1.20144955507e-09
0.0,0.0,1.14736440593e-15
0.0,0.0,5.40106717148e-08
0.0,0.0,5.50090718919e-10
0.0,0.0,4.62517108535e-06
0.0,0.0,2.95791455035e-10
0.0,0.0,1.06145920041e-11
0.0,0.0,6.94086669219e-11
0.0,0.0,1.55822296689e-09
0.0,0.0,2.427425477e-13
0.0,0.0,2.11268466977e-07
0.0,0.0,1.78734196811e-07
0.0,0.0,1.11019872213e-07
0.0,0.0,1.11214837577e-05
0.0,0.0,1.70515762516e-06
0.0,0.0,2.17319490111e-05
0.0,0.0,8.00677891187e-13
0.0,0.0,2.07959282985e-05
0.0,0.0,6.55063786194e-17
0.0,0.0,1.10733828649e-10
0.0,0.0,1.81412654876e-13
0.0,0.0,5.35508095867e-12
0.0,0.0,2.22575861044e-07
0.0,0.0,6.39880346019e-05
0.0,1.0,0.996986451919
0.0,1.0,0.99967233375
0.0,0.0,4.73100890606e-12
0.0,0.0,5.35979382743e-11
0.0,0.0,3.14132336507e-05
0.0,0.0,0.427036675547
0.0,0.0,1.48957634587e-12
0.0,0.0,1.02693297571e-09
0.0,0.0,0.2664746199
0.0,0.0,1.4309408847e-11
0.0,0.0,0.0711402443904
0.0,0.0,6.51230229405e-08
0.0,0.0,5.37429256816e-09
0.0,0.0,2.52577304351e-17
0.0,0.0,0.00144961675969
0.0,0.0,1.16300731811e-10
0.0,0.0,1.02768770348e-07
0.0,0.0,2.17437152754e-10
0.0,0.0,2.88124831404e-08
0.0,0.0,2.6552685727e-08
0.0,0.0,4.03537046786e-14
0.0,0.0,1.6114758703e-11
0.0,0.0,8.12446744941e-07
0.0,0.0,3.54185129838e-07
0.0,0.0,0.000192947850949
0.0,0.0,0.208615704544
0.0,1.0,0.99999999792
0.0,0.0,2.37040580821e-07
0.0,0.0,9.95135466625e-13
0.0,0.0,0.15199949395
0.0,0.0,9.76838273319e-11
0.0,1.0,1.0
0.0,0.0,6.71349582063e-06
0.0,0.0,7.41371348989e-13
0.0,1.0,0.999895362225
0.0,0.0,1.39202651207e-12
0.0,1.0,0.955946357252
0.0,1.0,1.0
0.0,1.0,0.999999964977
0.0,0.0,1.21760623709e-12
0.0,0.0,2.29128778639e-12
0.0,1.0,0.91634382322
0.0,0.0,1.64903626423e-09
0.0,0.0,7.19073940013e-10
0.0,0.0,1.01896384199e-13
0.0,0.0,2.84954844241e-08
0.0,0.0,6.73182117243e-12
0.0,1.0,0.977840321182
0.0,0.0,1.64512430923e-06
0.0,0.0,2.86465112901e-11
0.0,0.0,9.13634626392e-09
0.0,0.0,1.70816469199e-13
0.0,0.0,1.50678418907e-11
0.0,0.0,0.000558357840137
0.0,0.0,4.70892607577e-13
0.0,1.0,0.999999719772
0.0,0.0,2.57640024316e-06
0.0,0.0,1.20086884915e-10
0.0,1.0,1.0
0.0,0.0,0.000351468169639
0.0,1.0,0.999999999207
0.0,0.0,7.25321106997e-10
0.0,0.0,7.02557916855e-06
0.0,0.0,0.128362104237
0.0,0.0,1.17704975782e-07
0.0,0.0,6.76940873161e-09
0.0,0.0,1.65648150485e-09
0.0,0.0,1.82307201185e-05
0.0,0.0,1.43035180719e-08
0.0,0.0,1.48740171201e-09
0.0,0.0,7.2427731717e-08
0.0,0.0,3.02573675874e-09
0.0,0.0,2.27715095778e-09
0.0,0.0,2.40069346089e-07
0.0,0.0,1.4594660602e-10
0.0,0.0,8.90444270013e-13
0.0,0.0,8.29598872103e-12
0.0,0.0,0.0605925696301
0.0,0.0,9.4299401237e-08
0.0,0.0,0.122240625929
0.0,1.0,0.968891943187
0.0,0.0,1.07618881215e-05
0.0,0.0,1.1434683974e-07
0.0,0.0,3.63502180625e-14
0.0,0.0,5.34083488482e-08
0.0,1.0,1.0
0.0,0.0,6.37824935761e-07
0.0,1.0,0.98734703692
0.0,0.0,4.4771437421e-10
0.0,0.0,8.09873561825e-08
0.0,0.0,0.0693394101683
0.0,1.0,0.989526775007
0.0,0.0,1.20016649434e-12
0.0,0.0,1.68218929575e-11
0.0,1.0,1.0
0.0,0.0,0.000456577133225
0.0,0.0,6.9889967094e-09
0.0,0.0,4.94341547494e-06
0.0,1.0,0.999989337226
0.0,0.0,0.013027201653
0.0,0.0,0.0346991508113
0.0,0.0,0.000192939592508
0.0,0.0,9.05236766632e-07
0.0,0.0,8.02254865527e-12
0.0,0.0,8.49618213221e-06
0.0,0.0,2.1618698007e-11
0.0,0.0,2.04022926592e-12
0.0,0.0,4.60370710247e-11
0.0,0.0,6.44066959079e-13
0.0,0.0,1.62213611929e-10
0.0,0.0,3.96488416249e-13
0.0,0.0,8.61967220548e-11
0.0,0.0,2.52838524731e-07
0.0,0.0,7.80656640047e-09
0.0,0.0,6.45102801587e-12
0.0,1.0,0.523262954607
0.0,0.0,7.23035403793e-13
0.0,0.0,6.54998004738e-06
0.0,0.0,1.33676013711e-07
0.0,0.0,1.42610907556e-06
0.0,0.0,0.0791852153932
0.0,0.0,0.00492041982609
0.0,0.0,3.59667008428e-05
0.0,0.0,4.68778438906e-05
0.0,1.0,1.0
0.0,0.0,1.42638001667e-11
0.0,0.0,1.55821853542e-07
0.0,0.0,5.3221494376e-12
0.0,0.0,3.06316138901e-11
0.0,1.0,0.973424397242
0.0,0.0,2.3991161276e-05
0.0,1.0,0.974241537858
0.0,0.0,0.138712057273
0.0,0.0,1.51041369886e-11
0.0,0.0,4.56020140864e-09
0.0,0.0,1.31908065484e-12
0.0,0.0,0.000458316619015
0.0,0.0,9.25099074531e-12
0.0,0.0,2.02683693818e-05
0.0,0.0,1.54901233094e-09
0.0,0.0,1.36454345203e-07
0.0,1.0,1.0
0.0,0.0,0.00219456711847
0.0,1.0,0.999994441002
0.0,0.0,9.46931401736e-06
0.0,0.0,5.62302698943e-14
0.0,0.0,1.82605774626e-08
0.0,1.0,1.0
0.0,0.0,0.334024090529
0.0,0.0,5.85727273834e-09
0.0,0.0,3.07296313261e-10
0.0,1.0,0.999656460319
0.0,1.0,0.998945460272
0.0,1.0,0.934638720355
0.0,0.0,0.000130361834405
0.0,0.0,1.26419936117e-05
0.0,0.0,3.13995068131e-09
0.0,1.0,0.594936748907
0.0,0.0,1.62577737336e-05
0.0,1.0,0.999725453129
0.0,1.0,0.903140426479
0.0,0.0,0.0351451957042
0.0,0.0,1.48996104482e-09
0.0,0.0,1.87545569708e-07
0.0,0.0,1.91590117649e-11
0.0,0.0,1.87147118134e-13
0.0,0.0,2.38896383534e-05
0.0,0.0,1.05512644421e-08
0.0,0.0,2.23154481789e-09
0.0,0.0,7.50338754203e-13
0.0,0.0,1.38271285952e-09
0.0,0.0,0.00224817479954
0.0,1.0,1.0
0.0,0.0,2.93539461933e-07
0.0,0.0,2.36843969197e-07
0.0,0.0,2.31658463e-08
0.0,0.0,1.95983120118e-09
0.0,0.0,0.000356356817965
0.0,0.0,3.0682079105e-07
0.0,0.0,2.30334175574e-12
0.0,0.0,3.9633774981e-15
0.0,1.0,0.580444803844
0.0,0.0,1.83446314777e-16
0.0,1.0,0.952362656025
0.0,0.0,3.88066376522e-11
0.0,0.0,7.9115821023e-12
0.0,0.0,6.646664613e-06
0.0,0.0,4.49715873295e-08
0.0,1.0,0.999999999994
0.0,0.0,3.02714946264e-10
0.0,0.0,7.77768599521e-06
0.0,0.0,1.18108392642e-12
0.0,0.0,4.41624925134e-05
0.0,1.0,0.99980174342
0.0,0.0,8.01712524937e-05
0.0,1.0,0.999826190419
0.0,0.0,3.31427943011e-15
0.0,1.0,0.997855823265
0.0,0.0,8.97425640431e-06
0.0,0.0,1.00281783483e-09
0.0,0.0,4.57952633791e-06
0.0,0.0,5.36149666774e-07
0.0,0.0,0.00158701897734
0.0,0.0,0.00253745033409
0.0,0.0,1.28896750442e-12
0.0,0.0,2.64804463561e-08
0.0,1.0,0.999986134947
0.0,0.0,0.000126854168782
0.0,0.0,1.15562281831e-09
0.0,0.0,1.29748319121e-10
0.0,0.0,5.81850104188e-12
0.0,1.0,0.999994254819
0.0,0.0,2.14094926628e-05
0.0,1.0,0.999899547917
0.0,0.0,0.000387428981696
0.0,0.0,1.04205459548e-14
0.0,0.0,1.40175998978e-05
0.0,0.0,3.37779399289e-06
0.0,0.0,1.39570253052e-06
0.0,1.0,0.999999999999
0.0,0.0,0.00388814584579
0.0,0.0,3.98337347821e-14
0.0,0.0,4.1587518493e-10
0.0,0.0,2.70783351505e-14
0.0,0.0,0.251903858121
0.0,0.0,0.00192130980043
0.0,1.0,0.999999999981
0.0,0.0,0.00704129359948
0.0,0.0,3.6312797175e-13
0.0,1.0,0.999593407451
0.0,0.0,0.16772166141
0.0,0.0,3.11078030983e-06
0.0,1.0,0.982368930718
0.0,0.0,2.49901046111e-11
0.0,0.0,0.000312218478813
0.0,0.0,9.52882906031e-07
0.0,0.0,1.524143738e-07
0.0,0.0,4.22878116818e-10
0.0,0.0,2.90352752985e-14
0.0,0.0,3.51511650758e-05
0.0,0.0,2.21354621561e-08
0.0,0.0,1.02945415501e-06
0.0,0.0,3.86519157174e-12
0.0,0.0,5.07635976076e-10
0.0,0.0,3.05121278418e-10
0.0,0.0,0.0125441577325
0.0,0.0,9.07734494239e-08
0.0,0.0,0.00155986022897
0.0,0.0,5.94568562567e-05
0.0,1.0,0.814534940316
0.0,0.0,0.305289166323
0.0,1.0,0.562764975877
0.0,1.0,0.999999988544
0.0,0.0,1.06236044972e-06
0.0,0.0,3.11836284443e-05
0.0,0.0,6.85953498712e-07
0.0,1.0,1.0
0.0,1.0,0.861650635157
0.0,0.0,3.01517868157e-11
0.0,1.0,0.999999999994
0.0,1.0,0.999730596544
0.0,0.0,0.0379392626484
0.0,1.0,0.999998293569
0.0,0.0,6.11428022513e-06
0.0,1.0,0.999999939052
0.0,0.0,5.8321485226e-06
0.0,0.0,1.1424117555e-12
0.0,0.0,0.342920494905
0.0,0.0,0.000129819926126
0.0,0.0,3.56653477436e-08
0.0,0.0,7.57656248469e-11
0.0,1.0,0.99999999701
0.0,0.0,3.9957235822e-05
0.0,0.0,7.15422111922e-08
0.0,0.0,4.76159123702e-10
0.0,1.0,0.976003622164
0.0,1.0,1.0
0.0,1.0,0.935707787731
0.0,1.0,1.0
0.0,0.0,4.79963260609e-06
0.0,0.0,2.86082200417e-11
0.0,0.0,4.92886329901e-10
0.0,1.0,0.999999977406
0.0,0.0,4.7490137249e-13
0.0,0.0,0.299957018264
0.0,0.0,2.70430707516e-14
0.0,0.0,0.177763912472
0.0,1.0,1.0
0.0,0.0,2.2834310339e-07
0.0,1.0,0.999191240016
0.0,0.0,0.000386999535622
0.0,1.0,0.997782331357
0.0,0.0,2.89029824105e-10
0.0,0.0,3.02571975812e-08
0.0,0.0,1.28692413367e-08
0.0,1.0,0.999999999017
0.0,0.0,0.0469054259417
0.0,0.0,6.1253484591e-09
0.0,0.0,7.12983870119e-11
0.0,0.0,0.00881505331221
0.0,0.0,0.000162435973197
0.0,0.0,3.657316639e-12
0.0,0.0,2.49124636437e-08
0.0,0.0,1.61942055258e-06
0.0,1.0,1.0
0.0,0.0,9.74009313476e-09
0.0,0.0,0.0531402514403
0.0,0.0,1.60295125611e-09
0.0,1.0,0.999999629564
0.0,1.0,0.999657029185
0.0,0.0,0.021630764005
0.0,0.0,7.07416230206e-06
0.0,0.0,6.7726777038e-10
0.0,0.0,3.65046109626e-06
0.0,0.0,1.26620814881e-07
0.0,0.0,0.000225906894305
0.0,0.0,3.08484977044e-14
0.0,0.0,3.42571453112e-05
0.0,1.0,0.985968090687
0.0,0.0,0.00181029837209
0.0,0.0,0.173641820005
0.0,0.0,6.77528236443e-14
0.0,1.0,1.0
0.0,0.0,0.456202403516
0.0,0.0,0.00114869667622
0.0,0.0,3.4241900712e-07
0.0,0.0,8.43211538361e-07
0.0,0.0,8.1208747789e-06
0.0,1.0,1.0
0.0,1.0,0.999999856645
0.0,0.0,8.50936822041e-12
0.0,0.0,0.382779208293
0.0,0.0,2.42996702722e-12
0.0,0.0,1.01121723078e-10
0.0,0.0,0.000151299150113
0.0,0.0,1.04167593593e-05
0.0,1.0,1.0
0.0,0.0,0.000773019168681
0.0,0.0,0.000620878115816
0.0,0.0,0.000168083310147
0.0,0.0,2.17774449326e-12
0.0,0.0,1.35471368835e-12
0.0,0.0,0.000590144994014
0.0,0.0,4.01017654755e-10
0.0,0.0,0.000911249683381
0.0,0.0,2.7877476487e-09
0.0,0.0,1.56976929505e-10
0.0,1.0,0.998520402689
0.0,0.0,2.33035252536e-08
0.0,0.0,1.21463202776e-13
0.0,0.0,8.69342353235e-10
0.0,1.0,0.998876953705
0.0,0.0,2.95474141155e-12
0.0,0.0,5.69963354007e-05
0.0,0.0,9.35754916234e-11
0.0,0.0,2.0788013002e-08
0.0,0.0,0.00103898599178
0.0,1.0,1.0
0.0,0.0,2.43765459358e-13
0.0,1.0,1.0
0.0,0.0,0.00847078043499
0.0,1.0,0.999966379225
0.0,1.0,0.999715408713
0.0,0.0,1.84093833617e-14
0.0,1.0,0.948284517252
0.0,0.0,3.9996337427e-05
0.0,0.0,3.56185207142e-09
0.0,1.0,1.0
0.0,1.0,0.999999999991
0.0,1.0,0.999999999891
0.0,0.0,1.14723698799e-07
0.0,0.0,1.92760916865e-12
0.0,0.0,2.73404529284e-09
0.0,0.0,0.00931250932009
0.0,1.0,1.0
0.0,0.0,1.48255827096e-08
0.0,0.0,3.70743810308e-08
0.0,0.0,2.94874263545e-09
0.0,1.0,0.999805064749
0.0,1.0,1.0
0.0,1.0,1.0
0.0,1.0,0.999999999947
0.0,0.0,0.0023374067339
0.0,1.0,0.995855017385
0.0,1.0,1.0
0.0,1.0,0.999999877311
0.0,0.0,4.08841486625e-08
0.0,0.0,4.96080950619e-13
0.0,1.0,0.999304153958
0.0,1.0,0.891980272057
0.0,1.0,0.999985055867
0.0,1.0,0.900121811846
0.0,0.0,2.57255886633e-07
0.0,1.0,1.0
0.0,0.0,1.65283711154e-12
0.0,1.0,1.0
0.0,0.0,2.08714145046e-13
0.0,1.0,0.999999999998
0.0,0.0,0.237303180085
0.0,1.0,1.0
0.0,1.0,0.999845851835
0.0,1.0,0.999725169271
0.0,1.0,1.0
0.0,1.0,0.509644564105
0.0,1.0,1.0
0.0,1.0,0.999902100174
0.0,0.0,1.18836702953e-14
0.0,0.0,2.85737090357e-05
0.0,1.0,0.999991106335
0.0,0.0,1.40615013238e-10
0.0,0.0,9.11909662838e-09
0.0,1.0,1.0
0.0,1.0,0.711584596412
0.0,1.0,0.999999999277
0.0,1.0,0.999971631512
0.0,1.0,0.999999999304
0.0,1.0,0.995211911588
0.0,1.0,0.999993452809
0.0,1.0,0.999999974364
0.0,0.0,1.68397743178e-05
0.0,1.0,0.999999316189
0.0,1.0,1.0
0.0,1.0,0.910099815396
0.0,0.0,1.16859923712e-08
0.0,0.0,3.55878789323e-13
0.0,0.0,7.09596807573e-14
0.0,0.0,2.03142973692e-07
0.0,1.0,1.0
0.0,0.0,0.0245522046745
0.0,1.0,0.999886834497
0.0,1.0,1.0
0.0,0.0,2.41350817778e-09
0.0,1.0,1.0
0.0,0.0,3.28404005727e-08
0.0,0.0,2.04003288618e-06
0.0,1.0,0.999999316755
0.0,1.0,0.999681683504
0.0,0.0,2.1759277504e-07
0.0,0.0,1.52057021064e-12
0.0,1.0,1.0
0.0,0.0,6.64636017111e-07
0.0,0.0,1.5282233214e-17
0.0,0.0,0.000672548338858
0.0,0.0,9.23144487064e-14
0.0,1.0,1.0
0.0,0.0,0.000216555858277
0.0,1.0,0.999999668187
0.0,0.0,4.92951185904e-11
0.0,1.0,0.999999999909
0.0,0.0,4.39255890624e-06
0.0,1.0,0.999999763504
0.0,0.0,0.000327338391321
0.0,1.0,0.987033635635
0.0,1.0,0.978596876328
0.0,1.0,0.999999998873
0.0,1.0,0.999988481944
0.0,1.0,0.999760547587
0.0,1.0,1.0
0.0,0.0,0.433988236424
0.0,0.0,4.31678038407e-11
0.0,0.0,6.42710025075e-08
0.0,1.0,1.0
0.0,0.0,0.000203246175211
0.0,1.0,0.999988927786
0.0,1.0,0.999643088132
0.0,0.0,0.390731882278
0.0,1.0,0.999998862108
0.0,1.0,1.0
0.0,1.0,0.99999996368
0.0,1.0,0.656667433438
0.0,0.0,0.157932272717
0.0,1.0,1.0
0.0,0.0,3.13294720836e-08
0.0,0.0,3.46404339569e-13
0.0,0.0,1.9932915409e-07
0.0,0.0,1.50526802178e-14
0.0,0.0,0.000121155528097
0.0,0.0,8.54159237818e-05
0.0,1.0,1.0
0.0,0.0,6.84350275397e-13
0.0,1.0,0.828215355478
0.0,0.0,0.0405745376236
0.0,1.0,0.771214138638
0.0,0.0,1.71310298805e-14
0.0,1.0,0.999999989143
0.0,0.0,6.54557293672e-14
0.0,0.0,4.79675953654e-06
0.0,0.0,0.000157386839531
0.0,1.0,0.998107453612
0.0,0.0,3.56717421439e-05
0.0,1.0,0.99999999978
0.0,0.0,1.90663873144e-08
0.0,0.0,0.000132542107349
0.0,0.0,2.45516591125e-05
0.0,0.0,2.85511293339e-12
0.0,0.0,1.95176307582e-08
0.0,1.0,0.999180959176
0.0,0.0,1.32904590793e-12
0.0,0.0,1.75925908324e-10
0.0,0.0,3.0860315261e-10
0.0,0.0,4.38573171951e-06
0.0,0.0,4.19782092063e-11
0.0,0.0,4.27332406516e-10
0.0,1.0,0.999987932203
0.0,0.0,3.94615910048e-08
0.0,0.0,2.08864107602e-07
0.0,0.0,1.12042932689e-06
0.0,0.0,2.6546721598e-13
0.0,0.0,3.82342073454e-08
0.0,0.0,5.56762898528e-07
0.0,0.0,1.75340897593e-14
0.0,0.0,0.106510047976
0.0,0.0,0.120673354914
0.0,1.0,0.999973077883
0.0,0.0,5.80523538432e-07
0.0,0.0,1.27467792543e-10
0.0,0.0,0.259787893188
0.0,0.0,1.13341996134e-05
0.0,1.0,0.945674869826
0.0,0.0,3.21869379985e-09
0.0,0.0,6.81574535834e-05
0.0,1.0,0.999999374917
0.0,0.0,9.37901756397e-11
0.0,0.0,0.000136128790435
0.0,0.0,0.00310645667518
0.0,1.0,1.0
0.0,0.0,2.41431460686e-12
0.0,0.0,4.62622165691e-12
0.0,0.0,1.75305083968e-11
0.0,0.0,1.76479374918e-09
0.0,0.0,0.00999399207574
0.0,1.0,0.710315841681
0.0,0.0,2.09387954615e-12
0.0,0.0,2.04354460152e-12
0.0,0.0,1.4864810784e-10
0.0,0.0,0.431138292734
0.0,0.0,8.94246854332e-13
0.0,0.0,7.24019753419e-09
0.0,1.0,0.986872884894
0.0,1.0,0.887771668685
0.0,0.0,4.09511316226e-10
0.0,0.0,1.02560520074e-08
0.0,0.0,5.57451651338e-11
0.0,0.0,0.00895053909487
0.0,0.0,2.4589270459e-09
0.0,0.0,0.00225827981093
0.0,0.0,1.12150822284e-08
0.0,0.0,3.57942529384e-07
0.0,0.0,2.74339570457e-06
0.0,0.0,1.85306707333e-10
0.0,0.0,4.02955277049e-16
0.0,0.0,2.53940800648e-11
0.0,1.0,0.99964072119
0.0,1.0,0.755861681662
0.0,0.0,2.61825465174e-11
0.0,0.0,6.36946188331e-13
0.0,0.0,6.96500474121e-08
0.0,0.0,0.000396067246575
0.0,0.0,0.000147480941183
0.0,0.0,0.0760089440512
0.0,0.0,0.00847638928084
0.0,0.0,1.06018461613e-08
0.0,0.0,1.10222412869e-08
0.0,0.0,0.0120118739314
0.0,0.0,0.437574245618
0.0,0.0,1.1067113713e-08
0.0,0.0,0.00437618184525
0.0,0.0,6.83637794147e-06
0.0,0.0,3.16891854217e-07
0.0,0.0,2.51233045162e-10
0.0,0.0,1.2850026607e-12
0.0,0.0,1.08180955882e-09
0.0,0.0,0.0787673410657
0.0,0.0,8.06594645167e-11
0.0,0.0,3.11603797349e-10
0.0,0.0,1.36199943507e-10
0.0,0.0,5.02167295547e-15
0.0,0.0,3.1827713595e-06
0.0,0.0,3.75725679363e-09
0.0,1.0,0.999999999998
0.0,0.0,0.205644195167
0.0,0.0,2.07176431636e-05
0.0,1.0,0.927551595319
0.0,0.0,8.56383323758e-10
0.0,0.0,9.62876397838e-11
0.0,0.0,7.47618882915e-07
0.0,0.0,1.25056164318e-08
0.0,0.0,0.00410260903285
0.0,1.0,0.999999907225
0.0,1.0,0.999997542909
0.0,0.0,1.98746052104e-12
0.0,0.0,8.59074797143e-05
0.0,0.0,7.18062796465e-14
0.0,0.0,4.93711750019e-07
0.0,0.0,1.56153237772e-10
0.0,0.0,8.2997499881e-07
