1.0,0.0,1.56461718465e-18
1.0,1.0,1.0
1.0,0.0,8.10990713804e-08
1.0,1.0,1.0
1.0,0.0,4.3726924432e-08
1.0,0.0,6.15060044993e-09
1.0,0.0,1.76646388957e-11
1.0,1.0,1.0
1.0,0.0,3.13642719568e-15
1.0,0.0,8.29123755292e-13
1.0,0.0,8.65029540538e-05
1.0,0.0,2.70132233569e-06
1.0,1.0,1.0
1.0,1.0,0.811311230262
1.0,1.0,0.993443682113
1.0,1.0,0.86899870552
1.0,1.0,1.0
1.0,0.0,1.57738392935e-11
1.0,0.0,4.35425007523e-15
1.0,0.0,0.0685970728403
1.0,0.0,2.02117944093e-20
1.0,1.0,0.96937045579
1.0,1.0,0.999999982141
1.0,0.0,1.2773769974e-26
1.0,1.0,1.0
1.0,1.0,1.0
1.0,0.0,1.82587183286e-15
1.0,0.0,8.04642491823e-28
1.0,0.0,0.00109362701466
1.0,1.0,1.0
1.0,1.0,0.999998743497
1.0,1.0,1.0
1.0,1.0,0.99892640859
1.0,0.0,7.65344280221e-16
1.0,0.0,0.000186647255233
1.0,0.0,1.16034021399e-19
1.0,0.0,7.01214202762e-19
1.0,0.0,1.9505202017e-18
1.0,1.0,1.0
1.0,1.0,1.0
1.0,0.0,0.0584545203931
1.0,1.0,1.0
1.0,0.0,0.000230245367039
1.0,1.0,1.0
1.0,1.0,1.0
1.0,0.0,6.60568946636e-06
1.0,0.0,0.0040639612157
1.0,1.0,1.0
1.0,1.0,0.999999999985
1.0,1.0,1.0
1.0,1.0,0.999998846992
1.0,1.0,1.0
1.0,0.0,2.56709058514e-09
1.0,0.0,7.62693871725e-05
1.0,1.0,1.0
1.0,1.0,1.0
1.0,1.0,0.999999998768
1.0,1.0,0.999999999987
1.0,0.0,2.77734572019e-08
1.0,0.0,1.16702472702e-11
1.0,1.0,1.0
1.0,0.0,8.16954807616e-05
1.0,1.0,1.0
1.0,1.0,1.0
1.0,1.0,1.0
1.0,1.0,1.0
1.0,1.0,1.0
1.0,0.0,2.7218155423e-21
1.0,0.0,6.71344456371e-10
1.0,0.0,6.84198695607e-12
1.0,1.0,0.995603011721
1.0,0.0,0.000132641113817
1.0,0.0,6.35142698741e-06
1.0,1.0,0.997905736284
1.0,0.0,1.68368101217e-10
1.0,1.0,0.999999999969
1.0,1.0,1.0
1.0,0.0,0.0315838285865
1.0,1.0,1.0
1.0,0.0,8.40128899286e-16
1.0,1.0,0.999999999991
1.0,1.0,1.0
1.0,1.0,1.0
1.0,1.0,1.0
1.0,1.0,1.0
1.0,1.0,1.0
1.0,0.0,0.151317635249
1.0,1.0,1.0
1.0,1.0,1.0
1.0,0.0,1.12482484777e-05
1.0,0.0,8.02270998404e-05
1.0,1.0,1.0
1.0,1.0,1.0
1.0,1.0,1.0
1.0,1.0,1.0
1.0,0.0,0.0399849109053
1.0,1.0,1.0
1.0,0.0,0.0113563696003
1.0,1.0,1.0
1.0,0.0,1.28833286086e-06
1.0,1.0,1.0
1.0,1.0,1.0
1.0,1.0,1.0
1.0,0.0,2.20718512263e-12
1.0,0.0,1.94058359427e-15
1.0,1.0,1.0
1.0,1.0,1.0
1.0,1.0,0.999999992999
1.0,0.0,5.78760461241e-05
1.0,1.0,1.0
1.0,1.0,1.0
1.0,1.0,1.0
1.0,1.0,0.999999906865
1.0,1.0,0.997676532197
1.0,0.0,1.37695452272e-18
1.0,1.0,0.999997373482
1.0,1.0,0.999999999682
1.0,0.0,2.56292834335e-08
1.0,0.0,6.74672976682e-09
1.0,1.0,1.0
1.0,1.0,1.0
1.0,1.0,1.0
1.0,1.0,1.0
1.0,0.0,0.102736365451
1.0,1.0,1.0
1.0,1.0,1.0
1.0,1.0,1.0
1.0,0.0,2.57582685047e-07
1.0,1.0,1.0
1.0,1.0,1.0
1.0,1.0,1.0
1.0,1.0,1.0
1.0,1.0,1.0
1.0,0.0,2.07090255889e-18
1.0,0.0,6.03644229483e-09
1.0,1.0,1.0
1.0,0.0,1.09412946101e-10
1.0,1.0,1.0
1.0,0.0,3.66511791353e-18
1.0,1.0,0.999181120986
1.0,1.0,0.99977127876
1.0,1.0,0.999999999996
1.0,0.0,1.56920187055e-06
1.0,1.0,0.999999999931
1.0,1.0,1.0
1.0,1.0,1.0
1.0,0.0,4.16855926216e-25
1.0,0.0,3.30714955741e-07
1.0,0.0,1.01974606596e-08
1.0,0.0,2.40147008697e-07
1.0,0.0,2.18214787819e-15
1.0,0.0,2.01415399626e-16
1.0,0.0,8.54488188508e-17
1.0,0.0,0.000414819925294
1.0,1.0,0.999937595908
1.0,1.0,1.0
1.0,1.0,0.999996487349
1.0,0.0,1.03226591871e-17
1.0,0.0,1.26291520896e-12
1.0,1.0,0.999999998635
1.0,0.0,1.5380568635e-20
1.0,1.0,1.0
1.0,1.0,1.0
1.0,1.0,1.0
1.0,1.0,1.0
1.0,0.0,9.27264604421e-18
1.0,1.0,0.997488886038
1.0,0.0,4.67280424484e-11
1.0,1.0,1.0
1.0,1.0,1.0
1.0,0.0,2.11766752021e-13
1.0,0.0,4.74015612541e-09
1.0,1.0,1.0
1.0,1.0,1.0
1.0,0.0,3.27502879845e-05
1.0,1.0,1.0
1.0,0.0,2.90789080887e-13
1.0,1.0,0.999999999978
1.0,0.0,1.64368128088e-18
1.0,0.0,6.26805847186e-13
1.0,0.0,4.40239097921e-21
1.0,0.0,4.44075313204e-05
1.0,0.0,3.21848812172e-09
1.0,0.0,1.19263045608e-20
1.0,1.0,1.0
1.0,0.0,2.07827154274e-05
1.0,1.0,0.999999993549
1.0,0.0,2.11266761769e-20
1.0,0.0,3.40991047468e-16
1.0,1.0,1.0
1.0,0.0,3.49318776988e-08
1.0,1.0,1.0
1.0,1.0,1.0
1.0,0.0,0.0359894571536
1.0,1.0,1.0
1.0,0.0,0.0051324640478
1.0,1.0,1.0
1.0,0.0,4.34176399994e-14
1.0,1.0,0.695980973181
1.0,1.0,1.0
1.0,1.0,0.999999999982
1.0,0.0,1.4671916151e-10
1.0,1.0,1.0
1.0,0.0,7.81323706796e-09
1.0,1.0,0.999999946811
1.0,0.0,0.000328404718255
1.0,0.0,1.87228049207e-09
1.0,1.0,0.999999999941
1.0,0.0,6.29192668332e-11
1.0,1.0,1.0
1.0,1.0,1.0
1.0,0.0,1.8542550958e-08
1.0,1.0,1.0
1.0,1.0,0.999999999678
1.0,1.0,1.0
1.0,1.0,1.0
1.0,1.0,1.0
1.0,1.0,0.999999999999
1.0,0.0,2.63202733364e-10
1.0,1.0,1.0
1.0,0.0,3.45720232116e-15
1.0,0.0,4.35570758784e-14
1.0,0.0,5.19090696421e-09
1.0,1.0,0.999959172529
1.0,1.0,0.99999998898
1.0,1.0,1.0
1.0,1.0,1.0
1.0,1.0,0.999999999972
1.0,1.0,1.0
1.0,1.0,0.999985250496
1.0,1.0,0.999999978814
1.0,0.0,5.78630272693e-09
1.0,1.0,0.999999999999
1.0,1.0,0.999999999723
1.0,0.0,1.0060841316e-10
1.0,0.0,1.72301152887e-12
1.0,0.0,9.23445997302e-16
1.0,1.0,0.999877232601
1.0,1.0,1.0
1.0,1.0,1.0
1.0,1.0,1.0
1.0,1.0,0.999999999931
1.0,1.0,0.999999993017
1.0,1.0,1.0
1.0,0.0,0.485881717165
1.0,1.0,1.0
1.0,1.0,0.999999999999
1.0,1.0,0.999995678626
1.0,0.0,1.86261089758e-14
1.0,1.0,1.0
1.0,0.0,0.000101496547622
1.0,1.0,0.987748049173
1.0,1.0,0.999958706614
1.0,1.0,0.903438364884
1.0,0.0,5.73600134987e-16
1.0,1.0,1.0
1.0,0.0,1.33171015777e-09
1.0,1.0,1.0
1.0,1.0,1.0
1.0,1.0,1.0
1.0,0.0,5.72197279822e-11
1.0,1.0,0.999999998364
1.0,0.0,4.95226251836e-12
1.0,1.0,1.0
1.0,0.0,6.97247831598e-08
1.0,1.0,0.999999985663
1.0,0.0,4.89563341572e-10
1.0,1.0,1.0
1.0,1.0,1.0
1.0,1.0,1.0
1.0,0.0,2.68449253793e-15
1.0,1.0,1.0
1.0,1.0,0.999997426544
1.0,1.0,1.0
1.0,1.0,1.0
1.0,0.0,2.34071110708e-11
1.0,0.0,1.42272191209e-09
1.0,1.0,1.0
1.0,1.0,1.0
1.0,0.0,9.07990457388e-12
1.0,1.0,1.0
1.0,0.0,6.56860885291e-11
1.0,0.0,7.1035119288e-11
1.0,1.0,1.0
1.0,1.0,0.999999873146
1.0,0.0,6.64616162451e-14
1.0,1.0,1.0
1.0,1.0,0.999906717814
1.0,1.0,1.0
1.0,1.0,1.0
1.0,1.0,1.0
1.0,0.0,1.16976274761e-07
1.0,1.0,1.0
1.0,0.0,7.92550094352e-14
1.0,0.0,2.35110482033e-16
1.0,0.0,6.11345702289e-21
1.0,1.0,1.0
1.0,0.0,0.00125793017059
1.0,0.0,2.3826639976e-15
1.0,1.0,0.999999999989
1.0,0.0,1.17341816187e-16
1.0,1.0,1.0
1.0,1.0,1.0
1.0,0.0,2.91257485699e-23
1.0,0.0,1.9618053908e-07
1.0,0.0,1.04172976408e-11
1.0,0.0,3.38283535712e-16
1.0,1.0,1.0
1.0,0.0,1.65952004431e-05
1.0,1.0,1.0
1.0,0.0,0.279439294808
1.0,1.0,0.915945846822
1.0,0.0,1.33443430624e-16
1.0,1.0,0.999995896326
1.0,0.0,1.25665886122e-15
1.0,1.0,0.999999999982
1.0,0.0,9.29232573575e-18
1.0,0.0,1.07704148414e-06
1.0,0.0,1.10557370292e-13
1.0,0.0,2.36462331359e-12
1.0,0.0,6.95932324074e-16
1.0,0.0,3.1982158439e-10
1.0,0.0,1.72982157529e-11
1.0,0.0,5.85728593828e-15
1.0,1.0,1.0
1.0,0.0,5.9481823707e-06
1.0,1.0,0.999942240729
1.0,0.0,9.67474432572e-08
1.0,0.0,1.58226331366e-13
1.0,0.0,1.69382114762e-17
1.0,0.0,4.53613607435e-16
1.0,0.0,1.29088680248e-09
1.0,0.0,4.50189192777e-12
1.0,0.0,4.43742811544e-07
1.0,0.0,0.000482771818812
1.0,1.0,1.0
1.0,1.0,0.999959084783
1.0,0.0,4.5201273746e-22
1.0,1.0,0.999743450671
1.0,1.0,0.999999999999
1.0,0.0,1.00064428901e-18
1.0,1.0,1.0
1.0,1.0,1.0
1.0,1.0,1.0
1.0,0.0,1.0525119594e-06
1.0,0.0,1.14395869304e-15
1.0,1.0,0.999971569298
1.0,1.0,0.99999999994
1.0,1.0,0.999999447281
1.0,0.0,0.00134102426841
1.0,1.0,1.0
1.0,0.0,7.62207102435e-08
1.0,1.0,0.989147131306
1.0,0.0,2.67751102372e-19
1.0,0.0,9.03816975911e-11
1.0,1.0,1.0
1.0,1.0,1.0
1.0,0.0,4.44587551534e-05
1.0,1.0,1.0
1.0,0.0,0.00115740097831
1.0,0.0,2.71089728989e-14
1.0,0.0,4.52143989484e-15
1.0,0.0,1.95371493704e-12
1.0,0.0,5.41734919093e-12
1.0,0.0,1.79689934186e-05
1.0,1.0,0.99999999239
1.0,0.0,5.23604329124e-05
1.0,0.0,7.97828471731e-12
1.0,1.0,1.0
1.0,0.0,9.81990668511e-09
1.0,0.0,9.09048041006e-06
1.0,1.0,0.999999999988
1.0,0.0,0.00278268836312
1.0,0.0,4.45381983637e-16
1.0,1.0,1.0
1.0,0.0,1.22949187113e-10
1.0,0.0,1.12710328608e-13
1.0,1.0,0.999999999204
1.0,0.0,4.05977143526e-15
1.0,0.0,5.52976964566e-06
1.0,0.0,1.85198584007e-15
1.0,1.0,1.0
1.0,0.0,3.3687584806e-13
1.0,1.0,0.999999997275
1.0,0.0,0.0035515760714
1.0,0.0,0.000282599585679
1.0,0.0,8.54309894991e-16
1.0,1.0,0.999710943732
1.0,0.0,1.99145011614e-10
1.0,1.0,1.0
1.0,0.0,1.02215220399e-12
1.0,1.0,0.999757729171
1.0,0.0,1.3271935249e-19
1.0,1.0,0.999963983405
1.0,0.0,1.74914060536e-21
1.0,1.0,1.0
1.0,1.0,1.0
1.0,0.0,1.72811408856e-10
1.0,1.0,0.999999997619
1.0,1.0,1.0
1.0,1.0,0.999987627992
1.0,1.0,0.999999547943
1.0,1.0,0.999994880886
1.0,1.0,1.0
1.0,1.0,1.0
1.0,0.0,1.09578936988e-11
1.0,0.0,3.08913172921e-15
1.0,0.0,1.14455782486e-15
1.0,1.0,1.0
1.0,1.0,1.0
1.0,1.0,0.986949574486
1.0,0.0,0.167758551274
1.0,1.0,0.616718912272
1.0,0.0,1.03634276607e-16
1.0,0.0,3.97077721408e-16
1.0,0.0,1.01135466806e-12
1.0,1.0,1.0
1.0,0.0,6.25063558993e-07
1.0,0.0,0.492429574784
1.0,0.0,5.64214719049e-08
1.0,1.0,1.0
1.0,0.0,1.48884499925e-10
1.0,1.0,1.0
1.0,0.0,6.25115260154e-15
1.0,1.0,1.0
1.0,0.0,1.81744695213e-11
1.0,0.0,0.0141092713074
1.0,1.0,1.0
1.0,0.0,2.9844024893e-16
1.0,0.0,3.44107367999e-13
1.0,0.0,1.99994613771e-18
1.0,1.0,0.999999976125
1.0,0.0,1.77280065602e-08
1.0,0.0,6.20684783166e-25
1.0,0.0,9.14756922063e-05
1.0,0.0,3.05522145134e-08
1.0,1.0,1.0
1.0,1.0,1.0
1.0,1.0,1.0
1.0,0.0,2.89156553436e-18
1.0,1.0,1.0
1.0,1.0,1.0
1.0,0.0,7.66431695264e-18
1.0,0.0,2.41104083309e-09
1.0,0.0,6.20608659228e-06
1.0,0.0,1.5073324502e-10
1.0,1.0,1.0
1.0,0.0,0.108455900901
1.0,1.0,1.0
1.0,0.0,1.53304718878e-10
1.0,0.0,5.59167836426e-16
1.0,1.0,1.0
1.0,0.0,6.66027577923e-10
1.0,0.0,1.11915062141e-14
1.0,0.0,1.2709823487e-12
1.0,0.0,4.77024064167e-17
1.0,1.0,1.0
1.0,1.0,0.999999994531
1.0,0.0,0.067775441919
1.0,1.0,1.0
1.0,0.0,1.93319842872e-19
1.0,0.0,1.21676203492e-15
1.0,1.0,1.0
1.0,1.0,1.0
1.0,0.0,1.19334411377e-18
1.0,0.0,5.34853519511e-17
1.0,1.0,0.999999967154
1.0,0.0,8.73252331906e-08
1.0,0.0,2.95968222949e-06
1.0,0.0,4.11217588848e-13
1.0,0.0,8.01129462227e-14
1.0,1.0,0.999804925362
1.0,0.0,2.97272498623e-16
1.0,0.0,4.37555350737e-20
1.0,1.0,1.0
1.0,0.0,8.06437686888e-12
1.0,0.0,2.08813735801e-07
1.0,1.0,0.986340123628
1.0,0.0,2.42325872987e-09
1.0,0.0,2.79660419225e-05
1.0,0.0,2.227714979e-13
1.0,0.0,3.66812853665e-08
1.0,0.0,8.32615947769e-30
1.0,0.0,4.87402701797e-17
1.0,0.0,0.177368851807
1.0,1.0,0.999999795194
1.0,0.0,3.30589658844e-12
1.0,0.0,5.68905683539e-12
1.0,0.0,9.36217756869e-22
1.0,0.0,2.06999793885e-14
1.0,0.0,9.1782137391e-13
1.0,1.0,1.0
1.0,1.0,1.0
1.0,1.0,1.0
1.0,1.0,0.999867858331
1.0,0.0,2.17137276706e-16
1.0,0.0,2.98460038625e-08
1.0,1.0,1.0
1.0,0.0,0.000888836585009
1.0,0.0,3.59585897351e-13
1.0,1.0,1.0
1.0,0.0,4.0428230178e-14
1.0,1.0,0.999999975811
1.0,0.0,2.49158266786e-06
1.0,0.0,6.22348959239e-06
1.0,0.0,4.59111578066e-14
1.0,0.0,4.33465274358e-11
1.0,1.0,0.944756286612
1.0,1.0,0.996581712156
1.0,0.0,1.30348794642e-12
1.0,1.0,1.0
1.0,1.0,1.0
1.0,1.0,1.0
1.0,1.0,1.0
1.0,0.0,1.78363899644e-20
1.0,0.0,1.21840962709e-08
1.0,1.0,1.0
1.0,1.0,0.785774702939
1.0,0.0,5.32338985091e-09
1.0,0.0,3.49847862494e-11
1.0,1.0,1.0
1.0,1.0,1.0
1.0,1.0,0.999999997878
1.0,1.0,0.999999900435
1.0,0.0,8.30761138194e-08
1.0,0.0,7.74095300376e-16
1.0,0.0,0.000119794646598
1.0,1.0,1.0
1.0,0.0,9.81585599906e-06
1.0,0.0,5.47385562539e-11
1.0,0.0,9.41318630382e-13
1.0,0.0,1.29974408381e-16
1.0,0.0,0.0531673942658
1.0,1.0,1.0
1.0,1.0,0.999999998808
1.0,1.0,0.99999982799
1.0,1.0,1.0
1.0,1.0,1.0
1.0,1.0,0.999980128326
1.0,1.0,0.999989906489
1.0,1.0,0.99988582247
1.0,1.0,0.999994072359
1.0,1.0,1.0
1.0,1.0,0.999967234602
1.0,1.0,1.0
1.0,1.0,1.0
1.0,0.0,4.66634780491e-15
1.0,1.0,1.0
1.0,0.0,2.33248961265e-15
1.0,0.0,1.08675412381e-15
1.0,0.0,3.3172310599e-12
1.0,0.0,6.75185618566e-14
1.0,1.0,1.0
1.0,1.0,0.999999999999
1.0,0.0,5.03364855941e-09
1.0,1.0,0.617167922669
1.0,1.0,0.999999995086
1.0,1.0,0.751571644234
1.0,1.0,1.0
1.0,0.0,1.96606895323e-11
1.0,0.0,6.85669449787e-12
1.0,1.0,1.0
1.0,1.0,1.0
1.0,0.0,3.32872605341e-09
1.0,0.0,3.07675073055e-13
1.0,0.0,2.30609888694e-17
1.0,0.0,6.18788068886e-09
1.0,0.0,4.99197662796e-16
1.0,0.0,1.82982769822e-12
1.0,1.0,1.0
1.0,0.0,2.37579251125e-14
1.0,0.0,1.29457010728e-13
1.0,1.0,1.0
1.0,1.0,1.0
1.0,0.0,7.5366617495e-05
1.0,1.0,1.0
1.0,0.0,9.23465798366e-06
1.0,1.0,0.999999009918
1.0,0.0,3.26517045296e-14
1.0,1.0,0.733384185506
1.0,1.0,0.999999954831
1.0,0.0,2.00247875939e-11
1.0,1.0,1.0
1.0,0.0,2.58180530377e-19
1.0,1.0,0.999999999976
1.0,0.0,0.0567305145756
1.0,1.0,0.999999996976
1.0,0.0,1.74486260551e-13
1.0,1.0,1.0
1.0,1.0,1.0
1.0,0.0,2.17135151187e-10
1.0,0.0,7.69361275904e-05
1.0,1.0,0.999999998701
1.0,1.0,0.999999978791
1.0,0.0,4.88427927437e-15
1.0,1.0,1.0
1.0,0.0,5.05823893332e-21
1.0,1.0,1.0
1.0,1.0,1.0
1.0,1.0,0.999999999999
1.0,1.0,1.0
1.0,0.0,9.39358067949e-09
1.0,0.0,0.000223385179965
1.0,1.0,1.0
1.0,0.0,3.07158419717e-16
1.0,0.0,1.59318606757e-19
1.0,1.0,0.999999999995
1.0,0.0,5.27881065189e-11
1.0,0.0,0.000116673266506
1.0,1.0,1.0
1.0,1.0,0.999895143817
1.0,1.0,1.0
1.0,0.0,2.15476937233e-14
1.0,1.0,0.999999148463
1.0,0.0,4.6934063538e-16
1.0,0.0,1.07888728597e-20
1.0,1.0,0.999999999992
1.0,1.0,0.920033742019
1.0,1.0,0.999999999983
1.0,0.0,2.86651378305e-10
1.0,1.0,1.0
1.0,0.0,5.49526994965e-07
1.0,1.0,1.0
1.0,1.0,0.999999988749
1.0,0.0,4.57092951838e-05
1.0,0.0,3.96214845336e-15
1.0,1.0,1.0
1.0,0.0,0.0260478852419
1.0,1.0,1.0
1.0,1.0,1.0
1.0,1.0,0.999999993647
1.0,1.0,1.0
1.0,0.0,1.4075299214e-13
1.0,1.0,0.996030584144
1.0,0.0,8.15519600527e-06
1.0,1.0,0.999999999574
1.0,0.0,2.40248624108e-18
1.0,1.0,1.0
1.0,1.0,1.0
1.0,1.0,1.0
1.0,0.0,1.3200057096e-24
1.0,1.0,0.972397247432
1.0,1.0,0.999890256954
1.0,1.0,1.0
1.0,0.0,1.85890423611e-13
1.0,1.0,1.0
1.0,1.0,1.0
1.0,0.0,3.93645615085e-10
1.0,0.0,6.56738333186e-21
1.0,1.0,1.0
1.0,0.0,1.74999558165e-16
1.0,0.0,4.00523113242e-12
1.0,1.0,0.986672242085
1.0,1.0,1.0
1.0,0.0,3.42374617014e-07
1.0,1.0,0.999997531657
1.0,0.0,1.53543321104e-16
1.0,0.0,9.23284634487e-16
1.0,1.0,1.0
1.0,1.0,1.0
1.0,1.0,1.0
1.0,1.0,1.0
1.0,1.0,1.0
1.0,1.0,0.999999999999
1.0,0.0,1.28909008926e-16
1.0,0.0,1.28210030704e-08
1.0,1.0,0.999999997853
1.0,1.0,0.999999981643
1.0,0.0,6.06537577628e-14
1.0,0.0,6.80229011266e-15
1.0,0.0,5.44001370717e-11
1.0,0.0,3.13314101442e-12
1.0,0.0,1.76781181381e-14
1.0,1.0,1.0
1.0,1.0,1.0
1.0,1.0,0.999995756071
1.0,0.0,0.188917633381
1.0,0.0,9.73618837053e-16
1.0,0.0,5.09770467395e-06
1.0,1.0,1.0
1.0,1.0,1.0
1.0,0.0,2.09267590909e-13
1.0,0.0,4.15328288633e-17
1.0,0.0,1.07090564777e-13
1.0,0.0,7.51056965085e-22
1.0,0.0,9.42695871526e-17
1.0,1.0,0.999999600711
1.0,0.0,2.70979890727e-12
1.0,0.0,3.96874445765e-18
1.0,0.0,7.40338027182e-12
1.0,0.0,1.8644507764e-11
1.0,1.0,1.0
1.0,1.0,1.0
1.0,0.0,2.41954730527e-20
1.0,1.0,1.0
1.0,1.0,0.999949380884
1.0,1.0,0.999999999856
1.0,1.0,1.0
1.0,1.0,1.0
1.0,0.0,5.5440383061e-10
1.0,0.0,6.73072765954e-19
1.0,0.0,3.0278516923e-10
1.0,0.0,1.8880780679e-06
1.0,1.0,1.0
1.0,1.0,1.0
1.0,1.0,1.0
1.0,0.0,8.06069929018e-18
1.0,0.0,3.98581779837e-21
1.0,0.0,2.194156705e-12
1.0,0.0,9.02704241526e-07
1.0,1.0,0.999993166133
1.0,1.0,1.0
1.0,1.0,0.997116193967
1.0,0.0,6.71838380964e-18
1.0,1.0,0.999999999999
1.0,1.0,1.0
1.0,1.0,0.999999995783
1.0,0.0,0.318102521087
1.0,0.0,0.466994779255
1.0,1.0,0.99999999999
1.0,0.0,8.10708050443e-06
1.0,1.0,0.999999987154
1.0,0.0,4.32735519808e-18
1.0,1.0,0.999999999917
1.0,0.0,7.35877090548e-10
1.0,1.0,1.0
1.0,0.0,8.33032098871e-08
1.0,0.0,3.22678374356e-11
1.0,1.0,0.999999999999
1.0,1.0,0.999999131079
1.0,1.0,1.0
1.0,1.0,1.0
1.0,0.0,5.50348736599e-11
1.0,1.0,1.0
1.0,1.0,1.0
1.0,1.0,1.0
1.0,0.0,2.46006997205e-09
1.0,0.0,4.51271724533e-15
1.0,1.0,0.999999999961
1.0,1.0,0.999976467108
1.0,1.0,1.0
1.0,0.0,1.03312551506e-09
1.0,1.0,1.0
1.0,1.0,0.999989323311
1.0,0.0,0.159903525318
1.0,1.0,1.0
1.0,1.0,0.999999999272
1.0,0.0,1.04333877322e-11
1.0,1.0,1.0
1.0,1.0,1.0
1.0,0.0,0.000128656398141
1.0,1.0,1.0
1.0,0.0,2.63341026231e-24
1.0,0.0,4.50935818847e-07
1.0,0.0,1.0943792944e-09
1.0,1.0,1.0
1.0,1.0,0.999999999964
1.0,1.0,1.0
1.0,1.0,1.0
1.0,1.0,0.990207734633
1.0,1.0,0.99990307684
1.0,0.0,1.22041774649e-13
1.0,0.0,1.55756853556e-12
1.0,0.0,1.51659091308e-11
1.0,0.0,3.05172308421e-13
1.0,0.0,2.99948228121e-19
1.0,0.0,1.47825680571e-05
1.0,1.0,0.551102053985
1.0,1.0,1.0
1.0,0.0,2.06427023068e-12
1.0,1.0,0.999804658278
1.0,0.0,1.21450685062e-12
1.0,1.0,0.999999999986
1.0,1.0,1.0
1.0,1.0,0.999997973218
1.0,0.0,1.45194671079e-13
1.0,1.0,0.975409299649
1.0,0.0,1.07299323611e-14
1.0,1.0,1.0
1.0,0.0,1.40560660195e-05
1.0,0.0,4.98543285956e-24
1.0,1.0,1.0
1.0,1.0,0.999531830905
1.0,1.0,1.0
1.0,0.0,4.91019583793e-13
1.0,1.0,0.998788129946
1.0,1.0,1.0
1.0,0.0,8.57274751193e-13
1.0,0.0,1.20945498074e-16
1.0,0.0,1.23117888794e-07
1.0,1.0,1.0
1.0,1.0,1.0
1.0,1.0,1.0
1.0,0.0,7.67925626813e-05
1.0,1.0,1.0
1.0,1.0,0.548540875944
1.0,1.0,0.999999999995
1.0,0.0,1.61002324274e-17
1.0,1.0,1.0
1.0,1.0,1.0
1.0,0.0,5.14891052643e-16
1.0,0.0,1.81436798958e-14
1.0,0.0,0.0426964249622
1.0,0.0,0.000111798488783
1.0,1.0,0.999978218168
1.0,1.0,1.0
1.0,0.0,2.55829520815e-08
1.0,1.0,0.999853616321
1.0,1.0,0.999999513871
1.0,0.0,3.40080595928e-22
1.0,0.0,8.1805460916e-13
1.0,1.0,1.0
1.0,1.0,1.0
1.0,0.0,5.80469109709e-25
1.0,1.0,0.999999999988
1.0,0.0,1.40585944247e-15
1.0,1.0,1.0
1.0,1.0,1.0
1.0,0.0,1.84230154744e-14
1.0,1.0,1.0
1.0,1.0,0.999999992204
1.0,1.0,0.999999976149
1.0,1.0,1.0
1.0,1.0,1.0
1.0,1.0,1.0
1.0,0.0,7.9862206929e-26
1.0,0.0,8.90103268166e-22
1.0,0.0,2.17493862683e-11
1.0,1.0,1.0
1.0,1.0,1.0
1.0,1.0,0.999999999285
1.0,1.0,0.999999671873
1.0,1.0,0.999999774069
1.0,1.0,1.0
1.0,0.0,1.2979585812e-18
1.0,1.0,1.0
1.0,1.0,1.0
1.0,1.0,1.0
1.0,0.0,2.0944465606e-15
1.0,1.0,1.0
1.0,1.0,0.603426222284
1.0,1.0,1.0
1.0,1.0,1.0
1.0,1.0,1.0
1.0,1.0,1.0
1.0,1.0,1.0
1.0,1.0,1.0
1.0,1.0,1.0
1.0,0.0,4.85983521961e-10
1.0,1.0,0.999999194807
1.0,1.0,1.0
1.0,1.0,1.0
1.0,0.0,0.00850684096337
1.0,1.0,1.0
1.0,1.0,0.999708056111
1.0,1.0,1.0
1.0,0.0,5.945000471e-13
1.0,1.0,0.999996113469
1.0,1.0,1.0
1.0,1.0,1.0
1.0,0.0,6.04865630076e-09
1.0,1.0,0.993342007856
1.0,1.0,1.0
1.0,1.0,1.0
1.0,0.0,2.5871531065e-07
1.0,0.0,1.91733717411e-09
1.0,1.0,1.0
1.0,0.0,4.52431421478e-12
1.0,1.0,0.999411234783
1.0,1.0,1.0
1.0,1.0,1.0
1.0,1.0,1.0
1.0,1.0,0.999999999818
1.0,1.0,1.0
1.0,1.0,0.999999738983
1.0,1.0,1.0
1.0,1.0,0.999999999994
1.0,1.0,1.0
1.0,0.0,0.187092859729
1.0,0.0,1.60998688599e-07
1.0,0.0,1.2940475644e-11
1.0,0.0,2.2009842239e-10
1.0,1.0,0.999999999669
1.0,1.0,1.0
1.0,1.0,1.0
1.0,1.0,1.0
1.0,1.0,1.0
1.0,1.0,0.999999748856
1.0,1.0,1.0
1.0,0.0,1.3928761277e-14
1.0,1.0,1.0
1.0,1.0,0.75871624782
1.0,0.0,4.13669210819e-09
1.0,0.0,1.11367782096e-10
1.0,1.0,0.976736253146
1.0,1.0,1.0
1.0,1.0,1.0
1.0,1.0,0.991950479376
1.0,1.0,0.996348843135
1.0,1.0,1.0
1.0,1.0,1.0
1.0,1.0,1.0
1.0,1.0,0.998720022126
1.0,1.0,0.999999999977
1.0,1.0,1.0
1.0,1.0,1.0
1.0,1.0,1.0
1.0,1.0,1.0
1.0,1.0,1.0
1.0,0.0,8.96318454401e-05
1.0,1.0,0.999999990188
1.0,0.0,6.22381447884e-23
1.0,0.0,9.84702091085e-07
1.0,1.0,1.0
1.0,1.0,1.0
1.0,1.0,1.0
1.0,0.0,1.23846122153e-18
1.0,1.0,1.0
1.0,1.0,0.99999999999
1.0,1.0,1.0
1.0,1.0,0.999999959483
1.0,1.0,1.0
1.0,0.0,4.49497765376e-16
1.0,0.0,4.49071894837e-07
1.0,0.0,4.52905204414e-22
1.0,0.0,1.22115599857e-07
1.0,1.0,1.0
1.0,0.0,1.53672398516e-17
1.0,0.0,3.08190195347e-11
1.0,1.0,1.0
1.0,1.0,1.0
1.0,1.0,1.0
1.0,1.0,0.999999999987
1.0,0.0,3.63945349819e-15
1.0,1.0,1.0
1.0,0.0,2.26808464226e-14
1.0,1.0,1.0
1.0,1.0,0.999999977023
1.0,1.0,1.0
1.0,0.0,5.41883552593e-28
1.0,0.0,2.57551605893e-18
1.0,1.0,1.0
1.0,0.0,7.02585189812e-09
1.0,0.0,2.50056435517e-21
1.0,1.0,0.834012466415
1.0,0.0,7.25417655071e-27
1.0,0.0,2.25330243182e-12
1.0,1.0,1.0
1.0,0.0,2.93795388469e-11
1.0,1.0,1.0
1.0,0.0,1.58558863352e-12
1.0,1.0,0.999951156979
1.0,1.0,1.0
1.0,1.0,0.99998189317
1.0,0.0,2.88195904126e-18
1.0,1.0,1.0
1.0,1.0,1.0
1.0,0.0,1.61830702064e-22
1.0,0.0,6.26777817835e-13
1.0,1.0,1.0
1.0,1.0,1.0
1.0,0.0,0.141472400856
1.0,1.0,1.0
1.0,0.0,5.58889709056e-19
1.0,1.0,0.950339831306
1.0,1.0,1.0
1.0,0.0,4.09791106849e-08
1.0,0.0,1.25159537002e-22
1.0,1.0,0.999999999923
1.0,0.0,2.37641933542e-08
1.0,0.0,5.11159065077e-13
1.0,1.0,0.999999931997
1.0,1.0,1.0
1.0,1.0,0.99908610306
1.0,1.0,1.0
1.0,1.0,0.722501007443
1.0,1.0,1.0
1.0,1.0,0.720978978988
1.0,1.0,1.0
1.0,1.0,1.0
1.0,1.0,0.999989538584
1.0,1.0,0.99997027842
1.0,1.0,1.0
1.0,0.0,1.25323659113e-15
1.0,1.0,1.0
1.0,1.0,0.999999999983
1.0,0.0,8.44913467529e-18
1.0,1.0,0.99994997341
1.0,1.0,1.0
1.0,1.0,1.0
1.0,1.0,0.999999999793
1.0,0.0,8.85173699435e-08
1.0,1.0,1.0
1.0,0.0,1.47845029404e-17
1.0,0.0,4.38467475343e-15
1.0,1.0,1.0
1.0,1.0,1.0
1.0,0.0,2.37263844813e-16
1.0,1.0,0.999983387653
1.0,0.0,2.9053175714e-13
1.0,0.0,4.84560128838e-23
1.0,1.0,1.0
1.0,1.0,1.0
1.0,0.0,4.0583660929e-29
1.0,0.0,2.92645597335e-17
1.0,1.0,1.0
1.0,1.0,1.0
1.0,0.0,3.24497624472e-19
1.0,0.0,3.57471632821e-10
1.0,0.0,5.11227124387e-12
1.0,0.0,0.000110033600485
1.0,1.0,0.999359768141
1.0,1.0,1.0
1.0,1.0,1.0
1.0,1.0,1.0
1.0,0.0,2.2474758386e-21
1.0,0.0,6.52555254703e-15
1.0,1.0,1.0
1.0,0.0,1.80917402403e-16
1.0,0.0,6.23813380842e-16
1.0,1.0,1.0
1.0,0.0,3.32546782149e-08
1.0,0.0,1.92524241005e-08
1.0,1.0,0.999999995678
1.0,1.0,0.999994479476
1.0,0.0,9.89676499644e-16
1.0,1.0,0.99999999994
1.0,1.0,0.999999999918
1.0,0.0,6.08606449279e-19
1.0,0.0,9.71386230641e-14
1.0,0.0,1.1366065973e-14
1.0,1.0,0.999647313339
1.0,1.0,0.999897324792
1.0,0.0,1.12298200929e-15
1.0,1.0,0.999927837379
1.0,0.0,0.00423106894175
1.0,0.0,2.60726594981e-12
1.0,0.0,1.98042142817e-18
1.0,1.0,0.999990100251
1.0,1.0,0.999999745076
1.0,1.0,1.0
1.0,1.0,1.0
1.0,0.0,3.70398557573e-12
1.0,1.0,1.0
1.0,1.0,0.999999999925
1.0,1.0,0.93723965541
1.0,0.0,8.0964081726e-24
1.0,0.0,1.11198084901e-15
1.0,1.0,0.999996799451
1.0,1.0,1.0
1.0,1.0,1.0
1.0,1.0,1.0
1.0,0.0,3.23193415534e-09
1.0,1.0,0.999999359155
1.0,0.0,4.66418136e-13
1.0,1.0,0.741531509692
1.0,1.0,0.999999999992
1.0,1.0,1.0
1.0,1.0,0.999775805358
1.0,0.0,5.24100596516e-17
1.0,1.0,1.0
1.0,1.0,0.996399059878
1.0,1.0,1.0
1.0,0.0,6.39867347813e-06
1.0,0.0,9.05700435253e-13
1.0,1.0,1.0
1.0,1.0,1.0
1.0,1.0,1.0
1.0,0.0,4.36247008408e-08
1.0,1.0,1.0
1.0,0.0,5.07870375445e-05
1.0,1.0,0.999999999802
1.0,1.0,0.999999929152
1.0,1.0,0.999999994311
1.0,1.0,1.0
1.0,1.0,0.999892824667
1.0,1.0,1.0
1.0,1.0,0.995010161737
1.0,0.0,2.80287864352e-05
1.0,1.0,0.99996919262
1.0,1.0,1.0
1.0,0.0,0.0238987431606
1.0,0.0,1.01397870014e-06
1.0,1.0,0.999999999997
1.0,0.0,3.75728809737e-20
1.0,0.0,9.81235739622e-13
1.0,1.0,1.0
1.0,0.0,0.131034844612
1.0,1.0,1.0
1.0,1.0,0.996934367607
1.0,1.0,0.987949470802
1.0,1.0,1.0
1.0,0.0,2.89304169569e-15
1.0,1.0,1.0
1.0,0.0,8.03375851403e-07
1.0,1.0,0.999999991879
1.0,1.0,0.99998610418
1.0,1.0,0.870202579261
1.0,0.0,2.05962205697e-18
1.0,1.0,1.0
1.0,1.0,0.999995425517
1.0,0.0,3.9666339561e-11
1.0,1.0,1.0
1.0,1.0,0.999999987822
1.0,1.0,0.999999999999
1.0,0.0,0.0120509798949
1.0,1.0,1.0
1.0,0.0,1.81694181749e-07
1.0,1.0,0.999999999999
1.0,1.0,0.999999395759
1.0,1.0,1.0
1.0,0.0,3.47646535864e-08
1.0,0.0,1.43086851524e-09
1.0,0.0,2.89907543281e-22
1.0,0.0,6.87573865057e-15
1.0,1.0,1.0
1.0,1.0,1.0
1.0,1.0,0.996877743263
1.0,1.0,1.0
1.0,1.0,1.0
1.0,1.0,0.999999999995
1.0,0.0,9.3412479489e-13
1.0,1.0,1.0
1.0,1.0,1.0
1.0,1.0,1.0
1.0,0.0,8.26481299133e-14
1.0,1.0,1.0
1.0,1.0,1.0
1.0,0.0,3.3180785405e-14
1.0,1.0,0.999282431256
0.0,0.0,3.43904942848e-06
0.0,1.0,0.999999996054
0.0,0.0,1.05793093729e-05
0.0,0.0,4.50879945319e-16
0.0,0.0,5.87423830775e-17
0.0,0.0,2.05652404369e-10
0.0,0.0,3.52040134704e-20
0.0,1.0,0.950910509341
0.0,0.0,2.57739163407e-15
0.0,1.0,0.9999974459
0.0,0.0,3.87328890144e-14
0.0,0.0,3.89336114787e-14
0.0,0.0,4.03487206e-08
0.0,0.0,1.76009246748e-25
0.0,0.0,3.36694952024e-17
0.0,0.0,0.0101945109717
0.0,0.0,8.43175324946e-11
0.0,1.0,0.586325187293
0.0,0.0,9.92358166009e-17
0.0,0.0,3.63199820066e-14
0.0,1.0,0.999987548576
0.0,0.0,1.38411640844e-10
0.0,0.0,1.7332099287e-13
0.0,0.0,5.44651643645e-09
0.0,0.0,4.22617834474e-21
0.0,0.0,4.01658241689e-10
0.0,0.0,1.50332344027e-06
0.0,0.0,1.61273639508e-20
0.0,0.0,2.30596712621e-16
0.0,0.0,3.20772451407e-08
0.0,0.0,7.71768604735e-12
0.0,0.0,1.65660213294e-23
0.0,0.0,4.38434826808e-14
0.0,0.0,4.87848580916e-21
0.0,0.0,4.92075310592e-27
0.0,0.0,0.000300111055674
0.0,0.0,1.06261364694e-26
0.0,0.0,4.15621466684e-14
0.0,0.0,2.49576542086e-24
0.0,1.0,0.909485072764
0.0,1.0,1.0
0.0,0.0,5.08894159062e-19
0.0,0.0,3.21848698207e-22
0.0,0.0,6.70141376653e-08
0.0,0.0,1.84033186579e-19
0.0,0.0,2.6055904911e-25
0.0,0.0,2.63157314501e-08
0.0,1.0,0.999999999986
0.0,1.0,0.99924217193
0.0,0.0,5.74006086729e-08
0.0,0.0,0.105356830911
0.0,0.0,2.61740560596e-09
0.0,0.0,1.87585683356e-16
0.0,0.0,5.9008442747e-16
0.0,0.0,2.00508059967e-23
0.0,0.0,0.0157870572373
0.0,1.0,1.0
0.0,0.0,9.38875650707e-18
0.0,1.0,0.988610879626
0.0,1.0,0.999993090544
0.0,0.0,1.14471643371e-13
0.0,0.0,1.96451032188e-20
0.0,0.0,3.93113658184e-26
0.0,0.0,4.09989172264e-15
0.0,0.0,1.27960421547e-18
0.0,0.0,4.57173671405e-14
0.0,1.0,0.984699511766
0.0,0.0,7.24015978249e-15
0.0,0.0,4.86122939901e-13
0.0,0.0,4.60492551808e-18
0.0,0.0,6.66766431226e-14
0.0,0.0,2.64436981154e-18
0.0,0.0,6.89972338964e-16
0.0,0.0,1.02547053495e-13
0.0,0.0,2.6748519224e-14
0.0,0.0,8.86982676551e-19
0.0,0.0,2.43750166201e-10
0.0,0.0,3.06470841827e-06
0.0,0.0,3.91255837486e-13
0.0,1.0,0.999999993294
0.0,0.0,3.16389389915e-22
0.0,0.0,1.46259954723e-16
0.0,0.0,1.58989622399e-20
0.0,0.0,3.46117422212e-20
0.0,0.0,2.32639949867e-08
0.0,0.0,0.25815475837
0.0,0.0,6.00859161523e-09
0.0,1.0,0.999999965741
0.0,0.0,3.28803570635e-13
0.0,0.0,1.94428427887e-14
0.0,0.0,3.00547199696e-23
0.0,0.0,2.67161548461e-25
0.0,0.0,9.86099665414e-25
0.0,0.0,9.20987719412e-16
0.0,0.0,1.26272800148e-18
0.0,1.0,0.977531912978
0.0,0.0,7.72386345319e-14
0.0,0.0,2.80087042786e-14
0.0,0.0,3.0990528622e-13
0.0,0.0,2.66777328928e-10
0.0,0.0,2.67021718589e-12
0.0,0.0,8.4897420689e-20
0.0,0.0,5.74916227972e-15
0.0,0.0,2.62199005702e-11
0.0,0.0,4.71765799759e-20
0.0,0.0,1.23782566292e-21
0.0,0.0,3.98275298372e-07
0.0,0.0,6.10830825987e-25
0.0,1.0,0.999999905579
0.0,0.0,3.92226070621e-16
0.0,0.0,4.11223679296e-16
0.0,1.0,1.0
0.0,0.0,7.05598124264e-16
0.0,0.0,1.44541228764e-07
0.0,0.0,3.8556326926e-18
0.0,0.0,2.93339026982e-10
0.0,0.0,3.15864087372e-19
0.0,1.0,0.999998576688
0.0,0.0,1.3991545818e-16
0.0,0.0,1.7913139977e-23
0.0,0.0,2.56038062668e-20
0.0,0.0,1.29029248609e-18
0.0,0.0,2.62179917722e-11
0.0,0.0,3.82178890167e-16
0.0,0.0,1.31217972578e-14
0.0,0.0,4.31849166652e-15
0.0,0.0,6.49974328605e-25
0.0,0.0,3.46470768595e-18
0.0,1.0,1.0
0.0,1.0,0.705122509543
0.0,0.0,3.18499704812e-15
0.0,0.0,8.29213828577e-22
0.0,0.0,1.45499223535e-18
0.0,0.0,3.45172769165e-13
0.0,0.0,5.04046817739e-19
0.0,0.0,5.37307585256e-15
0.0,0.0,2.11548925794e-17
0.0,0.0,8.95688921944e-18
0.0,1.0,0.999999999996
0.0,0.0,2.85550568344e-05
0.0,0.0,0.00690327355699
0.0,0.0,0.030802324417
0.0,0.0,2.0415872894e-14
0.0,0.0,2.41593415439e-17
0.0,0.0,1.40533912037e-13
0.0,1.0,1.0
0.0,1.0,1.0
0.0,0.0,2.95574565816e-10
0.0,0.0,4.50475722021e-15
0.0,0.0,2.41220274791e-20
0.0,0.0,3.57918531151e-22
0.0,0.0,4.36077010748e-18
0.0,0.0,2.24230564004e-11
0.0,0.0,3.29288828688e-08
0.0,0.0,0.00204243791053
0.0,0.0,5.49916627342e-21
0.0,0.0,1.18257820767e-28
0.0,0.0,3.44823474563e-17
0.0,0.0,1.62635977212e-13
0.0,0.0,1.75337656339e-32
0.0,1.0,1.0
0.0,0.0,3.42998141056e-21
0.0,0.0,1.58281012495e-15
0.0,1.0,1.0
0.0,1.0,1.0
0.0,0.0,8.46496958366e-14
0.0,1.0,0.950524339046
0.0,0.0,7.72230095509e-12
0.0,0.0,3.19330838417e-17
0.0,0.0,6.83384479699e-14
0.0,0.0,1.94678589589e-10
0.0,0.0,3.5696102366e-12
0.0,0.0,2.27714842607e-16
0.0,0.0,8.68388246934e-14
0.0,0.0,2.04060015255e-16
0.0,0.0,1.27319817113e-14
0.0,1.0,0.973108345575
0.0,0.0,9.52816534182e-13
0.0,1.0,0.999815083698
0.0,0.0,1.18838371764e-07
0.0,0.0,2.6824636106e-13
0.0,0.0,2.08332274802e-13
0.0,0.0,1.51999260748e-06
0.0,1.0,0.999971542194
0.0,0.0,5.73690721037e-13
0.0,0.0,1.85824538981e-09
0.0,0.0,1.36683235952e-16
0.0,0.0,7.58614911275e-06
0.0,1.0,1.0
0.0,0.0,2.35488753992e-09
0.0,1.0,1.0
0.0,0.0,2.00723634982e-17
0.0,0.0,2.24550237206e-08
0.0,0.0,4.38410855974e-09
0.0,0.0,1.44028212096e-13
0.0,0.0,1.03949337694e-20
0.0,0.0,0.430063390101
0.0,0.0,5.3346449811e-06
0.0,0.0,1.05285863952e-15
0.0,0.0,0.133855591761
0.0,0.0,2.75062265866e-19
0.0,0.0,9.65409464113e-12
0.0,1.0,0.655800156188
0.0,0.0,1.16907540165e-10
0.0,0.0,2.34094437618e-14
0.0,1.0,0.999097420028
0.0,0.0,2.07167489209e-12
0.0,0.0,5.0575511372e-15
0.0,0.0,1.17041002341e-15
0.0,0.0,1.13241788169e-14
0.0,0.0,3.73594544521e-20
0.0,0.0,6.03047044311e-12
0.0,0.0,1.18195817206e-16
0.0,0.0,1.95731219676e-18
0.0,0.0,1.57170985489e-17
0.0,0.0,3.3221576468e-08
0.0,0.0,1.45208613048e-15
0.0,0.0,2.24989668886e-20
0.0,0.0,1.3608618634e-11
0.0,0.0,0.0109849901932
0.0,0.0,7.98625013219e-10
0.0,0.0,6.37503484408e-16
0.0,1.0,0.999939898321
0.0,0.0,3.06440672847e-08
0.0,0.0,3.36676585073e-17
0.0,0.0,7.08023579111e-10
0.0,0.0,9.47541745689e-19
0.0,0.0,8.12461114708e-18
0.0,0.0,9.03940271252e-17
0.0,0.0,2.27625815501e-12
0.0,0.0,1.27185486775e-13
0.0,0.0,2.79972070198e-08
0.0,0.0,6.03436121081e-17
0.0,0.0,9.10688544055e-17
0.0,1.0,1.0
0.0,0.0,0.0571342829565
0.0,0.0,6.17331397719e-14
0.0,0.0,3.96502326556e-11
0.0,0.0,9.83464760533e-20
0.0,0.0,9.75836599843e-11
0.0,0.0,3.6572415554e-14
0.0,1.0,1.0
0.0,0.0,8.2520019813e-15
0.0,0.0,1.20379680634e-24
0.0,0.0,9.7293639915e-18
0.0,0.0,4.09746012685e-05
0.0,0.0,5.1315351059e-06
0.0,0.0,2.52703374042e-28
0.0,1.0,1.0
0.0,1.0,0.999999914884
0.0,0.0,4.83116851339e-18
0.0,0.0,6.85292740166e-07
0.0,0.0,2.52667295952e-12
0.0,0.0,1.40750632863e-17
0.0,0.0,3.02556616197e-15
0.0,0.0,0.0385713076541
0.0,0.0,0.0095525907369
0.0,0.0,2.7463006066e-12
0.0,0.0,6.91198609015e-13
0.0,0.0,1.04968334697e-13
0.0,0.0,6.0535076078e-16
0.0,0.0,1.01268152945e-16
0.0,0.0,9.4771884432e-11
0.0,0.0,4.46275868151e-18
0.0,1.0,1.0
0.0,0.0,5.21685613195e-17
0.0,0.0,1.42409191216e-11
0.0,0.0,5.04023315222e-16
0.0,1.0,0.9995681417
0.0,0.0,6.04826464125e-17
0.0,0.0,8.17287705493e-18
0.0,0.0,2.02716981772e-20
0.0,0.0,2.02815071533e-15
0.0,0.0,2.52497583688e-17
0.0,0.0,1.21848622506e-24
0.0,0.0,2.71508738786e-17
0.0,0.0,9.53540980905e-18
0.0,0.0,9.40338687534e-17
0.0,1.0,1.0
0.0,0.0,9.15979692732e-18
0.0,0.0,2.5008646351e-08
0.0,1.0,1.0
0.0,0.0,1.37700083987e-06
0.0,0.0,3.55042162131e-12
0.0,0.0,0.00225091314815
0.0,1.0,0.999999406473
0.0,0.0,9.06588945812e-12
0.0,1.0,1.0
0.0,1.0,0.997544319176
0.0,0.0,9.61900272001e-20
0.0,0.0,1.24013735344e-07
0.0,1.0,0.999999829974
0.0,0.0,4.17289428403e-25
0.0,0.0,3.00102655692e-28
0.0,0.0,1.71988564253e-14
0.0,0.0,2.97718110271e-17
0.0,0.0,6.10552930463e-13
0.0,0.0,7.64321505136e-14
0.0,0.0,1.73931475818e-12
0.0,0.0,7.52542064722e-22
0.0,0.0,2.12610715825e-18
0.0,0.0,2.08349406862e-18
0.0,0.0,3.16490359661e-13
0.0,0.0,0.0015001341286
0.0,0.0,1.68844953677e-17
0.0,0.0,1.52432864322e-13
0.0,0.0,5.00584982036e-09
0.0,1.0,0.958692003229
0.0,0.0,9.69110224732e-18
0.0,0.0,2.57720237776e-19
0.0,0.0,9.41336309296e-12
0.0,1.0,1.0
0.0,0.0,2.03377573504e-17
0.0,1.0,0.999993240282
0.0,0.0,6.00933733652e-11
0.0,1.0,0.999999616717
0.0,1.0,0.999932740085
0.0,1.0,0.999999999993
0.0,0.0,1.07457617416e-17
0.0,1.0,0.999999999997
0.0,0.0,8.87262173251e-23
0.0,0.0,3.91138229497e-14
0.0,0.0,4.80541283347e-11
0.0,0.0,3.28405119815e-19
0.0,0.0,6.38020916663e-33
0.0,0.0,0.199955962332
0.0,0.0,8.18935379154e-11
0.0,1.0,1.0
0.0,0.0,4.31943691101e-17
0.0,0.0,5.50412152553e-19
0.0,0.0,6.73583423985e-20
0.0,0.0,6.03588283666e-15
0.0,0.0,5.07654718303e-13
0.0,0.0,5.60089608855e-15
0.0,0.0,2.85443941378e-08
0.0,0.0,2.08908315983e-17
0.0,0.0,3.91715248308e-08
0.0,1.0,1.0
0.0,0.0,5.71908388525e-19
0.0,1.0,0.894662734625
0.0,1.0,0.99269064877
0.0,0.0,5.86547203688e-14
0.0,1.0,1.0
0.0,1.0,1.0
0.0,0.0,2.00109575647e-10
0.0,0.0,1.8518200525e-08
0.0,0.0,2.05340003374e-06
0.0,1.0,0.99999996731
0.0,0.0,1.14943029713e-17
0.0,0.0,1.47894835187e-29
0.0,0.0,1.11882409911e-13
0.0,0.0,9.9378475143e-23
0.0,0.0,4.59747595425e-15
0.0,1.0,1.0
0.0,0.0,1.59965902423e-15
0.0,0.0,7.4646703632e-19
0.0,0.0,8.79467772392e-19
0.0,1.0,0.999999949927
0.0,0.0,8.21369112195e-05
0.0,0.0,2.56644165798e-12
0.0,0.0,1.75141137252e-28
0.0,0.0,1.60397556409e-17
0.0,1.0,0.999999983433
0.0,0.0,8.94254216845e-08
0.0,0.0,5.37965442058e-12
0.0,1.0,1.0
0.0,0.0,1.01688876805e-26
0.0,0.0,2.04756127241e-14
0.0,0.0,8.03539218353e-12
0.0,0.0,0.485016365947
0.0,0.0,1.1019293978e-20
0.0,1.0,0.999852925859
0.0,0.0,2.02330125979e-09
0.0,1.0,0.999861074657
0.0,1.0,1.0
0.0,0.0,1.77541715995e-09
0.0,0.0,3.38324788414e-09
0.0,0.0,1.59042098978e-14
0.0,1.0,0.999999978302
0.0,0.0,6.82919299632e-07
0.0,1.0,0.999999996405
0.0,0.0,1.38570834887e-14
0.0,0.0,2.93294669141e-10
0.0,0.0,1.06620194774e-12
0.0,0.0,5.00358120932e-20
0.0,0.0,5.17374331776e-17
0.0,1.0,0.994494154778
0.0,0.0,8.06455422051e-22
0.0,1.0,1.0
0.0,1.0,0.999999999455
0.0,1.0,1.0
0.0,1.0,1.0
0.0,0.0,8.30371355511e-13
0.0,0.0,3.26540135426e-21
0.0,0.0,1.82700708002e-14
0.0,0.0,6.63002336317e-23
0.0,0.0,0.00713304737223
0.0,1.0,0.998772312812
0.0,0.0,6.61630375556e-19
0.0,0.0,4.8278313783e-11
0.0,0.0,4.80593654686e-14
0.0,1.0,0.999814403347
0.0,1.0,1.0
0.0,1.0,1.0
0.0,0.0,4.35327088536e-11
0.0,1.0,1.0
0.0,1.0,0.999999396787
0.0,0.0,4.92830319066e-21
0.0,1.0,1.0
0.0,1.0,1.0
0.0,1.0,0.999999999404
0.0,0.0,2.06555839935e-19
0.0,0.0,1.29473889197e-14
0.0,0.0,1.35440708374e-08
0.0,0.0,2.87990893527e-19
0.0,0.0,4.82537133932e-11
0.0,0.0,4.27416497032e-24
0.0,0.0,3.0331045787e-17
0.0,1.0,1.0
0.0,1.0,0.999999998868
0.0,0.0,1.72999039289e-22
0.0,0.0,1.11429644625e-15
0.0,1.0,1.0
0.0,0.0,0.0590002899858
0.0,0.0,3.21293797854e-10
0.0,0.0,5.36249174677e-15
0.0,0.0,2.81370812618e-19
0.0,0.0,4.69188116173e-19
0.0,0.0,0.157196611205
0.0,0.0,2.8805292578e-25
0.0,1.0,1.0
0.0,1.0,0.999999998518
0.0,1.0,0.999995491235
0.0,0.0,9.12615704406e-14
0.0,0.0,2.68530309246e-14
0.0,0.0,1.1308765335e-27
0.0,0.0,7.25343237993e-08
0.0,0.0,5.03881057815e-13
0.0,0.0,0.27516198422
0.0,0.0,5.33322547568e-15
0.0,0.0,9.93708403796e-19
0.0,0.0,0.0111074848922
0.0,0.0,2.20706686841e-19
0.0,0.0,1.04053311857e-13
0.0,1.0,0.999998852212
0.0,0.0,1.08741635104e-22
0.0,1.0,0.999999996382
0.0,0.0,1.14855263501e-26
0.0,0.0,3.86485552569e-17
0.0,1.0,1.0
0.0,0.0,0.0510733254718
0.0,0.0,7.67327740568e-13
0.0,0.0,5.77877348086e-10
0.0,0.0,1.99451715484e-17
0.0,0.0,6.30010346362e-14
0.0,1.0,0.999999999997
0.0,0.0,1.20603866323e-08
0.0,0.0,2.07880943019e-08
0.0,0.0,2.21009023064e-15
0.0,0.0,1.28733995574e-20
0.0,0.0,1.45013011212e-19
0.0,0.0,1.376664702e-14
0.0,0.0,1.58353998849e-13
0.0,0.0,6.34092343183e-14
0.0,0.0,1.24192901903e-12
0.0,1.0,1.0
0.0,0.0,0.0778369689125
0.0,1.0,1.0
0.0,0.0,0.00279926398935
0.0,0.0,9.88502362554e-11
0.0,0.0,5.08769040683e-17
0.0,0.0,1.4584426806e-15
0.0,0.0,1.29516723124e-25
0.0,0.0,1.14214760567e-21
0.0,0.0,2.89107537204e-19
0.0,0.0,5.9174106949e-14
0.0,0.0,1.99600519941e-18
0.0,1.0,1.0
0.0,1.0,1.0
0.0,0.0,7.1266658308e-14
0.0,0.0,2.2191547142e-14
0.0,0.0,1.99827848115e-13
0.0,0.0,0.344955309263
0.0,0.0,4.13110278368e-21
0.0,0.0,6.6574773536e-15
0.0,0.0,1.77668085985e-10
0.0,1.0,1.0
0.0,0.0,3.96598481373e-11
0.0,0.0,2.63750353302e-17
0.0,0.0,0.000183514752779
0.0,0.0,3.53673121436e-13
0.0,1.0,1.0
0.0,0.0,1.42740808159e-15
0.0,0.0,1.91600028801e-14
0.0,0.0,1.35694277084e-14
0.0,0.0,1.49297254498e-19
0.0,1.0,0.998383024358
0.0,0.0,1.91079732572e-14
0.0,0.0,5.31103875322e-19
0.0,1.0,0.999933262553
0.0,0.0,7.35168148372e-16
0.0,0.0,1.40480819282e-15
0.0,0.0,1.59650019022e-25
0.0,1.0,0.999999999048
0.0,0.0,2.30402069071e-12
0.0,0.0,4.98043793254e-24
0.0,0.0,1.32126502322e-13
0.0,0.0,2.81776469444e-19
0.0,1.0,1.0
0.0,0.0,1.01811838191e-12
0.0,0.0,2.17417400949e-13
0.0,0.0,4.61627009513e-15
0.0,0.0,9.48723906449e-16
0.0,0.0,1.9134746696e-18
0.0,0.0,1.31711689145e-14
0.0,0.0,2.61318820959e-20
0.0,0.0,1.0188616217e-28
0.0,0.0,4.85020891519e-24
0.0,0.0,3.41234598424e-18
0.0,0.0,3.52269019033e-14
0.0,0.0,1.05063373384e-17
0.0,0.0,3.19719761951e-13
0.0,0.0,8.33508690052e-24
0.0,0.0,1.80900292016e-06
0.0,0.0,1.04513494583e-20
0.0,0.0,5.42700694963e-21
0.0,0.0,7.89224494575e-20
0.0,0.0,1.71275184442e-09
0.0,0.0,9.5683090349e-26
0.0,0.0,2.16389627916e-16
0.0,0.0,4.4846279919e-19
0.0,0.0,3.15618836124e-16
0.0,0.0,4.06145048569e-15
0.0,0.0,0.468978121605
0.0,1.0,0.973273910337
0.0,0.0,1.18728535823e-05
0.0,0.0,1.1298086181e-13
0.0,0.0,2.24915056742e-10
0.0,0.0,4.95981320249e-19
0.0,0.0,4.42823323471e-26
0.0,0.0,1.7491806102e-22
0.0,0.0,1.01969171618e-11
0.0,0.0,3.54914329182e-10
0.0,0.0,1.85596666942e-22
0.0,0.0,1.1775093656e-18
0.0,0.0,2.98155296196e-13
0.0,0.0,1.00687799568e-35
0.0,0.0,9.89568681431e-21
0.0,0.0,1.69198294685e-15
0.0,0.0,1.76271885525e-14
0.0,0.0,1.1869002419e-15
0.0,0.0,1.88020821444e-18
0.0,0.0,0.00377303836755
0.0,0.0,8.09116189785e-12
0.0,0.0,5.40387820376e-19
0.0,0.0,5.88897066828e-12
0.0,0.0,9.57873746654e-20
0.0,0.0,3.87449988325e-15
0.0,0.0,0.000343446898151
0.0,0.0,9.890131685e-13
0.0,0.0,2.1510945304e-14
0.0,0.0,1.95512020074e-22
0.0,0.0,1.84265320707e-23
0.0,0.0,7.68747065514e-17
0.0,0.0,6.04125626535e-11
0.0,0.0,5.12880678036e-11
0.0,0.0,1.21672664976e-06
0.0,0.0,3.23909679537e-15
0.0,0.0,0.0827382954769
0.0,0.0,8.70857857191e-23
0.0,0.0,5.35947035385e-15
0.0,1.0,1.0
0.0,1.0,1.0
0.0,0.0,3.63506501044e-16
0.0,0.0,9.84428720929e-28
0.0,0.0,1.40473284156e-14
0.0,0.0,4.63264745722e-16
0.0,0.0,4.20835682279e-19
0.0,0.0,1.20884569756e-14
0.0,1.0,0.999681273947
0.0,0.0,6.38942493278e-17
0.0,1.0,0.999949942164
0.0,0.0,1.33462314205e-05
0.0,0.0,4.16078668839e-18
0.0,0.0,9.06804161415e-17
0.0,0.0,1.2948218613e-19
0.0,0.0,2.95605075208e-29
0.0,1.0,0.81711902704
0.0,0.0,2.34982161029e-21
0.0,1.0,1.0
0.0,0.0,3.22720107791e-22
0.0,0.0,2.19931098476e-11
0.0,1.0,0.999816333287
0.0,1.0,0.99966639205
0.0,0.0,3.84630132742e-09
0.0,0.0,1.06632483761e-12
0.0,0.0,8.40379952913e-18
0.0,0.0,1.19275494064e-20
0.0,0.0,1.49257442289e-09
0.0,0.0,5.27510928283e-18
0.0,0.0,1.72162920266e-12
0.0,0.0,7.84326298595e-16
0.0,0.0,8.53539121187e-14
0.0,0.0,8.55108541239e-18
0.0,0.0,3.53556133928e-13
0.0,0.0,1.30243988522e-08
0.0,0.0,1.00860811881e-13
0.0,0.0,9.17430647029e-17
0.0,0.0,6.26040826097e-12
0.0,0.0,9.13570028677e-18
0.0,0.0,1.19146904457e-16
0.0,0.0,6.58643108028e-11
0.0,0.0,3.30024807921e-14
0.0,1.0,0.999999999728
0.0,1.0,0.999999999982
0.0,1.0,0.999999999906
0.0,0.0,1.1648371338e-07
0.0,0.0,1.85486067124e-16
0.0,0.0,2.48016960558e-26
0.0,1.0,1.0
0.0,0.0,1.3908880792e-23
0.0,1.0,0.999999999999
0.0,0.0,3.40321283782e-19
0.0,0.0,4.02688349796e-14
0.0,0.0,5.38271814551e-21
0.0,1.0,1.0
0.0,0.0,1.09544874729e-14
0.0,0.0,1.22356263556e-17
0.0,1.0,0.942809819305
0.0,0.0,8.99922887069e-16
0.0,0.0,5.6277690265e-21
0.0,0.0,2.30781000072e-11
0.0,0.0,3.40953915449e-16
0.0,0.0,1.91424461633e-08
0.0,1.0,0.99999999989
0.0,0.0,0.038841748176
0.0,0.0,1.20840356096e-15
0.0,0.0,9.72458358096e-22
0.0,0.0,1.92538652719e-10
0.0,0.0,1.15291683886e-20
0.0,0.0,2.08136491927e-16
0.0,0.0,2.19620924841e-13
0.0,0.0,8.9094863479e-21
0.0,0.0,8.46328449804e-19
0.0,0.0,1.04874050239e-19
0.0,0.0,4.27109754253e-18
0.0,0.0,1.14504209312e-22
0.0,0.0,1.54489327163e-15
0.0,0.0,4.06696703345e-15
0.0,0.0,9.37972013403e-23
0.0,0.0,4.86372298018e-18
0.0,0.0,7.3347493203e-17
0.0,0.0,9.72372541234e-16
0.0,0.0,7.3804415629e-25
0.0,0.0,1.94241531196e-10
0.0,0.0,8.00028429887e-17
0.0,0.0,2.26373817076e-11
0.0,0.0,6.76136561626e-07
0.0,1.0,1.0
0.0,0.0,2.31584704661e-17
0.0,0.0,7.65740180518e-07
0.0,0.0,9.58438734993e-18
0.0,0.0,6.60724166472e-25
0.0,0.0,5.54532901571e-10
0.0,0.0,8.58152791487e-06
0.0,1.0,0.989440884598
0.0,0.0,0.000180879981563
0.0,0.0,2.24277025558e-15
0.0,0.0,1.04907590361e-12
0.0,0.0,2.11324045048e-15
0.0,0.0,0.00289552954772
0.0,0.0,5.10160158688e-13
0.0,0.0,9.46712516145e-18
0.0,0.0,2.09857908736e-17
0.0,0.0,4.01484376468e-13
0.0,1.0,1.0
0.0,1.0,0.998475233823
0.0,0.0,2.34053546126e-11
0.0,0.0,4.32150030037e-10
0.0,0.0,1.66764196353e-20
0.0,0.0,0.000349089064538
0.0,0.0,7.83041784508e-24
0.0,1.0,0.98389221798
0.0,0.0,3.20746796074e-16
0.0,0.0,1.0553882267e-18
0.0,0.0,0.000101005252429
0.0,1.0,0.999999753806
0.0,1.0,1.0
0.0,1.0,0.999988027719
0.0,0.0,4.53452279069e-14
0.0,0.0,1.81891595879e-10
0.0,0.0,3.96689678019e-08
0.0,0.0,6.6291877424e-12
0.0,1.0,0.999999993705
0.0,0.0,2.71528302192e-07
0.0,0.0,0.0320514053288
0.0,0.0,2.0313082541e-13
0.0,1.0,0.99999999986
0.0,0.0,1.16644714829e-13
0.0,0.0,5.20785133616e-19
0.0,0.0,1.89474324411e-19
0.0,1.0,0.999999555499
0.0,0.0,3.1238831771e-20
0.0,0.0,4.63270199112e-21
0.0,0.0,6.5507943047e-12
0.0,0.0,5.41384898209e-14
0.0,0.0,2.04029604065e-11
0.0,1.0,0.999877008345
0.0,0.0,5.13708201252e-14
0.0,0.0,1.07901717792e-25
0.0,0.0,4.09496038272e-20
0.0,0.0,1.16760122962e-13
0.0,0.0,1.19146122809e-11
0.0,0.0,1.0938931622e-20
0.0,0.0,6.22703868647e-24
0.0,0.0,5.9112343039e-19
0.0,0.0,1.22479883076e-19
0.0,0.0,2.75468563067e-15
0.0,0.0,2.88215859355e-20
0.0,0.0,7.43385511592e-14
0.0,0.0,1.69700549834e-10
0.0,1.0,0.999994303379
0.0,1.0,0.999999999853
0.0,0.0,1.11344694929e-21
0.0,1.0,0.999999999539
0.0,0.0,2.00681347775e-13
0.0,0.0,3.7237473466e-13
0.0,0.0,1.78688088015e-20
0.0,0.0,6.8106049943e-17
0.0,1.0,0.767675874775
0.0,0.0,1.28773487518e-16
0.0,0.0,7.61337379555e-25
0.0,0.0,0.0548101554351
0.0,0.0,1.39885741404e-22
0.0,0.0,7.15919992379e-17
0.0,0.0,0.00420688741689
0.0,0.0,1.17028750148e-10
0.0,0.0,2.38469227956e-11
0.0,0.0,1.25192350486e-24
0.0,0.0,1.88146194503e-22
0.0,0.0,0.0261579121163
0.0,0.0,1.35643521601e-13
0.0,0.0,2.36255700174e-17
0.0,0.0,1.3878773063e-17
0.0,0.0,7.07615420881e-09
0.0,1.0,1.0
0.0,0.0,1.36155165558e-13
0.0,0.0,5.21841106258e-12
0.0,0.0,5.08799848713e-09
0.0,0.0,1.78390556707e-19
0.0,0.0,2.76259691924e-18
0.0,0.0,3.23824910055e-12
0.0,0.0,5.8458476922e-16
0.0,1.0,1.0
0.0,0.0,6.90652184139e-16
0.0,0.0,5.00040306995e-23
0.0,0.0,3.68340784539e-12
0.0,0.0,2.240544952e-16
0.0,1.0,1.0
0.0,1.0,0.999999409404
0.0,1.0,1.0
0.0,0.0,1.51461811029e-17
0.0,0.0,1.66134726808e-18
0.0,1.0,1.0
0.0,1.0,0.999999999999
0.0,0.0,4.67816351908e-12
0.0,1.0,0.991981971267
0.0,0.0,1.24681633731e-14
0.0,1.0,0.999999936288
0.0,0.0,3.93811900381e-18
0.0,0.0,6.035384643e-11
0.0,0.0,4.78960135069e-12
0.0,0.0,4.3511183551e-19
0.0,0.0,5.74642806414e-16
0.0,0.0,2.8791913952e-11
0.0,0.0,3.35799766538e-16
0.0,0.0,2.14551349669e-19
0.0,0.0,1.42628734275e-14
0.0,0.0,3.74827254306e-13
0.0,0.0,4.43157061038e-21
0.0,0.0,1.01978821985e-10
0.0,0.0,5.55935759479e-13
0.0,1.0,0.997797898715
0.0,1.0,1.0
0.0,0.0,0.424283784214
0.0,0.0,3.54709239889e-11
0.0,1.0,1.0
0.0,0.0,8.11467689593e-17
0.0,0.0,1.34496705665e-10
0.0,1.0,0.994988848387
0.0,0.0,2.17322725744e-16
0.0,1.0,1.0
0.0,0.0,8.45699557676e-26
0.0,1.0,0.999995413466
0.0,0.0,6.95430835911e-11
0.0,0.0,0.0416696033715
0.0,1.0,0.999999999901
0.0,0.0,5.77839259482e-14
0.0,1.0,1.0
0.0,0.0,5.28178123974e-17
0.0,0.0,2.25598835822e-11
0.0,1.0,0.999997930856
0.0,0.0,7.04583508385e-17
0.0,0.0,1.72262428327e-17
0.0,0.0,3.14629142301e-13
0.0,0.0,1.90091353779e-16
0.0,0.0,9.69749232383e-26
0.0,0.0,2.84105140648e-08
0.0,0.0,1.01928627152e-26
0.0,1.0,0.999959611854
0.0,1.0,1.0
0.0,0.0,1.47323958337e-12
0.0,1.0,1.0
0.0,0.0,2.61503149526e-16
0.0,0.0,1.61362993333e-22
0.0,0.0,4.25027591143e-17
0.0,1.0,0.999843128713
0.0,1.0,0.999792653698
0.0,0.0,8.29495542864e-14
0.0,0.0,3.93215237153e-13
0.0,1.0,0.699027164418
0.0,1.0,1.0
0.0,0.0,4.41279358423e-12
0.0,1.0,1.0
0.0,0.0,2.44048160975e-22
0.0,1.0,1.0
0.0,0.0,4.05856140449e-17
0.0,1.0,0.999999999857
0.0,0.0,7.43581178832e-10
0.0,1.0,1.0
0.0,1.0,1.0
0.0,0.0,2.01104674588e-15
0.0,0.0,1.95477027494e-15
0.0,1.0,0.591549735843
0.0,0.0,5.34290629221e-09
0.0,0.0,1.52530115166e-15
0.0,0.0,1.23538043071e-11
0.0,0.0,1.82507557139e-10
0.0,1.0,1.0
0.0,0.0,2.21333076057e-14
0.0,1.0,0.999980564185
0.0,0.0,1.20624826372e-14
0.0,1.0,1.0
0.0,0.0,1.20589101377e-18
0.0,0.0,0.000288868973026
0.0,0.0,1.93265250307e-06
0.0,0.0,1.32376132597e-18
0.0,0.0,3.9067797716e-15
0.0,0.0,1.07166964204e-11
0.0,1.0,0.999999999853
0.0,0.0,2.89205485766e-19
0.0,1.0,0.999999344697
0.0,0.0,6.07434950715e-14
0.0,1.0,0.999997882815
0.0,0.0,1.32333574635e-12
0.0,0.0,9.85259802518e-23
0.0,1.0,1.0
0.0,0.0,6.90972803133e-05
0.0,0.0,1.13922871179e-16
0.0,0.0,1.20247824575e-13
0.0,0.0,9.85611046537e-17
0.0,0.0,1.62859164766e-07
0.0,1.0,1.0
0.0,0.0,1.24256654172e-13
0.0,0.0,1.22392462271e-10
0.0,1.0,1.0
0.0,0.0,3.38339466355e-18
0.0,0.0,3.1355501337e-26
0.0,1.0,0.999999000213
0.0,0.0,1.74868613471e-15
0.0,0.0,5.30942909526e-15
0.0,0.0,2.68335256593e-15
0.0,0.0,0.322534198789
0.0,1.0,0.97437383749
0.0,0.0,3.32397527862e-27
0.0,0.0,8.61495943249e-20
0.0,0.0,4.04250533466e-11
0.0,0.0,2.02033944672e-17
0.0,1.0,0.999999997201
0.0,0.0,0.098729395236
0.0,0.0,2.70617198124e-14
0.0,0.0,2.19760579951e-19
0.0,0.0,4.00286548039e-08
0.0,0.0,3.51478974606e-22
0.0,0.0,5.32693941984e-25
0.0,0.0,7.71820108632e-16
0.0,0.0,7.11052009585e-20
0.0,1.0,0.999999993937
0.0,0.0,1.76876468314e-16
0.0,0.0,6.07201581994e-16
0.0,0.0,1.27376515915e-18
0.0,1.0,1.0
0.0,0.0,1.16997807463e-20
0.0,1.0,1.0
0.0,0.0,1.61598578091e-21
0.0,1.0,0.999990371538
0.0,1.0,1.0
0.0,0.0,6.93774188878e-20
0.0,0.0,4.48946382031e-15
0.0,0.0,2.28291442363e-14
0.0,0.0,2.60564936261e-26
0.0,1.0,1.0
0.0,0.0,2.17407609309e-05
0.0,1.0,0.831683677795
0.0,0.0,1.49278000647e-10
0.0,0.0,1.69310808846e-25
0.0,0.0,5.94566230075e-11
0.0,0.0,9.82570177299e-17
0.0,1.0,1.0
0.0,1.0,1.0
0.0,0.0,6.87134226066e-19
0.0,1.0,0.782599453612
0.0,0.0,7.21252264705e-24
0.0,1.0,1.0
0.0,0.0,0.0337133127353
0.0,0.0,3.48490839916e-13
0.0,1.0,0.999979958335
0.0,1.0,1.0
0.0,0.0,4.48208028587e-17
0.0,0.0,1.42764817263e-14
0.0,0.0,5.68796942075e-10
0.0,0.0,5.98054097149e-22
0.0,1.0,0.996600859233
0.0,0.0,3.34741855848e-22
0.0,1.0,1.0
0.0,1.0,1.0
0.0,1.0,1.0
0.0,1.0,0.914278855887
0.0,0.0,8.25336963878e-24
0.0,0.0,6.24546721299e-12
0.0,0.0,9.4129012755e-23
0.0,0.0,7.66342504583e-13
0.0,0.0,7.47335273681e-16
0.0,1.0,1.0
0.0,1.0,1.0
0.0,1.0,0.999366682324
0.0,0.0,1.51546087866e-20
0.0,1.0,1.0
0.0,1.0,1.0
0.0,1.0,1.0
0.0,0.0,1.35135024163e-25
0.0,0.0,2.22963084864e-15
0.0,1.0,0.999974315266
0.0,0.0,9.86703131992e-20
0.0,1.0,0.999999997528
0.0,1.0,0.999999970776
0.0,0.0,3.91175740468e-22
0.0,1.0,0.999672857597
0.0,1.0,1.0
0.0,1.0,1.0
0.0,1.0,0.991444705607
0.0,1.0,1.0
0.0,1.0,1.0
0.0,1.0,0.999999245072
0.0,0.0,5.14723971281e-20
0.0,1.0,1.0
0.0,0.0,1.24379678108e-16
0.0,0.0,2.07824016971e-16
0.0,0.0,1.37012101609e-18
0.0,0.0,4.52858598585e-28
0.0,1.0,0.999995330331
0.0,1.0,1.0
0.0,1.0,0.999999936333
0.0,0.0,1.41815776231e-18
0.0,1.0,1.0
0.0,0.0,4.74246009489e-26
0.0,0.0,9.62826699959e-15
0.0,0.0,5.87818575307e-20
0.0,0.0,5.06782535873e-11
0.0,1.0,0.999999999996
0.0,1.0,1.0
0.0,0.0,2.63051203502e-09
0.0,1.0,0.99999999967
0.0,1.0,1.0
0.0,0.0,3.22630854129e-20
0.0,0.0,1.85813444203e-22
0.0,0.0,1.88568221107e-18
0.0,0.0,1.8889018225e-18
0.0,1.0,1.0
0.0,0.0,2.83818030521e-09
0.0,1.0,1.0
0.0,0.0,1.56655515404e-15
0.0,1.0,1.0
0.0,0.0,5.15298149503e-23
0.0,0.0,1.75648005417e-16
0.0,0.0,9.32038462051e-17
0.0,1.0,0.998465401854
0.0,0.0,1.26547627996e-15
0.0,1.0,0.999999999988
0.0,0.0,1.43978178688e-12
0.0,1.0,1.0
0.0,1.0,1.0
0.0,0.0,1.02386815803e-16
0.0,0.0,1.29025723316e-23
0.0,0.0,5.3604419556e-19
0.0,1.0,0.99999999999
0.0,1.0,1.0
0.0,1.0,1.0
0.0,0.0,1.73698598812e-10
0.0,0.0,2.23295124873e-07
0.0,0.0,6.9960472354e-07
0.0,1.0,1.0
0.0,1.0,0.999056093498
0.0,1.0,0.999999999996
0.0,1.0,1.0
0.0,1.0,1.0
0.0,0.0,1.05551048843e-12
0.0,0.0,3.73464827243e-18
0.0,0.0,3.13761167355e-17
0.0,0.0,9.65627732146e-17
0.0,1.0,0.996195604196
0.0,0.0,1.28096650012e-19
0.0,1.0,0.999999999987
0.0,0.0,5.43398859559e-26
0.0,0.0,6.2936926752e-19
0.0,1.0,1.0
0.0,1.0,0.999999759851
0.0,0.0,1.80203503759e-26
0.0,1.0,1.0
0.0,0.0,1.92134285661e-22
0.0,0.0,4.34947797922e-15
0.0,1.0,0.968166600904
0.0,1.0,1.0
0.0,1.0,0.913604192722
0.0,0.0,8.02318679545e-146
0.0,0.0,2.73625358145e-18
0.0,1.0,0.929185507462
0.0,1.0,0.999101591761
0.0,0.0,8.04518629507e-13
0.0,0.0,1.01767676468e-10
0.0,0.0,5.90118026432e-10
0.0,0.0,1.80428948844e-18
0.0,0.0,4.38167160918e-20
0.0,0.0,7.55614482217e-18
0.0,0.0,4.56197584836e-06
0.0,0.0,5.1645550228e-15
0.0,0.0,3.40049706497e-24
0.0,0.0,4.8646514667e-19
0.0,0.0,4.83974610047e-12
0.0,0.0,1.29133551806e-07
0.0,0.0,1.62599111943e-06
0.0,0.0,1.12381816097e-16
0.0,0.0,1.92725645454e-17
0.0,0.0,3.31944903547e-17
0.0,0.0,9.92716053677e-22
0.0,1.0,1.0
0.0,0.0,2.36762045873e-15
0.0,1.0,0.99914309471
0.0,0.0,3.17911345898e-22
0.0,0.0,1.69665317753e-22
0.0,0.0,3.9735558301e-11
0.0,0.0,2.01608058066e-14
0.0,0.0,6.58354807431e-11
0.0,0.0,4.60513470842e-17
0.0,1.0,0.99999999965
0.0,0.0,2.5556901609e-08
0.0,0.0,1.45529821781e-16
0.0,0.0,9.91876354354e-12
0.0,0.0,0.000218946559891
0.0,1.0,1.0
0.0,0.0,1.75764848876e-14
0.0,0.0,3.69172736119e-31
0.0,0.0,4.25640506992e-14
0.0,1.0,0.999508195301
0.0,0.0,6.61006169522e-16
0.0,0.0,0.0237004377999
0.0,0.0,1.02899391081e-20
0.0,0.0,1.02480622793e-22
0.0,0.0,1.6643185282e-14
0.0,0.0,1.09828468289e-15
0.0,0.0,1.58944056878e-18
0.0,0.0,1.4623684083e-13
0.0,1.0,0.999999638281
0.0,1.0,0.545278260428
0.0,0.0,6.18795238433e-13
0.0,0.0,3.67288705677e-19
0.0,0.0,3.55695878838e-20
0.0,0.0,1.87408911617e-20
0.0,0.0,4.33651207454e-14
0.0,0.0,1.51202099544e-07
0.0,0.0,3.35125008763e-20
0.0,0.0,1.20502217961e-15
0.0,0.0,2.14337921975e-15
0.0,0.0,6.15177978858e-18
0.0,0.0,1.34876590758e-19
0.0,0.0,2.48394941885e-13
0.0,0.0,4.85973513852e-10
0.0,0.0,4.25075173813e-08
0.0,0.0,0.00013566365341
0.0,0.0,2.7585627485e-12
0.0,0.0,1.24768780745e-20
0.0,0.0,2.06892605599e-12
0.0,0.0,2.15133778528e-13
0.0,1.0,0.939056098714
0.0,0.0,1.38859647322e-12
0.0,0.0,8.93138327561e-10
0.0,0.0,0.000457925642389
0.0,0.0,4.05033558324e-07
0.0,1.0,0.99980975904
0.0,0.0,4.17790379777e-11
0.0,0.0,2.17100834252e-12
0.0,0.0,1.738753887e-20
0.0,0.0,1.4226024011e-15
0.0,0.0,6.35399215242e-20
0.0,0.0,5.86510272313e-18
0.0,0.0,3.39486826257e-23
0.0,0.0,6.12799117049e-10
0.0,0.0,1.30121577372e-12
0.0,0.0,5.64173575137e-16
0.0,0.0,1.10814339357e-15
0.0,0.0,1.69185542351e-23
0.0,1.0,0.996392974497
0.0,0.0,1.3376737098e-15
0.0,0.0,0.00765868129158
0.0,0.0,0.00260766419427
0.0,0.0,1.04274821917e-15
0.0,1.0,0.999999849169
0.0,0.0,5.93419063767e-18
0.0,0.0,2.86120289725e-12
0.0,0.0,1.57638646148e-17
0.0,0.0,2.77943960853e-12
0.0,0.0,7.66192836163e-23
0.0,0.0,5.58939836543e-21
0.0,1.0,0.999999553163
0.0,0.0,1.82683552117e-17
0.0,0.0,1.7127743147e-20
0.0,0.0,5.24998466883e-20
0.0,0.0,1.2789670505e-12
0.0,0.0,1.49297676403e-17
0.0,0.0,3.66765377388e-16
