AA,2.00000,0.00000,-6.60000,-6.82000,-18.40000,-19.00000,-0.90000,-0.93000,0.00000,0.00000,0.02300,0.04000,0.00000,2.00000,3.18000,7.00000,-0.08000,-1.27000,-13.70000,0.00000,-0.80000,31.00000 
AC,1.00000,1.00000,-10.20000,-11.40000,-26.20000,-29.50000,-2.10000,-2.24000,1.00000,0.00000,0.08300,0.14000,0.00000,1.00000,3.24000,4.80000,0.23000,-1.43000,-13.80000,0.00000,0.80000,32.00000 
AG,1.00000,0.00000,-7.60000,-10.48000,-19.20000,-27.10000,-1.70000,-2.08000,1.00000,1.00000,0.03500,0.08000,0.00000,2.00000,3.30000,8.50000,-0.04000,-1.50000,-14.00000,0.00000,0.50000,30.00000 
AU,1.00000,0.00000,-5.70000,-9.38000,-15.50000,-26.70000,-0.90000,-1.10000,0.00000,0.00000,0.09000,0.14000,1.00000,1.00000,3.24000,7.10000,-0.06000,-1.36000,-15.40000,1.00000,1.10000,33.00000 
CA,1.00000,1.00000,-10.50000,-10.44000,-27.80000,-26.90000,-1.80000,-2.11000,1.00000,0.00000,0.11800,0.21000,0.00000,1.00000,3.09000,9.90000,0.11000,-1.46000,-14.40000,0.00000,1.00000,31.00000 
CC,0.00000,2.00000,-12.20000,-13.39000,-29.70000,-32.70000,-2.90000,-3.26000,2.00000,0.00000,0.34900,0.49000,0.00000,0.00000,3.32000,8.70000,-0.01000,-1.78000,-11.10000,0.00000,0.30000,32.00000 
CG,0.00000,1.00000,-8.00000,-10.64000,-19.40000,-26.70000,-2.00000,-2.36000,2.00000,1.00000,0.19300,0.35000,1.00000,1.00000,3.30000,12.10000,0.30000,-1.89000,-15.60000,0.00000,-0.10000,27.00000 
CU,0.00000,1.00000,-7.60000,-10.48000,-19.20000,-27.10000,-1.70000,-2.08000,1.00000,0.00000,0.37800,0.52000,1.00000,0.00000,3.30000,8.50000,-0.04000,-1.50000,-14.00000,1.00000,0.50000,30.00000 
GA,1.00000,0.00000,-13.30000,-12.44000,-35.50000,-32.50000,-2.30000,-2.35000,1.00000,1.00000,0.04800,0.10000,1.00000,2.00000,3.38000,9.40000,0.07000,-1.70000,-14.20000,0.00000,1.30000,32.00000 
GC,0.00000,1.00000,-14.20000,-14.88000,-34.90000,-36.90000,-3.40000,-3.42000,2.00000,1.00000,0.14600,0.26000,1.00000,1.00000,3.22000,6.10000,0.07000,-1.39000,-16.90000,0.00000,0.00000,35.00000 
GG,0.00000,0.00000,-12.20000,-13.39000,-29.70000,-32.70000,-2.90000,-3.26000,2.00000,2.00000,0.06500,0.17000,2.00000,2.00000,3.32000,12.10000,-0.01000,-1.78000,-11.10000,0.00000,0.30000,32.00000 
GU,0.00000,0.00000,-10.20000,-11.40000,-26.20000,-29.50000,-2.10000,-2.24000,1.00000,1.00000,0.16000,0.27000,2.00000,1.00000,3.24000,4.80000,0.23000,-1.43000,-13.80000,1.00000,0.80000,32.00000 
UA,1.00000,0.00000,-8.10000,-7.69000,-22.60000,-20.50000,-1.10000,-1.33000,0.00000,0.00000,0.11200,0.21000,1.00000,1.00000,3.26000,10.70000,-0.02000,-1.45000,-16.00000,1.00000,-0.20000,32.00000 
UC,0.00000,1.00000,-10.20000,-12.44000,-26.20000,-32.50000,-2.10000,-2.35000,1.00000,0.00000,0.35900,0.48000,1.00000,0.00000,3.38000,9.40000,0.07000,-1.70000,-14.20000,1.00000,1.30000,32.00000 
UG,0.00000,0.00000,-7.60000,-10.44000,-19.20000,-26.90000,-1.70000,-2.11000,1.00000,1.00000,0.22400,0.34000,1.00000,1.00000,3.09000,9.90000,0.11000,-1.46000,-14.40000,1.00000,1.00000,31.00000 
UU,0.00000,0.00000,-6.60000,-6.82000,-18.40000,-19.00000,-0.90000,-0.93000,0.00000,0.00000,0.38900,0.44000,2.00000,0.00000,3.18000,7.00000,-0.08000,-1.27000,-13.70000,2.00000,-0.80000,31.00000 
